"tripduration","starttime","stoptime","start station id","start station name","start station latitude","start station longitude","end station id","end station name","end station latitude","end station longitude","bikeid","usertype","birth year","gender"
"1015","2013-12-01 00:00:03","2013-12-01 00:16:58","401","Allen St & Rivington St","40.72019576","-73.98997825","476","E 31 St & 3 Ave","40.74394314","-73.97966069","14729","Subscriber","1979","2"
"962","2013-12-01 00:00:07","2013-12-01 00:16:09","312","Allen St & E Houston St","40.722055","-73.989111","223","W 13 St & 7 Ave","40.73781509","-73.99994661","17871","Subscriber","1970","2"
"768","2013-12-01 00:00:15","2013-12-01 00:13:03","326","E 11 St & 1 Ave","40.72953837","-73.98426726","291","Madison St & Montgomery St","40.713126","-73.984844","18508","Subscriber","1982","2"
"218","2013-12-01 00:00:49","2013-12-01 00:04:27","2021","W 45 St & 8 Ave","40.75929124","-73.98859651","447","8 Ave & W 52 St","40.76370739","-73.9851615","17745","Subscriber","1976","1"
"550","2013-12-01 00:01:28","2013-12-01 00:10:38","439","E 4 St & 2 Ave","40.7262807","-73.98978041","296","Division St & Bowery","40.71413089","-73.9970468","16947","Subscriber","1983","1"
"102","2013-12-01 00:01:43","2013-12-01 00:03:25","457","Broadway & W 58 St","40.76695317","-73.98169333","469","Broadway & W 53 St","40.76344058","-73.98268129","18394","Subscriber","1975","1"
"710","2013-12-01 00:02:20","2013-12-01 00:14:10","268","Howard St & Centre St","40.71910537","-73.99973337","293","Lafayette St & E 8 St","40.73028666","-73.9907647","17832","Subscriber","1984","1"
"698","2013-12-01 00:02:40","2013-12-01 00:14:18","268","Howard St & Centre St","40.71910537","-73.99973337","293","Lafayette St & E 8 St","40.73028666","-73.9907647","17169","Subscriber","1976","2"
"1420","2013-12-01 00:03:02","2013-12-01 00:26:42","380","W 4 St & 7 Ave S","40.73401143","-74.00293877","350","Clinton St & Grand St","40.71559509","-73.9870295","14932","Subscriber","1960","1"
"992","2013-12-01 00:03:25","2013-12-01 00:19:57","379","W 31 St & 7 Ave","40.749156","-73.9916","236","St Marks Pl & 2 Ave","40.7284186","-73.98713956","16435","Subscriber","1992","1"
"704","2013-12-01 00:03:58","2013-12-01 00:15:42","317","E 6 St & Avenue B","40.72453734","-73.98185424","254","W 11 St & 6 Ave","40.73532427","-73.99800419","17665","Subscriber","1982","1"
"418","2013-12-01 00:04:19","2013-12-01 00:11:17","539","Metropolitan Ave & Bedford Ave","40.71534825","-73.96024116","282","Kent Ave & S 11 St","40.70827295","-73.96834101","15182","Subscriber","1983","2"
"716","2013-12-01 00:04:19","2013-12-01 00:16:15","493","W 45 St & 6 Ave","40.7568001","-73.98291153","546","E 30 St & Park Ave S","40.74444921","-73.98303529","17063","Subscriber","1986","1"
"606","2013-12-01 00:04:21","2013-12-01 00:14:27","432","E 7 St & Avenue A","40.72621788","-73.98379855","502","Henry St & Grand St","40.714215","-73.981346","16260","Subscriber","1972","1"
"126","2013-12-01 00:04:28","2013-12-01 00:06:34","237","E 11 St & 2 Ave","40.73047309","-73.98672378","438","St Marks Pl & 1 Ave","40.72779126","-73.98564945","18385","Subscriber","1962","1"
"718","2013-12-01 00:05:21","2013-12-01 00:17:19","284","Greenwich Ave & 8 Ave","40.7390169121","-74.0026376103","377","6 Ave & Canal St","40.72243797","-74.00566443","15885","Subscriber","1980","1"
"720","2013-12-01 00:05:27","2013-12-01 00:17:27","284","Greenwich Ave & 8 Ave","40.7390169121","-74.0026376103","377","6 Ave & Canal St","40.72243797","-74.00566443","15564","Subscriber","1988","1"
"596","2013-12-01 00:05:27","2013-12-01 00:15:23","337","Old Slip & Front St","40.7037992","-74.00838676","291","Madison St & Montgomery St","40.713126","-73.984844","17886","Subscriber","1972","1"
"458","2013-12-01 00:05:29","2013-12-01 00:13:07","271","Ashland Pl & Hanson Pl","40.68528172","-73.97805813","366","Clinton Ave & Myrtle Ave","40.693261","-73.968896","19288","Subscriber","1966","1"
"676","2013-12-01 00:05:29","2013-12-01 00:16:45","336","Sullivan St & Washington Sq","40.73047747","-73.99906065","2003","1 Ave & E 18 St","40.73416059","-73.98024289","18853","Subscriber","1988","1"
"376","2013-12-01 00:06:06","2013-12-01 00:12:22","293","Lafayette St & E 8 St","40.73028666","-73.9907647","346","Bank St & Hudson St","40.73652889","-74.00618026","19861","Subscriber","1976","1"
"234","2013-12-01 00:06:19","2013-12-01 00:10:13","524","W 43 St & 6 Ave","40.75527307","-73.98316936","440","E 45 St & 3 Ave","40.75255434","-73.97282625","18873","Subscriber","1989","1"
"439","2013-12-01 00:06:37","2013-12-01 00:13:56","157","Henry St & Atlantic Ave","40.69089272","-73.99612349","323","Lawrence St & Willoughby St","40.69236178","-73.98631746","19204","Subscriber","1977","2"
"453","2013-12-01 00:06:53","2013-12-01 00:14:26","483","E 12 St & 3 Ave","40.73223272","-73.98889957","435","W 21 St & 6 Ave","40.74173969","-73.99415556","17866","Subscriber","1985","1"
"632","2013-12-01 00:07:57","2013-12-01 00:18:29","476","E 31 St & 3 Ave","40.74394314","-73.97966069","504","1 Ave & E 15 St","40.73221853","-73.98165557","19821","Subscriber","1979","2"
"342","2013-12-01 00:08:22","2013-12-01 00:14:04","410","Suffolk St & Stanton St","40.72066442","-73.98517977","511","E 14 St & Avenue B","40.72938685","-73.97772429","17629","Subscriber","1966","1"
"180","2013-12-01 00:08:48","2013-12-01 00:11:48","334","W 20 St & 7 Ave","40.74238787","-73.99726235","223","W 13 St & 7 Ave","40.73781509","-73.99994661","19697","Subscriber","1978","1"
"727","2013-12-01 00:09:34","2013-12-01 00:21:41","334","W 20 St & 7 Ave","40.74238787","-73.99726235","439","E 4 St & 2 Ave","40.7262807","-73.98978041","15035","Subscriber","1960","1"
"364","2013-12-01 00:09:35","2013-12-01 00:15:39","459","W 20 St & 11 Ave","40.746745","-74.007756","336","Sullivan St & Washington Sq","40.73047747","-73.99906065","15975","Subscriber","1974","1"
"1100","2013-12-01 00:09:57","2013-12-01 00:28:17","294","Washington Square E","40.73049393","-73.9957214","519","Pershing Square N","40.75188406","-73.97770164","19496","Subscriber","1985","1"
"1014","2013-12-01 00:10:00","2013-12-01 00:26:54","447","8 Ave & W 52 St","40.76370739","-73.9851615","294","Washington Square E","40.73049393","-73.9957214","18909","Subscriber","1969","1"
"266","2013-12-01 00:10:40","2013-12-01 00:15:06","274","Lafayette Ave & Fort Greene Pl","40.68691865","-73.976682","397","Fulton St & Clermont Ave","40.68415748","-73.96922273","17903","Subscriber","1979","1"
"744","2013-12-01 00:10:43","2013-12-01 00:23:07","453","W 22 St & 8 Ave","40.74475148","-73.99915362","2003","1 Ave & E 18 St","40.73416059","-73.98024289","16255","Subscriber","1961","1"
"454","2013-12-01 00:11:01","2013-12-01 00:18:35","515","W 43 St & 10 Ave","40.76009437","-73.99461843","521","8 Ave & W 31 St","40.75044999","-73.99481051","20053","Subscriber","1982","1"
"722","2013-12-01 00:11:07","2013-12-01 00:23:09","305","E 58 St & 3 Ave","40.76095756","-73.96724467","173","Broadway & W 49 St","40.76064679","-73.98442659","14588","Subscriber","1978","2"
"229","2013-12-01 00:11:20","2013-12-01 00:15:09","274","Lafayette Ave & Fort Greene Pl","40.68691865","-73.976682","397","Fulton St & Clermont Ave","40.68415748","-73.96922273","15297","Subscriber","1981","2"
"617","2013-12-01 00:11:22","2013-12-01 00:21:39","432","E 7 St & Avenue A","40.72621788","-73.98379855","151","Cleveland Pl & Spring St","40.7218158","-73.99720307","15842","Subscriber","1985","1"
"1068","2013-12-01 00:12:18","2013-12-01 00:30:06","317","E 6 St & Avenue B","40.72453734","-73.98185424","404","9 Ave & W 14 St","40.7405826","-74.00550867","18177","Subscriber","1976","1"
"1423","2013-12-01 00:13:25","2013-12-01 00:37:08","539","Metropolitan Ave & Bedford Ave","40.71534825","-73.96024116","349","Rivington St & Ridge St","40.71850211","-73.98329859","20131","Customer",\N,"0"
"1385","2013-12-01 00:13:57","2013-12-01 00:37:02","539","Metropolitan Ave & Bedford Ave","40.71534825","-73.96024116","349","Rivington St & Ridge St","40.71850211","-73.98329859","17679","Subscriber","1987","2"
"275","2013-12-01 00:14:07","2013-12-01 00:18:42","294","Washington Square E","40.73049393","-73.9957214","285","Broadway & E 14 St","40.73454567","-73.99074142","19601","Subscriber","1984","2"
"391","2013-12-01 00:14:41","2013-12-01 00:21:12","385","E 55 St & 2 Ave","40.75797322","-73.96603308","518","E 39 St & 2 Ave","40.74780373","-73.9734419","17575","Subscriber","1979","1"
"1190","2013-12-01 00:14:45","2013-12-01 00:34:35","426","West St & Chambers St","40.71754834","-74.01322069","391","Clark St & Henry St","40.69760127","-73.99344559","16577","Subscriber","1961","1"
"1565","2013-12-01 00:14:56","2013-12-01 00:41:01","223","W 13 St & 7 Ave","40.73781509","-73.99994661","360","William St & Pine St","40.70717936","-74.00887308","19697","Subscriber","1978","1"
"1626","2013-12-01 00:14:57","2013-12-01 00:42:03","388","W 26 St & 10 Ave","40.749717753","-74.002950346","499","Broadway & W 60 St","40.76915505","-73.98191841","17527","Subscriber","1968","1"
"452","2013-12-01 00:15:37","2013-12-01 00:23:09","379","W 31 St & 7 Ave","40.749156","-73.9916","537","Lexington Ave & E 24 St","40.74025878","-73.98409214","18523","Subscriber","1992","1"
"775","2013-12-01 00:15:41","2013-12-01 00:28:36","485","W 37 St & 5 Ave","40.75038009","-73.98338988","503","E 20 St & Park Ave","40.73827428","-73.98751968","15905","Subscriber","1961","1"
"395","2013-12-01 00:15:45","2013-12-01 00:22:20","291","Madison St & Montgomery St","40.713126","-73.984844","301","E 2 St & Avenue B","40.72217444","-73.98368779","20772","Subscriber","1984","1"
"488","2013-12-01 00:16:01","2013-12-01 00:24:09","128","MacDougal St & Prince St","40.72710258","-74.00297088","405","Washington St & Gansevoort St","40.739323","-74.008119","20203","Subscriber","1981","1"
"351","2013-12-01 00:16:03","2013-12-01 00:21:54","531","Forsyth St & Broome St","40.71893904","-73.99266288","400","Pitt St & Stanton St","40.71926081","-73.98178024","20127","Subscriber","1988","1"
"181","2013-12-01 00:16:25","2013-12-01 00:19:26","460","S 4 St & Wythe Ave","40.71285887","-73.96590294","539","Metropolitan Ave & Bedford Ave","40.71534825","-73.96024116","19937","Subscriber","1983","1"
"228","2013-12-01 00:16:39","2013-12-01 00:20:27","312","Allen St & E Houston St","40.722055","-73.989111","361","Allen St & Hester St","40.71605866","-73.99190759","17225","Subscriber","1986","1"
"765","2013-12-01 00:16:52","2013-12-01 00:29:37","467","Dean St & 4 Ave","40.68312489","-73.97895137","143","Clinton St & Joralemon St","40.69239502","-73.99337909","16919","Subscriber","1980","1"
"459","2013-12-01 00:16:52","2013-12-01 00:24:31","293","Lafayette St & E 8 St","40.73028666","-73.9907647","223","W 13 St & 7 Ave","40.73781509","-73.99994661","19507","Subscriber","1971","1"
"585","2013-12-01 00:16:54","2013-12-01 00:26:39","293","Lafayette St & E 8 St","40.73028666","-73.9907647","509","9 Ave & W 22 St","40.7454973","-74.00197139","17070","Subscriber","1966","1"
"1322","2013-12-01 00:16:56","2013-12-01 00:38:58","449","W 52 St & 9 Ave","40.76461837","-73.98789473","326","E 11 St & 1 Ave","40.72953837","-73.98426726","16778","Subscriber","1985","1"
"619","2013-12-01 00:17:16","2013-12-01 00:27:35","161","LaGuardia Pl & W 3 St","40.72917025","-73.99810231","317","E 6 St & Avenue B","40.72453734","-73.98185424","20749","Subscriber","1974","1"
"514","2013-12-01 00:17:16","2013-12-01 00:25:50","345","W 13 St & 6 Ave","40.73649403","-73.99704374","347","W Houston St & Hudson St","40.72873888","-74.00748842","15986","Subscriber","1984","1"
"249","2013-12-01 00:17:32","2013-12-01 00:21:41","173","Broadway & W 49 St","40.76064679","-73.98442659","495","W 47 St & 10 Ave","40.76269882","-73.99301222","15561","Subscriber","1984","1"
"417","2013-12-01 00:17:53","2013-12-01 00:24:50","300","Shevchenko Pl & E 6 St","40.728145","-73.990214","369","Washington Pl & 6 Ave","40.73224119","-74.00026394","18530","Subscriber","1982","2"
"402","2013-12-01 00:18:02","2013-12-01 00:24:44","300","Shevchenko Pl & E 6 St","40.728145","-73.990214","369","Washington Pl & 6 Ave","40.73224119","-74.00026394","18028","Subscriber","1981","1"
"557","2013-12-01 00:18:03","2013-12-01 00:27:20","504","1 Ave & E 15 St","40.73221853","-73.98165557","516","E 47 St & 1 Ave","40.75206862","-73.96784384","20031","Subscriber","1983","1"
"1691","2013-12-01 00:18:05","2013-12-01 00:46:16","313","Washington Ave & Park Ave","40.69610226","-73.96751037","471","Grand St & Havemeyer St","40.71286844","-73.95698119","18378","Customer",\N,"0"
"667","2013-12-01 00:18:10","2013-12-01 00:29:17","212","W 16 St & The High Line","40.74334935","-74.00681753","236","St Marks Pl & 2 Ave","40.7284186","-73.98713956","17148","Subscriber","1990","1"
"224","2013-12-01 00:18:19","2013-12-01 00:22:03","449","W 52 St & 9 Ave","40.76461837","-73.98789473","482","W 15 St & 7 Ave","40.73935542","-73.99931783","17126","Subscriber","1985","1"
"455","2013-12-01 00:18:28","2013-12-01 00:26:03","249","Harrison St & Hudson St","40.71870987","-74.0090009","346","Bank St & Hudson St","40.73652889","-74.00618026","19539","Subscriber","1981","1"
"451","2013-12-01 00:18:46","2013-12-01 00:26:17","263","Elizabeth St & Hester St","40.71729","-73.996375","291","Madison St & Montgomery St","40.713126","-73.984844","15967","Subscriber","1988","1"
"196","2013-12-01 00:19:01","2013-12-01 00:22:17","291","Madison St & Montgomery St","40.713126","-73.984844","311","Norfolk St & Broome St","40.7172274","-73.98802084","16166","Subscriber","1980","1"
"544","2013-12-01 00:19:02","2013-12-01 00:28:06","445","E 10 St & Avenue A","40.72740794","-73.98142006","483","E 12 St & 3 Ave","40.73223272","-73.98889957","20862","Subscriber","1988","1"
"264","2013-12-01 00:19:15","2013-12-01 00:23:39","387","Centre St & Chambers St","40.71273266","-74.0046073","146","Hudson St & Reade St","40.71625008","-74.0091059","18436","Subscriber","1989","1"
"1083","2013-12-01 00:19:29","2013-12-01 00:37:32","330","Reade St & Broadway","40.71450451","-74.00562789","325","E 19 St & 3 Ave","40.73624527","-73.98473765","15834","Subscriber","1958","1"
"808","2013-12-01 00:19:29","2013-12-01 00:32:57","479","9 Ave & W 45 St","40.76019252","-73.9912551","446","W 24 St & 7 Ave","40.74487634","-73.99529885","16474","Subscriber","1986","1"
"459","2013-12-01 00:19:55","2013-12-01 00:27:34","160","E 37 St & Lexington Ave","40.748238","-73.978311","490","8 Ave & W 33 St","40.751551","-73.993934","14718","Subscriber","1994","1"
"267","2013-12-01 00:20:41","2013-12-01 00:25:08","294","Washington Square E","40.73049393","-73.9957214","236","St Marks Pl & 2 Ave","40.7284186","-73.98713956","19342","Subscriber","1981","1"
"623","2013-12-01 00:20:45","2013-12-01 00:31:08","263","Elizabeth St & Hester St","40.71729","-73.996375","342","Columbia St & Rivington St","40.71739973","-73.98016555","19634","Subscriber","1978","2"
"588","2013-12-01 00:21:52","2013-12-01 00:31:40","326","E 11 St & 1 Ave","40.72953837","-73.98426726","412","Forsyth St & Canal St","40.7158155","-73.99422366","18247","Subscriber","1970","1"
"1185","2013-12-01 00:22:10","2013-12-01 00:41:55","173","Broadway & W 49 St","40.76064679","-73.98442659","513","W 56 St & 10 Ave","40.768254","-73.988639","19926","Customer",\N,"0"
"207","2013-12-01 00:22:13","2013-12-01 00:25:40","223","W 13 St & 7 Ave","40.73781509","-73.99994661","168","W 18 St & 6 Ave","40.73971301","-73.99456405","14799","Subscriber","1990","1"
"288","2013-12-01 00:22:16","2013-12-01 00:27:04","450","W 49 St & 8 Ave","40.76227205","-73.98788205","302","Avenue D & E 3 St","40.72082834","-73.97793172","15619","Subscriber","1958","1"
"373","2013-12-01 00:22:30","2013-12-01 00:28:43","2003","1 Ave & E 18 St","40.73416059","-73.98024289","393","E 5 St & Avenue C","40.72299208","-73.97995466","16608","Subscriber","1984","1"
"280","2013-12-01 00:22:33","2013-12-01 00:27:13","120","Lexington Ave & Classon Ave","40.68676793","-73.95928168","258","DeKalb Ave & Vanderbilt Ave","40.68940747","-73.96885458","20016","Subscriber","1981","1"
"1243","2013-12-01 00:22:35","2013-12-01 00:43:18","526","E 33 St & 5 Ave","40.74765947","-73.98490707","412","Forsyth St & Canal St","40.7158155","-73.99422366","18340","Subscriber","1983","1"
"1209","2013-12-01 00:22:36","2013-12-01 00:42:45","518","E 39 St & 2 Ave","40.74780373","-73.9734419","284","Greenwich Ave & 8 Ave","40.7390169121","-74.0026376103","14800","Subscriber","1979","1"
"1167","2013-12-01 00:22:41","2013-12-01 00:42:08","173","Broadway & W 49 St","40.76064679","-73.98442659","513","W 56 St & 10 Ave","40.768254","-73.988639","17374","Customer",\N,"0"
"666","2013-12-01 00:23:02","2013-12-01 00:34:08","316","Fulton St & William St","40.70955958","-74.00653609","361","Allen St & Hester St","40.71605866","-73.99190759","16550","Subscriber","1985","1"
"351","2013-12-01 00:23:08","2013-12-01 00:28:59","397","Fulton St & Clermont Ave","40.68415748","-73.96922273","244","Willoughby Ave & Hall St","40.69196035","-73.96536851","17903","Subscriber","1985","2"
"1104","2013-12-01 00:23:29","2013-12-01 00:41:53","263","Elizabeth St & Hester St","40.71729","-73.996375","507","E 25 St & 2 Ave","40.73912601","-73.97973776","15030","Subscriber","1978","2"
"1095","2013-12-01 00:24:07","2013-12-01 00:42:22","311","Norfolk St & Broome St","40.7172274","-73.98802084","282","Kent Ave & S 11 St","40.70827295","-73.96834101","20102","Subscriber","1953","1"
"1119","2013-12-01 00:24:39","2013-12-01 00:43:18","473","Rivington St & Chrystie St","40.72110063","-73.9919254","254","W 11 St & 6 Ave","40.73532427","-73.99800419","17607","Subscriber","1972","2"
"451","2013-12-01 00:24:44","2013-12-01 00:32:15","323","Lawrence St & Willoughby St","40.69236178","-73.98631746","445","E 10 St & Avenue A","40.72740794","-73.98142006","17160","Subscriber","1987","2"
"1719","2013-12-01 00:25:08","2013-12-01 00:53:47","293","Lafayette St & E 8 St","40.73028666","-73.9907647","499","Broadway & W 60 St","40.76915505","-73.98191841","17832","Subscriber","1989","1"
"631","2013-12-01 00:25:49","2013-12-01 00:36:20","463","9 Ave & W 16 St","40.74206539","-74.00443172","466","W 25 St & 6 Ave","40.74395411","-73.99144871","17820","Customer",\N,"0"
"202","2013-12-01 00:25:50","2013-12-01 00:29:12","478","11 Ave & W 41 St","40.76030096","-73.99884222","448","W 37 St & 10 Ave","40.75660359","-73.9979009","16251","Subscriber","1965","1"
"614","2013-12-01 00:26:07","2013-12-01 00:36:21","463","9 Ave & W 16 St","40.74206539","-74.00443172","466","W 25 St & 6 Ave","40.74395411","-73.99144871","14726","Customer",\N,"0"
"937","2013-12-01 00:26:17","2013-12-01 00:41:54","212","W 16 St & The High Line","40.74334935","-74.00681753","438","St Marks Pl & 1 Ave","40.72779126","-73.98564945","18359","Subscriber","1979","1"
"2752","2013-12-01 00:26:39","2013-12-01 01:12:31","343","Clinton Ave & Flushing Ave","40.69794","-73.96986848","242","Flushing Ave & Carlton Ave","40.69788349","-73.97350332","15817","Customer",\N,"0"
"588","2013-12-01 00:26:48","2013-12-01 00:36:36","386","Centre St & Worth St","40.71494807","-74.00234482","161","LaGuardia Pl & W 3 St","40.72917025","-73.99810231","20135","Subscriber","1979","1"
"683","2013-12-01 00:27:38","2013-12-01 00:39:01","442","W 27 St & 7 Ave","40.746647","-73.993915","346","Bank St & Hudson St","40.73652889","-74.00618026","19423","Subscriber","1979","1"
"736","2013-12-01 00:27:55","2013-12-01 00:40:11","386","Centre St & Worth St","40.71494807","-74.00234482","410","Suffolk St & Stanton St","40.72066442","-73.98517977","19412","Subscriber","1970","2"
"389","2013-12-01 00:28:13","2013-12-01 00:34:42","444","Broadway & W 24 St","40.7423543","-73.98915076","483","E 12 St & 3 Ave","40.73223272","-73.98889957","20872","Subscriber","1982","1"
"577","2013-12-01 00:28:23","2013-12-01 00:38:00","317","E 6 St & Avenue B","40.72453734","-73.98185424","285","Broadway & E 14 St","40.73454567","-73.99074142","19455","Subscriber","1987","1"
"388","2013-12-01 00:28:31","2013-12-01 00:34:59","442","W 27 St & 7 Ave","40.746647","-73.993915","404","9 Ave & W 14 St","40.7405826","-74.00550867","18319","Subscriber","1980","1"
"653","2013-12-01 00:28:49","2013-12-01 00:39:42","128","MacDougal St & Prince St","40.72710258","-74.00297088","433","E 13 St & Avenue A","40.72955361","-73.98057249","20109","Subscriber","1955","1"
"576","2013-12-01 00:29:05","2013-12-01 00:38:41","312","Allen St & E Houston St","40.722055","-73.989111","264","Maiden Ln & Pearl St","40.70706456","-74.00731853","19617","Subscriber","1978","1"
"495","2013-12-01 00:29:35","2013-12-01 00:37:50","348","W Broadway & Spring St","40.72490985","-74.00154702","323","Lawrence St & Willoughby St","40.69236178","-73.98631746","16637","Subscriber","1966","1"
"456","2013-12-01 00:30:13","2013-12-01 00:37:49","173","Broadway & W 49 St","40.76064679","-73.98442659","492","W 33 St & 7 Ave","40.75019995","-73.99093085","20315","Subscriber","1979","1"
"303","2013-12-01 00:31:26","2013-12-01 00:36:29","502","Henry St & Grand St","40.714215","-73.981346","295","Pike St & E Broadway","40.71406667","-73.99293911","20595","Subscriber","1965","1"
"347","2013-12-01 00:31:44","2013-12-01 00:37:31","310","State St & Smith St","40.68926942","-73.98912867","353","S Portland Ave & Hanson Pl","40.68539567","-73.97431458","19045","Subscriber","1995","1"
"337","2013-12-01 00:31:48","2013-12-01 00:37:25","490","8 Ave & W 33 St","40.751551","-73.993934","505","6 Ave & W 33 St","40.74901271","-73.98848395","20072","Subscriber","1986","1"
"593","2013-12-01 00:32:13","2013-12-01 00:42:06","511","E 14 St & Avenue B","40.72938685","-73.97772429","401","Allen St & Rivington St","40.72019576","-73.98997825","17629","Subscriber","1982","2"
"849","2013-12-01 00:33:08","2013-12-01 00:47:17","499","Broadway & W 60 St","40.76915505","-73.98191841","388","W 26 St & 10 Ave","40.749717753","-74.002950346","17729","Subscriber","1978","1"
"1350","2013-12-01 00:33:10","2013-12-01 00:55:40","355","Bayard St & Baxter St","40.71602118","-73.99974372","521","8 Ave & W 31 St","40.75044999","-73.99481051","15123","Subscriber","1994","1"
"235","2013-12-01 00:33:17","2013-12-01 00:37:12","518","E 39 St & 2 Ave","40.74780373","-73.9734419","433","E 13 St & Avenue A","40.72955361","-73.98057249","15673","Subscriber","1987","1"
"450","2013-12-01 00:33:29","2013-12-01 00:40:59","459","W 20 St & 11 Ave","40.746745","-74.007756","432","E 7 St & Avenue A","40.72621788","-73.98379855","18514","Subscriber","1977","2"
"632","2013-12-01 00:33:41","2013-12-01 00:44:13","308","St James Pl & Oliver St","40.71307916","-73.99851193","403","E 2 St & 2 Ave","40.72502876","-73.99069656","15948","Subscriber","1987","1"
"212","2013-12-01 00:33:42","2013-12-01 00:37:14","420","Clermont Ave & Lafayette Ave","40.68764484","-73.96968902","274","Lafayette Ave & Fort Greene Pl","40.68691865","-73.976682","14778","Customer",\N,"0"
"833","2013-12-01 00:33:43","2013-12-01 00:47:36","505","6 Ave & W 33 St","40.74901271","-73.98848395","480","W 53 St & 10 Ave","40.76669671","-73.99061728","20327","Subscriber","1989","1"
"401","2013-12-01 00:33:51","2013-12-01 00:40:32","382","University Pl & E 14 St","40.73492695","-73.99200509","284","Greenwich Ave & 8 Ave","40.7390169121","-74.0026376103","19901","Customer",\N,"0"
"357","2013-12-01 00:34:00","2013-12-01 00:39:57","325","E 19 St & 3 Ave","40.73624527","-73.98473765","445","E 10 St & Avenue A","40.72740794","-73.98142006","18205","Subscriber","1985","1"
"1391","2013-12-01 00:34:08","2013-12-01 00:57:19","532","S 5 Pl & S 4 St","40.710451","-73.960876","296","Division St & Bowery","40.71413089","-73.9970468","19993","Customer",\N,"0"
"225","2013-12-01 00:34:38","2013-12-01 00:38:23","402","Broadway & E 22 St","40.7403432","-73.98955109","496","E 16 St & 5 Ave","40.73726186","-73.99238967","17966","Subscriber","1986","1"
"397","2013-12-01 00:35:13","2013-12-01 00:41:50","152","Warren St & Church St","40.71473993","-74.00910627","128","MacDougal St & Prince St","40.72710258","-74.00297088","14608","Subscriber","1981","1"
"188","2013-12-01 00:35:14","2013-12-01 00:38:22","307","Canal St & Rutgers St","40.71427487","-73.98990025","296","Division St & Bowery","40.71413089","-73.9970468","17151","Subscriber","1962","1"
"244","2013-12-01 00:35:25","2013-12-01 00:39:29","258","DeKalb Ave & Vanderbilt Ave","40.68940747","-73.96885458","353","S Portland Ave & Hanson Pl","40.68539567","-73.97431458","19186","Subscriber","1974","1"
"686","2013-12-01 00:36:14","2013-12-01 00:47:40","293","Lafayette St & E 8 St","40.73028666","-73.9907647","410","Suffolk St & Stanton St","40.72066442","-73.98517977","15164","Subscriber","1990","1"
"296","2013-12-01 00:36:22","2013-12-01 00:41:18","317","E 6 St & Avenue B","40.72453734","-73.98185424","393","E 5 St & Avenue C","40.72299208","-73.97995466","16972","Subscriber","1984","1"
"1082","2013-12-01 00:36:36","2013-12-01 00:54:38","394","E 9 St & Avenue C","40.72521311","-73.97768752","460","S 4 St & Wythe Ave","40.71285887","-73.96590294","19879","Subscriber","1984","1"
"334","2013-12-01 00:37:01","2013-12-01 00:42:35","336","Sullivan St & Washington Sq","40.73047747","-73.99906065","496","E 16 St & 5 Ave","40.73726186","-73.99238967","18968","Subscriber","1972","1"
"353","2013-12-01 00:37:04","2013-12-01 00:42:57","366","Clinton Ave & Myrtle Ave","40.693261","-73.968896","289","Monroe St & Classon Ave","40.6845683","-73.95881081","19288","Subscriber","1989","1"
"1454","2013-12-01 00:37:05","2013-12-01 01:01:19","462","W 22 St & 10 Ave","40.74691959","-74.00451887","439","E 4 St & 2 Ave","40.7262807","-73.98978041","20343","Subscriber","1966","1"
"817","2013-12-01 00:38:01","2013-12-01 00:51:38","380","W 4 St & 7 Ave S","40.73401143","-74.00293877","432","E 7 St & Avenue A","40.72621788","-73.98379855","19998","Subscriber","1954","1"
"875","2013-12-01 00:38:03","2013-12-01 00:52:38","357","E 11 St & Broadway","40.73261787","-73.99158043","150","E 2 St & Avenue C","40.7208736","-73.98085795","19966","Subscriber","1974","1"
"557","2013-12-01 00:38:05","2013-12-01 00:47:22","466","W 25 St & 6 Ave","40.74395411","-73.99144871","511","E 14 St & Avenue B","40.72938685","-73.97772429","17820","Subscriber","1977","1"
"157","2013-12-01 00:38:30","2013-12-01 00:41:07","382","University Pl & E 14 St","40.73492695","-73.99200509","254","W 11 St & 6 Ave","40.73532427","-73.99800419","15727","Subscriber","1970","1"
"415","2013-12-01 00:38:37","2013-12-01 00:45:32","173","Broadway & W 49 St","40.76064679","-73.98442659","468","Broadway & W 55 St","40.7652654","-73.98192338","17355","Subscriber","1974","1"
"345","2013-12-01 00:38:40","2013-12-01 00:44:25","480","W 53 St & 10 Ave","40.76669671","-73.99061728","510","W 51 St & 6 Ave","40.7606597","-73.98042047","17310","Subscriber","1987","1"
"300","2013-12-01 00:39:39","2013-12-01 00:44:39","519","Pershing Square N","40.75188406","-73.97770164","476","E 31 St & 3 Ave","40.74394314","-73.97966069","16989","Subscriber","1983","1"
"358","2013-12-01 00:39:42","2013-12-01 00:45:40","291","Madison St & Montgomery St","40.713126","-73.984844","263","Elizabeth St & Hester St","40.71729","-73.996375","15967","Subscriber","1988","1"
"560","2013-12-01 00:39:47","2013-12-01 00:49:07","479","9 Ave & W 45 St","40.76019252","-73.9912551","458","11 Ave & W 27 St","40.751396","-74.005226","20611","Subscriber","1963","2"
"584","2013-12-01 00:40:00","2013-12-01 00:49:44","212","W 16 St & The High Line","40.74334935","-74.00681753","345","W 13 St & 6 Ave","40.73649403","-73.99704374","16736","Subscriber","1987","1"
"1139","2013-12-01 00:40:19","2013-12-01 00:59:18","340","Madison St & Clinton St","40.71269042","-73.98776323","342","Columbia St & Rivington St","40.71739973","-73.98016555","19212","Subscriber","1977","2"
"1036","2013-12-01 00:40:24","2013-12-01 00:57:40","532","S 5 Pl & S 4 St","40.710451","-73.960876","296","Division St & Bowery","40.71413089","-73.9970468","15036","Customer",\N,"0"
"145","2013-12-01 00:40:31","2013-12-01 00:42:56","391","Clark St & Henry St","40.69760127","-73.99344559","406","Hicks St & Montague St","40.69512845","-73.99595065","18678","Subscriber","1977","1"
"514","2013-12-01 00:40:37","2013-12-01 00:49:11","293","Lafayette St & E 8 St","40.73028666","-73.9907647","463","9 Ave & W 16 St","40.74206539","-74.00443172","20654","Subscriber","1967","1"
"728","2013-12-01 00:40:49","2013-12-01 00:52:57","494","W 26 St & 8 Ave","40.74734825","-73.99723551","334","W 20 St & 7 Ave","40.74238787","-73.99726235","20382","Subscriber","1978","1"
"759","2013-12-01 00:41:00","2013-12-01 00:53:39","494","W 26 St & 8 Ave","40.74734825","-73.99723551","334","W 20 St & 7 Ave","40.74238787","-73.99726235","15211","Subscriber","1975","1"
"684","2013-12-01 00:41:16","2013-12-01 00:52:40","428","E 3 St & 1 Ave","40.72467721","-73.98783413","527","E 33 St & 1 Ave","40.74315566","-73.97434726","20683","Subscriber","1956","1"
"428","2013-12-01 00:42:04","2013-12-01 00:49:12","284","Greenwich Ave & 8 Ave","40.7390169121","-74.0026376103","496","E 16 St & 5 Ave","40.73726186","-73.99238967","19721","Subscriber","1971","1"
"1769","2013-12-01 00:42:07","2013-12-01 01:11:36","383","Greenwich Ave & Charles St","40.735238","-74.000271","395","Bond St & Schermerhorn St","40.68807003","-73.98410637","15146","Subscriber","1977","1"
"703","2013-12-01 00:42:41","2013-12-01 00:54:24","2010","Grand St & Greene St","40.72165481","-74.00234737","502","Henry St & Grand St","40.714215","-73.981346","19463","Subscriber","1979","1"
"510","2013-12-01 00:42:52","2013-12-01 00:51:22","324","DeKalb Ave & Hudson Ave","40.689888","-73.981013","258","DeKalb Ave & Vanderbilt Ave","40.68940747","-73.96885458","14555","Subscriber","1968","1"
"1165","2013-12-01 00:43:02","2013-12-01 01:02:27","494","W 26 St & 8 Ave","40.74734825","-73.99723551","160","E 37 St & Lexington Ave","40.748238","-73.978311","19865","Subscriber","1985","2"
"614","2013-12-01 00:43:22","2013-12-01 00:53:36","161","LaGuardia Pl & W 3 St","40.72917025","-73.99810231","531","Forsyth St & Broome St","40.71893904","-73.99266288","20135","Subscriber","1986","1"
"554","2013-12-01 00:43:50","2013-12-01 00:53:04","2021","W 45 St & 8 Ave","40.75929124","-73.98859651","513","W 56 St & 10 Ave","40.768254","-73.988639","19915","Subscriber","1967","2"
"660","2013-12-01 00:43:56","2013-12-01 00:54:56","2003","1 Ave & E 18 St","40.73416059","-73.98024289","516","E 47 St & 1 Ave","40.75206862","-73.96784384","18853","Subscriber","1968","1"
"566","2013-12-01 00:44:36","2013-12-01 00:54:02","2010","Grand St & Greene St","40.72165481","-74.00234737","311","Norfolk St & Broome St","40.7172274","-73.98802084","20126","Subscriber","1972","2"
"245","2013-12-01 00:45:17","2013-12-01 00:49:22","324","DeKalb Ave & Hudson Ave","40.689888","-73.981013","119","Park Ave & St Edwards St","40.69608941","-73.97803415","19884","Subscriber","1989","1"
"276","2013-12-01 00:45:46","2013-12-01 00:50:22","394","E 9 St & Avenue C","40.72521311","-73.97768752","326","E 11 St & 1 Ave","40.72953837","-73.98426726","16431","Subscriber","1987","1"
"533","2013-12-01 00:45:56","2013-12-01 00:54:49","461","E 20 St & 2 Ave","40.73587678","-73.98205027","401","Allen St & Rivington St","40.72019576","-73.98997825","19682","Subscriber","1981","1"
"892","2013-12-01 00:46:38","2013-12-01 01:01:30","444","Broadway & W 24 St","40.7423543","-73.98915076","251","Mott St & Prince St","40.72317958","-73.99480012","17465","Subscriber","1982","1"
"824","2013-12-01 00:47:09","2013-12-01 01:00:53","524","W 43 St & 6 Ave","40.75527307","-73.98316936","462","W 22 St & 10 Ave","40.74691959","-74.00451887","15032","Subscriber","1981","1"
"335","2013-12-01 00:47:39","2013-12-01 00:53:14","2022","E 59 St & Sutton Pl","40.75849116","-73.95920622","164","E 47 St & 2 Ave","40.75323098","-73.97032517","15161","Subscriber","1962","1"
"2674","2013-12-01 00:48:04","2013-12-01 01:32:38","157","Henry St & Atlantic Ave","40.69089272","-73.99612349","486","Broadway & W 29 St","40.7462009","-73.98855723","19604","Customer",\N,"0"
"349","2013-12-01 00:48:13","2013-12-01 00:54:02","83","Atlantic Ave & Fort Greene Pl","40.68382604","-73.97632328","334","W 20 St & 7 Ave","40.74238787","-73.99726235","17727","Subscriber","1986","1"
"2645","2013-12-01 00:48:27","2013-12-01 01:32:32","157","Henry St & Atlantic Ave","40.69089272","-73.99612349","486","Broadway & W 29 St","40.7462009","-73.98855723","15927","Subscriber","1977","1"
"303","2013-12-01 00:48:33","2013-12-01 00:53:36","383","Greenwich Ave & Charles St","40.735238","-74.000271","482","W 15 St & 7 Ave","40.73935542","-73.99931783","20950","Subscriber","1980","1"
"117","2013-12-01 00:48:36","2013-12-01 00:50:33","468","Broadway & W 55 St","40.7652654","-73.98192338","352","W 56 St & 6 Ave","40.76340613","-73.97722479","20765","Subscriber","1989","1"
"947","2013-12-01 00:48:46","2013-12-01 01:04:33","400","Pitt St & Stanton St","40.71926081","-73.98178024","351","Front St & Maiden Ln","40.70530954","-74.00612572","16790","Subscriber","1990","1"
"1382","2013-12-01 00:48:52","2013-12-01 01:11:54","441","E 52 St & 2 Ave","40.756014","-73.967416","412","Forsyth St & Canal St","40.7158155","-73.99422366","20985","Subscriber","1982","2"
"1358","2013-12-01 00:49:43","2013-12-01 01:12:21","404","9 Ave & W 14 St","40.7405826","-74.00550867","161","LaGuardia Pl & W 3 St","40.72917025","-73.99810231","18832","Subscriber","1988","1"
"291","2013-12-01 00:50:28","2013-12-01 00:55:19","346","Bank St & Hudson St","40.73652889","-74.00618026","347","W Houston St & Hudson St","40.72873888","-74.00748842","17055","Subscriber","1981","1"
"525","2013-12-01 00:50:49","2013-12-01 00:59:34","404","9 Ave & W 14 St","40.7405826","-74.00550867","237","E 11 St & 2 Ave","40.73047309","-73.98672378","16124","Subscriber","1983","1"
"343","2013-12-01 00:50:54","2013-12-01 00:56:37","243","Fulton St & Rockwell Pl","40.687979","-73.978474","258","DeKalb Ave & Vanderbilt Ave","40.68940747","-73.96885458","17609","Subscriber","1986","1"
"142","2013-12-01 00:51:15","2013-12-01 00:53:37","507","E 25 St & 2 Ave","40.73912601","-73.97973776","325","E 19 St & 3 Ave","40.73624527","-73.98473765","19777","Subscriber","1982","1"
"545","2013-12-01 00:51:42","2013-12-01 01:00:47","383","Greenwich Ave & Charles St","40.735238","-74.000271","435","W 21 St & 6 Ave","40.74173969","-73.99415556","18555","Subscriber","1985","1"
"577","2013-12-01 00:51:43","2013-12-01 01:01:20","423","W 54 St & 9 Ave","40.76584941","-73.98690506","490","8 Ave & W 33 St","40.751551","-73.993934","15445","Subscriber","1969","1"
"482","2013-12-01 00:51:45","2013-12-01 00:59:47","350","Clinton St & Grand St","40.71559509","-73.9870295","317","E 6 St & Avenue B","40.72453734","-73.98185424","16940","Subscriber","1954","1"
"1025","2013-12-01 00:51:54","2013-12-01 01:08:59","368","Carmine St & 6 Ave","40.73038599","-74.00214988","2021","W 45 St & 8 Ave","40.75929124","-73.98859651","15799","Subscriber","1979","1"
"276","2013-12-01 00:52:04","2013-12-01 00:56:40","349","Rivington St & Ridge St","40.71850211","-73.98329859","394","E 9 St & Avenue C","40.72521311","-73.97768752","18984","Subscriber","1947","1"
"1030","2013-12-01 00:52:16","2013-12-01 01:09:26","500","Broadway & W 51 St","40.76228826","-73.98336183","385","E 55 St & 2 Ave","40.75797322","-73.96603308","15007","Customer",\N,"0"
"1245","2013-12-01 00:52:23","2013-12-01 01:13:08","496","E 16 St & 5 Ave","40.73726186","-73.99238967","497","E 17 St & Broadway","40.73704984","-73.99009296","18851","Customer",\N,"0"
"419","2013-12-01 00:52:39","2013-12-01 00:59:38","477","W 41 St & 8 Ave","40.75640548","-73.9900262","513","W 56 St & 10 Ave","40.768254","-73.988639","20085","Subscriber","1980","1"
"463","2013-12-01 00:53:27","2013-12-01 01:01:10","303","Mercer St & Spring St","40.72362738","-73.99949601","347","W Houston St & Hudson St","40.72873888","-74.00748842","18212","Subscriber","1950","1"
"429","2013-12-01 00:53:43","2013-12-01 01:00:52","303","Mercer St & Spring St","40.72362738","-73.99949601","347","W Houston St & Hudson St","40.72873888","-74.00748842","15891","Subscriber","1960","2"
"658","2013-12-01 00:53:52","2013-12-01 01:04:50","508","W 46 St & 11 Ave","40.76341379","-73.99667444","478","11 Ave & W 41 St","40.76030096","-73.99884222","16890","Subscriber","1976","1"
"689","2013-12-01 00:55:24","2013-12-01 01:06:53","263","Elizabeth St & Hester St","40.71729","-73.996375","293","Lafayette St & E 8 St","40.73028666","-73.9907647","20137","Subscriber","1988","1"
"117","2013-12-01 00:55:35","2013-12-01 00:57:32","301","E 2 St & Avenue B","40.72217444","-73.98368779","317","E 6 St & Avenue B","40.72453734","-73.98185424","20772","Subscriber","1986","1"
"651","2013-12-01 00:56:07","2013-12-01 01:06:58","402","Broadway & E 22 St","40.7403432","-73.98955109","500","Broadway & W 51 St","40.76228826","-73.98336183","19977","Subscriber","1979","1"
"995","2013-12-01 00:56:55","2013-12-01 01:13:30","496","E 16 St & 5 Ave","40.73726186","-73.99238967","497","E 17 St & Broadway","40.73704984","-73.99009296","16093","Customer",\N,"0"
"352","2013-12-01 00:57:06","2013-12-01 01:02:58","285","Broadway & E 14 St","40.73454567","-73.99074142","336","Sullivan St & Washington Sq","40.73047747","-73.99906065","18360","Subscriber","1985","1"
"949","2013-12-01 00:57:07","2013-12-01 01:12:56","496","E 16 St & 5 Ave","40.73726186","-73.99238967","497","E 17 St & Broadway","40.73704984","-73.99009296","15517","Customer",\N,"0"
"401","2013-12-01 00:57:47","2013-12-01 01:04:28","348","W Broadway & Spring St","40.72490985","-74.00154702","439","E 4 St & 2 Ave","40.7262807","-73.98978041","17744","Subscriber","1983","2"
"845","2013-12-01 00:58:07","2013-12-01 01:12:12","228","E 48 St & 3 Ave","40.7546011026","-73.971878855","512","W 29 St & 9 Ave","40.7500727","-73.99839279","19863","Subscriber","1980","1"
"530","2013-12-01 00:58:21","2013-12-01 01:07:11","323","Lawrence St & Willoughby St","40.69236178","-73.98631746","356","Bialystoker Pl & Delancey St","40.71622644","-73.98261206","17168","Subscriber","1975","1"
"304","2013-12-01 00:58:26","2013-12-01 01:03:30","387","Centre St & Chambers St","40.71273266","-74.0046073","415","Pearl St & Hanover Square","40.7047177","-74.00926027","19197","Subscriber","1984","1"
"501","2013-12-01 00:58:52","2013-12-01 01:07:13","505","6 Ave & W 33 St","40.74901271","-73.98848395","345","W 13 St & 6 Ave","40.73649403","-73.99704374","19832","Subscriber","1982","1"
"637","2013-12-01 00:59:26","2013-12-01 01:10:03","505","6 Ave & W 33 St","40.74901271","-73.98848395","2021","W 45 St & 8 Ave","40.75929124","-73.98859651","16891","Subscriber","1984","1"
"1673","2013-12-01 00:59:29","2013-12-01 01:27:22","265","Stanton St & Chrystie St","40.72229346","-73.99147535","531","Forsyth St & Broome St","40.71893904","-73.99266288","20533","Subscriber","1983","2"
"904","2013-12-01 01:00:14","2013-12-01 01:15:18","428","E 3 St & 1 Ave","40.72467721","-73.98783413","408","Market St & Cherry St","40.71076228","-73.99400398","16069","Subscriber","1986","1"
"957","2013-12-01 01:00:26","2013-12-01 01:16:23","521","8 Ave & W 31 St","40.75044999","-73.99481051","164","E 47 St & 2 Ave","40.75323098","-73.97032517","16511","Customer",\N,"0"
"88","2013-12-01 01:00:26","2013-12-01 01:01:54","426","West St & Chambers St","40.71754834","-74.01322069","426","West St & Chambers St","40.71754834","-74.01322069","19726","Subscriber","1958","1"
"1097","2013-12-01 01:01:05","2013-12-01 01:19:22","434","9 Ave & W 18 St","40.74317449","-74.00366443","434","9 Ave & W 18 St","40.74317449","-74.00366443","20534","Subscriber","1992","1"
"418","2013-12-01 01:01:11","2013-12-01 01:08:09","473","Rivington St & Chrystie St","40.72110063","-73.9919254","400","Pitt St & Stanton St","40.71926081","-73.98178024","20922","Subscriber","1981","1"
"489","2013-12-01 01:01:11","2013-12-01 01:09:20","473","Rivington St & Chrystie St","40.72110063","-73.9919254","400","Pitt St & Stanton St","40.71926081","-73.98178024","18095","Subscriber","1977","2"
"214","2013-12-01 01:02:00","2013-12-01 01:05:34","496","E 16 St & 5 Ave","40.73726186","-73.99238967","325","E 19 St & 3 Ave","40.73624527","-73.98473765","19721","Subscriber","1984","1"
"209","2013-12-01 01:02:07","2013-12-01 01:05:36","368","Carmine St & 6 Ave","40.73038599","-74.00214988","345","W 13 St & 6 Ave","40.73649403","-73.99704374","18034","Subscriber","1981","1"
"433","2013-12-01 01:02:09","2013-12-01 01:09:22","519","Pershing Square N","40.75188406","-73.97770164","520","W 52 St & 5 Ave","40.75992262","-73.97648516","19496","Subscriber","1985","1"
"578","2013-12-01 01:02:13","2013-12-01 01:11:51","336","Sullivan St & Washington Sq","40.73047747","-73.99906065","461","E 20 St & 2 Ave","40.73587678","-73.98205027","16834","Subscriber","1988","1"
"651","2013-12-01 01:02:20","2013-12-01 01:13:11","461","E 20 St & 2 Ave","40.73587678","-73.98205027","359","E 47 St & Park Ave","40.75510267","-73.97498696","18383","Subscriber","1987","1"
"825","2013-12-01 01:02:28","2013-12-01 01:16:13","426","West St & Chambers St","40.71754834","-74.01322069","225","W 14 St & The High Line","40.74195138","-74.00803013","16165","Subscriber","1958","1"
"349","2013-12-01 01:02:38","2013-12-01 01:08:27","469","Broadway & W 53 St","40.76344058","-73.98268129","477","W 41 St & 8 Ave","40.75640548","-73.9900262","18394","Subscriber","1970","1"
"208","2013-12-01 01:02:57","2013-12-01 01:06:25","417","Barclay St & Church St","40.71291224","-74.01020234","195","Liberty St & Broadway","40.70905623","-74.01043382","18774","Subscriber","1983","1"
"245","2013-12-01 01:02:59","2013-12-01 01:07:04","417","Barclay St & Church St","40.71291224","-74.01020234","195","Liberty St & Broadway","40.70905623","-74.01043382","16892","Subscriber","1987","2"
"403","2013-12-01 01:04:21","2013-12-01 01:11:04","465","Broadway & W 41 St","40.75513557","-73.98658032","448","W 37 St & 10 Ave","40.75660359","-73.9979009","19431","Subscriber","1964","1"
"238","2013-12-01 01:04:47","2013-12-01 01:08:45","312","Allen St & E Houston St","40.722055","-73.989111","326","E 11 St & 1 Ave","40.72953837","-73.98426726","20553","Subscriber","1996","1"
"577","2013-12-01 01:04:47","2013-12-01 01:14:24","252","MacDougal St & Washington Sq","40.73226398","-73.99852205","394","E 9 St & Avenue C","40.72521311","-73.97768752","17857","Subscriber","1983","1"
"152","2013-12-01 01:05:06","2013-12-01 01:07:38","405","Washington St & Gansevoort St","40.739323","-74.008119","358","Christopher St & Greenwich St","40.73291553","-74.00711384","19096","Subscriber","1988","1"
"730","2013-12-01 01:05:16","2013-12-01 01:17:26","336","Sullivan St & Washington Sq","40.73047747","-73.99906065","266","Avenue D & E 8 St","40.72368361","-73.97574813","19480","Subscriber","1988","2"
"454","2013-12-01 01:06:06","2013-12-01 01:13:40","438","St Marks Pl & 1 Ave","40.72779126","-73.98564945","369","Washington Pl & 6 Ave","40.73224119","-74.00026394","16310","Subscriber","1990","1"
"1485","2013-12-01 01:06:30","2013-12-01 01:31:15","366","Clinton Ave & Myrtle Ave","40.693261","-73.968896","531","Forsyth St & Broome St","40.71893904","-73.99266288","18071","Subscriber","1989","1"
"431","2013-12-01 01:06:34","2013-12-01 01:13:45","527","E 33 St & 1 Ave","40.74315566","-73.97434726","441","E 52 St & 2 Ave","40.756014","-73.967416","18183","Subscriber","1987","1"
"426","2013-12-01 01:07:24","2013-12-01 01:14:30","310","State St & Smith St","40.68926942","-73.98912867","414","Pearl St & Anchorage Pl","40.70281858","-73.98765762","18976","Subscriber","1974","1"
"643","2013-12-01 01:07:39","2013-12-01 01:18:22","480","W 53 St & 10 Ave","40.76669671","-73.99061728","480","W 53 St & 10 Ave","40.76669671","-73.99061728","15983","Subscriber","1970","1"
"779","2013-12-01 01:08:05","2013-12-01 01:21:04","453","W 22 St & 8 Ave","40.74475148","-73.99915362","447","8 Ave & W 52 St","40.76370739","-73.9851615","15340","Subscriber","1975","1"
"375","2013-12-01 01:08:18","2013-12-01 01:14:33","394","E 9 St & Avenue C","40.72521311","-73.97768752","433","E 13 St & Avenue A","40.72955361","-73.98057249","17767","Subscriber","1984","1"
"137","2013-12-01 01:08:29","2013-12-01 01:10:46","358","Christopher St & Greenwich St","40.73291553","-74.00711384","380","W 4 St & 7 Ave S","40.73401143","-74.00293877","15018","Subscriber","1993","1"
"105","2013-12-01 01:08:29","2013-12-01 01:10:14","217","Old Fulton St","40.70277159","-73.99383605","216","Columbia Heights & Cranberry St","40.70037867","-73.99548059","18586","Subscriber","1975","1"
"660","2013-12-01 01:08:55","2013-12-01 01:19:55","301","E 2 St & Avenue B","40.72217444","-73.98368779","380","W 4 St & 7 Ave S","40.73401143","-74.00293877","14641","Subscriber","1971","1"
"409","2013-12-01 01:09:02","2013-12-01 01:15:51","257","Lispenard St & Broadway","40.71939226","-74.00247214","311","Norfolk St & Broome St","40.7172274","-73.98802084","15808","Subscriber","1990","1"
"1106","2013-12-01 01:10:20","2013-12-01 01:28:46","249","Harrison St & Hudson St","40.71870987","-74.0090009","489","10 Ave & W 28 St","40.75066386","-74.00176802","19346","Subscriber","1979","1"
"420","2013-12-01 01:10:35","2013-12-01 01:17:35","359","E 47 St & Park Ave","40.75510267","-73.97498696","402","Broadway & E 22 St","40.7403432","-73.98955109","17879","Subscriber","1976","1"
"458","2013-12-01 01:11:44","2013-12-01 01:19:22","368","Carmine St & 6 Ave","40.73038599","-74.00214988","301","E 2 St & Avenue B","40.72217444","-73.98368779","18338","Subscriber","1982","1"
"732","2013-12-01 01:12:07","2013-12-01 01:24:19","492","W 33 St & 7 Ave","40.75019995","-73.99093085","468","Broadway & W 55 St","40.7652654","-73.98192338","17845","Subscriber","1980","2"
"414","2013-12-01 01:12:15","2013-12-01 01:19:09","475","E 16 St & Irving Pl","40.73524276","-73.98758561","326","E 11 St & 1 Ave","40.72953837","-73.98426726","17711","Subscriber","1984","1"
"1482","2013-12-01 01:13:04","2013-12-01 01:37:46","412","Forsyth St & Canal St","40.7158155","-73.99422366","399","Lafayette Ave & St James Pl","40.68851534","-73.9647628","20985","Subscriber","1982","2"
"950","2013-12-01 01:13:58","2013-12-01 01:29:48","498","Broadway & W 32 St","40.74854862","-73.98808416","326","E 11 St & 1 Ave","40.72953837","-73.98426726","20735","Subscriber","1988","2"
"941","2013-12-01 01:14:11","2013-12-01 01:29:52","317","E 6 St & Avenue B","40.72453734","-73.98185424","481","S 3 St & Bedford Ave","40.71260486","-73.96264403","16216","Subscriber","1987","1"
"267","2013-12-01 01:14:49","2013-12-01 01:19:16","358","Christopher St & Greenwich St","40.73291553","-74.00711384","405","Washington St & Gansevoort St","40.739323","-74.008119","20331","Subscriber","1988","1"
"130","2013-12-01 01:14:49","2013-12-01 01:16:59","296","Division St & Bowery","40.71413089","-73.9970468","295","Pike St & E Broadway","40.71406667","-73.99293911","15394","Subscriber","1991","1"
"301","2013-12-01 01:15:31","2013-12-01 01:20:32","216","Columbia Heights & Cranberry St","40.70037867","-73.99548059","233","Joralemon St & Adams St","40.69246277","-73.98963911","18586","Subscriber","1987","1"
"1364","2013-12-01 01:15:43","2013-12-01 01:38:27","450","W 49 St & 8 Ave","40.76227205","-73.98788205","326","E 11 St & 1 Ave","40.72953837","-73.98426726","20347","Subscriber","1984","1"
"625","2013-12-01 01:17:00","2013-12-01 01:27:25","347","W Houston St & Hudson St","40.72873888","-74.00748842","531","Forsyth St & Broome St","40.71893904","-73.99266288","19594","Subscriber","1984","1"
"1503","2013-12-01 01:17:08","2013-12-01 01:42:11","369","Washington Pl & 6 Ave","40.73224119","-74.00026394","264","Maiden Ln & Pearl St","40.70706456","-74.00731853","17323","Subscriber","1980","2"
"449","2013-12-01 01:17:24","2013-12-01 01:24:53","504","1 Ave & E 15 St","40.73221853","-73.98165557","335","Washington Pl & Broadway","40.72903917","-73.99404649","19520","Subscriber","1996","1"
"401","2013-12-01 01:17:58","2013-12-01 01:24:39","274","Lafayette Ave & Fort Greene Pl","40.68691865","-73.976682","395","Bond St & Schermerhorn St","40.68807003","-73.98410637","14778","Subscriber","1977","1"
"737","2013-12-01 01:19:40","2013-12-01 01:31:57","326","E 11 St & 1 Ave","40.72953837","-73.98426726","251","Mott St & Prince St","40.72317958","-73.99480012","19307","Subscriber","1983","1"
"715","2013-12-01 01:20:12","2013-12-01 01:32:07","285","Broadway & E 14 St","40.73454567","-73.99074142","334","W 20 St & 7 Ave","40.74238787","-73.99726235","18526","Subscriber","1964","1"
"239","2013-12-01 01:20:28","2013-12-01 01:24:27","311","Norfolk St & Broome St","40.7172274","-73.98802084","502","Henry St & Grand St","40.714215","-73.981346","17981","Subscriber","1962","1"
"282","2013-12-01 01:20:53","2013-12-01 01:25:35","401","Allen St & Rivington St","40.72019576","-73.98997825","263","Elizabeth St & Hester St","40.71729","-73.996375","15893","Subscriber","1981","1"
"1797","2013-12-01 01:21:07","2013-12-01 01:51:04","467","Dean St & 4 Ave","40.68312489","-73.97895137","461","E 20 St & 2 Ave","40.73587678","-73.98205027","17480","Subscriber","1975","1"
"743","2013-12-01 01:21:13","2013-12-01 01:33:36","116","W 17 St & 8 Ave","40.74177603","-74.00149746","377","6 Ave & Canal St","40.72243797","-74.00566443","15506","Subscriber","1960","1"
"872","2013-12-01 01:22:08","2013-12-01 01:36:40","495","W 47 St & 10 Ave","40.76269882","-73.99301222","284","Greenwich Ave & 8 Ave","40.7390169121","-74.0026376103","16731","Subscriber","1980","1"
"475","2013-12-01 01:22:23","2013-12-01 01:30:18","249","Harrison St & Hudson St","40.71870987","-74.0090009","263","Elizabeth St & Hester St","40.71729","-73.996375","20576","Subscriber","1985","1"
"947","2013-12-01 01:22:58","2013-12-01 01:38:45","473","Rivington St & Chrystie St","40.72110063","-73.9919254","466","W 25 St & 6 Ave","40.74395411","-73.99144871","16632","Subscriber","1986","1"
"259","2013-12-01 01:23:40","2013-12-01 01:27:59","438","St Marks Pl & 1 Ave","40.72779126","-73.98564945","393","E 5 St & Avenue C","40.72299208","-73.97995466","18385","Subscriber","1962","1"
"620","2013-12-01 01:23:47","2013-12-01 01:34:07","482","W 15 St & 7 Ave","40.73935542","-73.99931783","323","Lawrence St & Willoughby St","40.69236178","-73.98631746","18691","Subscriber","1982","1"
"783","2013-12-01 01:23:56","2013-12-01 01:36:59","482","W 15 St & 7 Ave","40.73935542","-73.99931783","433","E 13 St & Avenue A","40.72955361","-73.98057249","18476","Subscriber","1973","2"
"359","2013-12-01 01:24:40","2013-12-01 01:30:39","245","Myrtle Ave & St Edwards St","40.69327018","-73.97703874","262","Washington Park","40.69178232","-73.97372989","19728","Subscriber","1984","2"
"1058","2013-12-01 01:24:48","2013-12-01 01:42:26","249","Harrison St & Hudson St","40.71870987","-74.0090009","236","St Marks Pl & 2 Ave","40.7284186","-73.98713956","16173","Subscriber","1984","1"
"1038","2013-12-01 01:25:19","2013-12-01 01:42:37","428","E 3 St & 1 Ave","40.72467721","-73.98783413","83","Atlantic Ave & Fort Greene Pl","40.68382604","-73.97632328","15748","Subscriber","1981","1"
"198","2013-12-01 01:25:55","2013-12-01 01:29:13","388","W 26 St & 10 Ave","40.749717753","-74.002950346","458","11 Ave & W 27 St","40.751396","-74.005226","17729","Subscriber","1966","1"
"656","2013-12-01 01:26:51","2013-12-01 01:37:47","503","E 20 St & Park Ave","40.73827428","-73.98751968","237","E 11 St & 2 Ave","40.73047309","-73.98672378","15351","Subscriber","1961","1"
"240","2013-12-01 01:27:04","2013-12-01 01:31:04","449","W 52 St & 9 Ave","40.76461837","-73.98789473","72","W 52 St & 11 Ave","40.76727216","-73.99392888","19511","Subscriber","1965","1"
"321","2013-12-01 01:27:16","2013-12-01 01:32:37","383","Greenwich Ave & Charles St","40.735238","-74.000271","382","University Pl & E 14 St","40.73492695","-73.99200509","20069","Subscriber","1983","1"
"2130","2013-12-01 01:27:28","2013-12-01 02:02:58","79","Franklin St & W Broadway","40.71911552","-74.00666661","432","E 7 St & Avenue A","40.72621788","-73.98379855","19024","Subscriber","1976","2"
"1439","2013-12-01 01:27:48","2013-12-01 01:51:47","484","W 44 St & 5 Ave","40.75500254","-73.98014437","510","W 51 St & 6 Ave","40.7606597","-73.98042047","18660","Subscriber","1984","1"
"826","2013-12-01 01:27:52","2013-12-01 01:41:38","489","10 Ave & W 28 St","40.75066386","-74.00176802","297","E 15 St & 3 Ave","40.734232","-73.986923","16948","Subscriber","1982","1"
"216","2013-12-01 01:27:57","2013-12-01 01:31:33","137","E 56 St & Madison Ave","40.761628","-73.972924","464","E 56 St & 3 Ave","40.75934501","-73.96759673","16330","Subscriber","1990","1"
"673","2013-12-01 01:28:36","2013-12-01 01:39:49","476","E 31 St & 3 Ave","40.74394314","-73.97966069","368","Carmine St & 6 Ave","40.73038599","-74.00214988","20551","Subscriber","1982","1"
"1206","2013-12-01 01:28:36","2013-12-01 01:48:42","238","Bank St & Washington St","40.7361967","-74.00859207","518","E 39 St & 2 Ave","40.74780373","-73.9734419","16554","Subscriber","1978","1"
"399","2013-12-01 01:28:45","2013-12-01 01:35:24","268","Howard St & Centre St","40.71910537","-73.99973337","291","Madison St & Montgomery St","40.713126","-73.984844","15382","Subscriber","1992","1"
"881","2013-12-01 01:29:33","2013-12-01 01:44:14","359","E 47 St & Park Ave","40.75510267","-73.97498696","388","W 26 St & 10 Ave","40.749717753","-74.002950346","18383","Subscriber","1990","1"
"247","2013-12-01 01:29:37","2013-12-01 01:33:44","368","Carmine St & 6 Ave","40.73038599","-74.00214988","345","W 13 St & 6 Ave","40.73649403","-73.99704374","16630","Subscriber","1984","1"
"922","2013-12-01 01:30:10","2013-12-01 01:45:32","297","E 15 St & 3 Ave","40.734232","-73.986923","410","Suffolk St & Stanton St","40.72066442","-73.98517977","16225","Subscriber","1982","1"
"928","2013-12-01 01:30:19","2013-12-01 01:45:47","309","Murray St & West St","40.7149787","-74.013012","340","Madison St & Clinton St","40.71269042","-73.98776323","18685","Subscriber","1987","1"
"171","2013-12-01 01:31:48","2013-12-01 01:34:39","317","E 6 St & Avenue B","40.72453734","-73.98185424","150","E 2 St & Avenue C","40.7208736","-73.98085795","20772","Subscriber","1989","1"
"324","2013-12-01 01:32:48","2013-12-01 01:38:12","323","Lawrence St & Willoughby St","40.69236178","-73.98631746","459","W 20 St & 11 Ave","40.746745","-74.007756","16637","Subscriber","1993","1"
"1858","2013-12-01 01:33:00","2013-12-01 02:03:58","146","Hudson St & Reade St","40.71625008","-74.0091059","445","E 10 St & Avenue A","40.72740794","-73.98142006","17813","Subscriber","1984","2"
"749","2013-12-01 01:33:41","2013-12-01 01:46:10","237","E 11 St & 2 Ave","40.73047309","-73.98672378","151","Cleveland Pl & Spring St","40.7218158","-73.99720307","16124","Subscriber","1984","1"
"746","2013-12-01 01:33:53","2013-12-01 01:46:19","320","Church St & Leonard St","40.71743998","-74.00583475","426","West St & Chambers St","40.71754834","-74.01322069","20755","Subscriber","1978","2"
"679","2013-12-01 01:34:17","2013-12-01 01:45:36","496","E 16 St & 5 Ave","40.73726186","-73.99238967","401","Allen St & Rivington St","40.72019576","-73.98997825","18007","Subscriber","1976","1"
"980","2013-12-01 01:34:41","2013-12-01 01:51:01","434","9 Ave & W 18 St","40.74317449","-74.00366443","434","9 Ave & W 18 St","40.74317449","-74.00366443","20534","Subscriber","1992","1"
"775","2013-12-01 01:35:00","2013-12-01 01:47:55","497","E 17 St & Broadway","40.73704984","-73.99009296","531","Forsyth St & Broome St","40.71893904","-73.99266288","16163","Subscriber","1978","1"
"398","2013-12-01 01:35:18","2013-12-01 01:41:56","268","Howard St & Centre St","40.71910537","-73.99973337","296","Division St & Bowery","40.71413089","-73.9970468","17106","Subscriber","1974","1"
"981","2013-12-01 01:35:26","2013-12-01 01:51:47","435","W 21 St & 6 Ave","40.74173969","-73.99415556","316","Fulton St & William St","40.70955958","-74.00653609","18555","Subscriber","1990","1"
"605","2013-12-01 01:36:51","2013-12-01 01:46:56","402","Broadway & E 22 St","40.7403432","-73.98955109","2017","E 43 St & 2 Ave","40.75022392","-73.97121414","20791","Subscriber","1989","1"
"541","2013-12-01 01:37:13","2013-12-01 01:46:14","524","W 43 St & 6 Ave","40.75527307","-73.98316936","516","E 47 St & 1 Ave","40.75206862","-73.96784384","19230","Subscriber","1975","1"
"1099","2013-12-01 01:38:30","2013-12-01 01:56:49","164","E 47 St & 2 Ave","40.75323098","-73.97032517","498","Broadway & W 32 St","40.74854862","-73.98808416","18316","Subscriber","1983","1"
"329","2013-12-01 01:38:33","2013-12-01 01:44:02","267","Broadway & W 36 St","40.75097711","-73.98765428","448","W 37 St & 10 Ave","40.75660359","-73.9979009","19249","Subscriber","1978","1"
"302","2013-12-01 01:38:45","2013-12-01 01:43:47","500","Broadway & W 51 St","40.76228826","-73.98336183","499","Broadway & W 60 St","40.76915505","-73.98191841","16228","Subscriber","1983","1"
"890","2013-12-01 01:39:00","2013-12-01 01:53:50","334","W 20 St & 7 Ave","40.74238787","-73.99726235","450","W 49 St & 8 Ave","40.76227205","-73.98788205","17727","Subscriber","1984","1"
"858","2013-12-01 01:39:11","2013-12-01 01:53:29","334","W 20 St & 7 Ave","40.74238787","-73.99726235","450","W 49 St & 8 Ave","40.76227205","-73.98788205","18526","Subscriber","1978","1"
"445","2013-12-01 01:40:21","2013-12-01 01:47:46","382","University Pl & E 14 St","40.73492695","-73.99200509","476","E 31 St & 3 Ave","40.74394314","-73.97966069","19387","Subscriber","1971","1"
"152","2013-12-01 01:40:22","2013-12-01 01:42:54","361","Allen St & Hester St","40.71605866","-73.99190759","331","Pike St & Monroe St","40.71173107","-73.99193043","17225","Subscriber","1979","2"
"464","2013-12-01 01:40:43","2013-12-01 01:48:27","382","University Pl & E 14 St","40.73492695","-73.99200509","476","E 31 St & 3 Ave","40.74394314","-73.97966069","16210","Subscriber","1969","1"
"1092","2013-12-01 01:40:45","2013-12-01 01:58:57","468","Broadway & W 55 St","40.7652654","-73.98192338","2003","1 Ave & E 18 St","40.73416059","-73.98024289","17355","Subscriber","1987","1"
"314","2013-12-01 01:41:53","2013-12-01 01:47:07","401","Allen St & Rivington St","40.72019576","-73.98997825","432","E 7 St & Avenue A","40.72621788","-73.98379855","20995","Subscriber","1988","1"
"150","2013-12-01 01:42:15","2013-12-01 01:44:45","346","Bank St & Hudson St","40.73652889","-74.00618026","223","W 13 St & 7 Ave","40.73781509","-73.99994661","19094","Subscriber","1976","1"
"1209","2013-12-01 01:43:39","2013-12-01 02:03:48","412","Forsyth St & Canal St","40.7158155","-73.99422366","2012","E 27 St & 1 Ave","40.739445","-73.976806","16468","Subscriber","1977","1"
"1758","2013-12-01 01:44:36","2013-12-01 02:13:54","468","Broadway & W 55 St","40.7652654","-73.98192338","505","6 Ave & W 33 St","40.74901271","-73.98848395","20775","Subscriber","1983","1"
"495","2013-12-01 01:45:12","2013-12-01 01:53:27","236","St Marks Pl & 2 Ave","40.7284186","-73.98713956","403","E 2 St & 2 Ave","40.72502876","-73.99069656","16435","Subscriber","1986","1"
"574","2013-12-01 01:45:43","2013-12-01 01:55:17","369","Washington Pl & 6 Ave","40.73224119","-74.00026394","326","E 11 St & 1 Ave","40.72953837","-73.98426726","17178","Subscriber","1966","2"
"976","2013-12-01 01:45:45","2013-12-01 02:02:01","311","Norfolk St & Broome St","40.7172274","-73.98802084","252","MacDougal St & Washington Sq","40.73226398","-73.99852205","18203","Subscriber","1985","2"
"560","2013-12-01 01:45:57","2013-12-01 01:55:17","311","Norfolk St & Broome St","40.7172274","-73.98802084","326","E 11 St & 1 Ave","40.72953837","-73.98426726","19875","Subscriber","1986","1"
"389","2013-12-01 01:45:59","2013-12-01 01:52:28","422","W 59 St & 10 Ave","40.770513","-73.988038","500","Broadway & W 51 St","40.76228826","-73.98336183","20346","Subscriber","1994","1"
"407","2013-12-01 01:46:19","2013-12-01 01:53:06","496","E 16 St & 5 Ave","40.73726186","-73.99238967","403","E 2 St & 2 Ave","40.72502876","-73.99069656","19776","Subscriber","1986","1"
"525","2013-12-01 01:46:27","2013-12-01 01:55:12","438","St Marks Pl & 1 Ave","40.72779126","-73.98564945","252","MacDougal St & Washington Sq","40.73226398","-73.99852205","18359","Subscriber","1984","2"
"433","2013-12-01 01:47:09","2013-12-01 01:54:22","83","Atlantic Ave & Fort Greene Pl","40.68382604","-73.97632328","244","Willoughby Ave & Hall St","40.69196035","-73.96536851","15620","Subscriber","1971","1"
"352","2013-12-01 01:47:32","2013-12-01 01:53:24","489","10 Ave & W 28 St","40.75066386","-74.00176802","497","E 17 St & Broadway","40.73704984","-73.99009296","14927","Subscriber","1964","1"
"687","2013-12-01 01:48:32","2013-12-01 01:59:59","449","W 52 St & 9 Ave","40.76461837","-73.98789473","494","W 26 St & 8 Ave","40.74734825","-73.99723551","18199","Subscriber","1972","1"
"1328","2013-12-01 01:49:03","2013-12-01 02:11:11","243","Fulton St & Rockwell Pl","40.687979","-73.978474","445","E 10 St & Avenue A","40.72740794","-73.98142006","19995","Subscriber","1950","1"
"467","2013-12-01 01:49:55","2013-12-01 01:57:42","312","Allen St & E Houston St","40.722055","-73.989111","408","Market St & Cherry St","40.71076228","-73.99400398","20632","Subscriber","1987","2"
"139","2013-12-01 01:51:23","2013-12-01 01:53:42","536","1 Ave & E 30 St","40.74144387","-73.97536082","527","E 33 St & 1 Ave","40.74315566","-73.97434726","17936","Subscriber","1983","1"
"164","2013-12-01 01:51:35","2013-12-01 01:54:19","433","E 13 St & Avenue A","40.72955361","-73.98057249","394","E 9 St & Avenue C","40.72521311","-73.97768752","18709","Subscriber","1986","1"
"160","2013-12-01 01:51:37","2013-12-01 01:54:17","433","E 13 St & Avenue A","40.72955361","-73.98057249","394","E 9 St & Avenue C","40.72521311","-73.97768752","20109","Subscriber","1986","1"
"165","2013-12-01 01:51:39","2013-12-01 01:54:24","433","E 13 St & Avenue A","40.72955361","-73.98057249","394","E 9 St & Avenue C","40.72521311","-73.97768752","18476","Subscriber","1985","1"
"474","2013-12-01 01:51:45","2013-12-01 01:59:39","521","8 Ave & W 31 St","40.75044999","-73.99481051","358","Christopher St & Greenwich St","40.73291553","-74.00711384","17204","Subscriber","1978","1"
"1502","2013-12-01 01:52:15","2013-12-01 02:17:17","312","Allen St & E Houston St","40.722055","-73.989111","507","E 25 St & 2 Ave","40.73912601","-73.97973776","18221","Subscriber","1978","1"
"565","2013-12-01 01:53:03","2013-12-01 02:02:28","324","DeKalb Ave & Hudson Ave","40.689888","-73.981013","258","DeKalb Ave & Vanderbilt Ave","40.68940747","-73.96885458","16618","Subscriber","1973","1"
"459","2013-12-01 01:54:10","2013-12-01 02:01:49","168","W 18 St & 6 Ave","40.73971301","-73.99456405","507","E 25 St & 2 Ave","40.73912601","-73.97973776","18897","Subscriber","1983","1"
"368","2013-12-01 01:54:24","2013-12-01 02:00:32","257","Lispenard St & Broadway","40.71939226","-74.00247214","195","Liberty St & Broadway","40.70905623","-74.01043382","18715","Subscriber","1976","1"
"370","2013-12-01 01:54:34","2013-12-01 02:00:44","526","E 33 St & 5 Ave","40.74765947","-73.98490707","537","Lexington Ave & E 24 St","40.74025878","-73.98409214","20808","Subscriber","1980","1"
"202","2013-12-01 01:54:37","2013-12-01 01:57:59","499","Broadway & W 60 St","40.76915505","-73.98191841","422","W 59 St & 10 Ave","40.770513","-73.988038","16228","Subscriber","1974","1"
"459","2013-12-01 01:56:07","2013-12-01 02:03:46","459","W 20 St & 11 Ave","40.746745","-74.007756","450","W 49 St & 8 Ave","40.76227205","-73.98788205","16637","Subscriber","1940","1"
"214","2013-12-01 01:56:16","2013-12-01 01:59:50","401","Allen St & Rivington St","40.72019576","-73.98997825","458","11 Ave & W 27 St","40.751396","-74.005226","20790","Subscriber","1990","1"
"46917","2013-12-01 01:56:46","2013-12-01 14:58:43","438","St Marks Pl & 1 Ave","40.72779126","-73.98564945","466","W 25 St & 6 Ave","40.74395411","-73.99144871","17324","Subscriber","1988","1"
"711","2013-12-01 01:58:03","2013-12-01 02:09:54","433","E 13 St & Avenue A","40.72955361","-73.98057249","223","W 13 St & 7 Ave","40.73781509","-73.99994661","17723","Subscriber","1984","2"
"830","2013-12-01 01:58:29","2013-12-01 02:12:19","307","Canal St & Rutgers St","40.71427487","-73.98990025","297","E 15 St & 3 Ave","40.734232","-73.986923","19165","Subscriber","1987","1"
"294","2013-12-01 01:59:01","2013-12-01 02:03:55","445","E 10 St & Avenue A","40.72740794","-73.98142006","302","Avenue D & E 3 St","40.72082834","-73.97793172","20336","Subscriber","1978","1"
"397","2013-12-01 01:59:19","2013-12-01 02:05:56","410","Suffolk St & Stanton St","40.72066442","-73.98517977","428","E 3 St & 1 Ave","40.72467721","-73.98783413","17693","Subscriber","1982","1"
"419","2013-12-01 01:59:32","2013-12-01 02:06:31","458","11 Ave & W 27 St","40.751396","-74.005226","445","E 10 St & Avenue A","40.72740794","-73.98142006","15435","Subscriber","1985","1"
"182","2013-12-01 01:59:34","2013-12-01 02:02:36","494","W 26 St & 8 Ave","40.74734825","-73.99723551","489","10 Ave & W 28 St","40.75066386","-74.00176802","18265","Subscriber","1981","1"
"1054","2013-12-01 01:59:40","2013-12-01 02:17:14","457","Broadway & W 58 St","40.76695317","-73.98169333","504","1 Ave & E 15 St","40.73221853","-73.98165557","17779","Subscriber","1983","1"
"408","2013-12-01 01:59:48","2013-12-01 02:06:36","387","Centre St & Chambers St","40.71273266","-74.0046073","3002","South End Ave & Liberty St","40.711512","-74.015756","19489","Subscriber","1989","1"
"412","2013-12-01 01:59:54","2013-12-01 02:06:46","285","Broadway & E 14 St","40.73454567","-73.99074142","445","E 10 St & Avenue A","40.72740794","-73.98142006","17884","Subscriber","1981","2"
"149","2013-12-01 02:00:29","2013-12-01 02:02:58","2021","W 45 St & 8 Ave","40.75929124","-73.98859651","495","W 47 St & 10 Ave","40.76269882","-73.99301222","16891","Subscriber","1986","1"
"1322","2013-12-01 02:00:43","2013-12-01 02:22:45","519","Pershing Square N","40.75188406","-73.97770164","358","Christopher St & Greenwich St","40.73291553","-74.00711384","17518","Subscriber","1963","1"
"616","2013-12-01 02:01:07","2013-12-01 02:11:23","151","Cleveland Pl & Spring St","40.7218158","-73.99720307","306","Cliff St & Fulton St","40.70823502","-74.00530063","16593","Subscriber","1988","1"
"1647","2013-12-01 02:01:08","2013-12-01 02:28:35","2002","Wythe Ave & Metropolitan Ave","40.716887","-73.963198","407","Henry St & Poplar St","40.700469","-73.991454","20181","Subscriber","1981","1"
"543","2013-12-01 02:01:17","2013-12-01 02:10:20","345","W 13 St & 6 Ave","40.73649403","-73.99704374","546","E 30 St & Park Ave S","40.74444921","-73.98303529","18034","Subscriber","1974","1"
"656","2013-12-01 02:01:51","2013-12-01 02:12:47","461","E 20 St & 2 Ave","40.73587678","-73.98205027","401","Allen St & Rivington St","40.72019576","-73.98997825","17751","Subscriber","1990","1"
"523","2013-12-01 02:02:15","2013-12-01 02:10:58","2021","W 45 St & 8 Ave","40.75929124","-73.98859651","522","E 51 St & Lexington Ave","40.75714758","-73.97207836","17590","Subscriber","1985","1"
"493","2013-12-01 02:02:57","2013-12-01 02:11:10","127","Barrow St & Hudson St","40.73172428","-74.00674436","470","W 20 St & 8 Ave","40.74345335","-74.00004031","17509","Subscriber","1984","1"
"384","2013-12-01 02:03:42","2013-12-01 02:10:06","475","E 16 St & Irving Pl","40.73524276","-73.98758561","528","2 Ave & E 31 St","40.74290902","-73.97706058","20988","Subscriber","1987","1"
"673","2013-12-01 02:04:03","2013-12-01 02:15:16","336","Sullivan St & Washington Sq","40.73047747","-73.99906065","2003","1 Ave & E 18 St","40.73416059","-73.98024289","19847","Subscriber","1984","1"
"376","2013-12-01 02:05:01","2013-12-01 02:11:17","457","Broadway & W 58 St","40.76695317","-73.98169333","480","W 53 St & 10 Ave","40.76669671","-73.99061728","16188","Subscriber","1985","1"
"693","2013-12-01 02:05:44","2013-12-01 02:17:17","495","W 47 St & 10 Ave","40.76269882","-73.99301222","463","9 Ave & W 16 St","40.74206539","-74.00443172","20613","Subscriber","1965","1"
"1813","2013-12-01 02:06:26","2013-12-01 02:36:39","470","W 20 St & 8 Ave","40.74345335","-74.00004031","116","W 17 St & 8 Ave","40.74177603","-74.00149746","19625","Subscriber","1964","1"
"452","2013-12-01 02:06:33","2013-12-01 02:14:05","516","E 47 St & 1 Ave","40.75206862","-73.96784384","510","W 51 St & 6 Ave","40.7606597","-73.98042047","14623","Subscriber","1975","1"
"146","2013-12-01 02:06:49","2013-12-01 02:09:15","237","E 11 St & 2 Ave","40.73047309","-73.98672378","300","Shevchenko Pl & E 6 St","40.728145","-73.990214","20879","Subscriber","1990","1"
"857","2013-12-01 02:07:18","2013-12-01 02:21:35","428","E 3 St & 1 Ave","40.72467721","-73.98783413","476","E 31 St & 3 Ave","40.74394314","-73.97966069","17693","Subscriber","1982","1"
"447","2013-12-01 02:09:51","2013-12-01 02:17:18","476","E 31 St & 3 Ave","40.74394314","-73.97966069","236","St Marks Pl & 2 Ave","40.7284186","-73.98713956","14729","Subscriber","1981","1"
"323","2013-12-01 02:10:06","2013-12-01 02:15:29","488","W 39 St & 9 Ave","40.75645824","-73.99372222","449","W 52 St & 9 Ave","40.76461837","-73.98789473","16659","Subscriber","1989","1"
"229","2013-12-01 02:10:29","2013-12-01 02:14:18","258","DeKalb Ave & Vanderbilt Ave","40.68940747","-73.96885458","120","Lexington Ave & Classon Ave","40.68676793","-73.95928168","20016","Subscriber","1981","1"
"211","2013-12-01 02:10:53","2013-12-01 02:14:24","361","Allen St & Hester St","40.71605866","-73.99190759","350","Clinton St & Grand St","40.71559509","-73.9870295","16550","Subscriber","1984","1"
"362","2013-12-01 02:11:34","2013-12-01 02:17:36","164","E 47 St & 2 Ave","40.75323098","-73.97032517","528","2 Ave & E 31 St","40.74290902","-73.97706058","15401","Subscriber","1975","1"
"457","2013-12-01 02:13:23","2013-12-01 02:21:00","83","Atlantic Ave & Fort Greene Pl","40.68382604","-73.97632328","365","Fulton St & Grand Ave","40.68223166","-73.9614583","19459","Subscriber","1980","1"
"957","2013-12-01 02:13:36","2013-12-01 02:29:33","434","9 Ave & W 18 St","40.74317449","-74.00366443","434","9 Ave & W 18 St","40.74317449","-74.00366443","20534","Subscriber","1992","1"
"192","2013-12-01 02:14:46","2013-12-01 02:17:58","410","Suffolk St & Stanton St","40.72066442","-73.98517977","403","E 2 St & 2 Ave","40.72502876","-73.99069656","17776","Subscriber","1988","1"
"580","2013-12-01 02:16:53","2013-12-01 02:26:33","504","1 Ave & E 15 St","40.73221853","-73.98165557","150","E 2 St & Avenue C","40.7208736","-73.98085795","20046","Subscriber","1990","1"
"258","2013-12-01 02:17:19","2013-12-01 02:21:37","257","Lispenard St & Broadway","40.71939226","-74.00247214","412","Forsyth St & Canal St","40.7158155","-73.99422366","19278","Subscriber","1960","1"
"914","2013-12-01 02:17:43","2013-12-01 02:32:57","528","2 Ave & E 31 St","40.74290902","-73.97706058","342","Columbia St & Rivington St","40.71739973","-73.98016555","15327","Subscriber","1975","1"
"386","2013-12-01 02:17:59","2013-12-01 02:24:25","293","Lafayette St & E 8 St","40.73028666","-73.9907647","303","Mercer St & Spring St","40.72362738","-73.99949601","20137","Subscriber","1986","1"
"452","2013-12-01 02:18:44","2013-12-01 02:26:16","505","6 Ave & W 33 St","40.74901271","-73.98848395","167","E 39 St & 3 Ave","40.7489006","-73.97604882","19506","Subscriber","1991","1"
"402","2013-12-01 02:19:59","2013-12-01 02:26:41","212","W 16 St & The High Line","40.74334935","-74.00681753","442","W 27 St & 7 Ave","40.746647","-73.993915","16911","Subscriber","1980","1"
"366","2013-12-01 02:20:22","2013-12-01 02:26:28","465","Broadway & W 41 St","40.75513557","-73.98658032","474","5 Ave & E 29 St","40.7451677","-73.98683077","18218","Subscriber","1972","1"
"256","2013-12-01 02:20:22","2013-12-01 02:24:38","347","W Houston St & Hudson St","40.72873888","-74.00748842","346","Bank St & Hudson St","40.73652889","-74.00618026","20831","Subscriber","1981","1"
"1127","2013-12-01 02:21:50","2013-12-01 02:40:37","325","E 19 St & 3 Ave","40.73624527","-73.98473765","236","St Marks Pl & 2 Ave","40.7284186","-73.98713956","19721","Subscriber","1984","1"
"765","2013-12-01 02:22:03","2013-12-01 02:34:48","238","Bank St & Washington St","40.7361967","-74.00859207","435","W 21 St & 6 Ave","40.74173969","-73.99415556","14574","Subscriber","1983","1"
"366","2013-12-01 02:22:13","2013-12-01 02:28:19","325","E 19 St & 3 Ave","40.73624527","-73.98473765","527","E 33 St & 1 Ave","40.74315566","-73.97434726","15949","Subscriber","1989","1"
"122","2013-12-01 02:22:15","2013-12-01 02:24:17","268","Howard St & Centre St","40.71910537","-73.99973337","263","Elizabeth St & Hester St","40.71729","-73.996375","14720","Subscriber","1990","1"
"1190","2013-12-01 02:23:15","2013-12-01 02:43:05","265","Stanton St & Chrystie St","40.72229346","-73.99147535","224","Spruce St & Nassau St","40.71146364","-74.00552427","20605","Customer",\N,"0"
"209","2013-12-01 02:24:55","2013-12-01 02:28:24","236","St Marks Pl & 2 Ave","40.7284186","-73.98713956","428","E 3 St & 1 Ave","40.72467721","-73.98783413","15654","Subscriber","1961","1"
"209","2013-12-01 02:25:08","2013-12-01 02:28:37","444","Broadway & W 24 St","40.7423543","-73.98915076","497","E 17 St & Broadway","40.73704984","-73.99009296","14600","Subscriber","1987","1"
"738","2013-12-01 02:25:24","2013-12-01 02:37:42","448","W 37 St & 10 Ave","40.75660359","-73.9979009","423","W 54 St & 9 Ave","40.76584941","-73.98690506","16251","Subscriber","1978","2"
"1012","2013-12-01 02:26:10","2013-12-01 02:43:02","265","Stanton St & Chrystie St","40.72229346","-73.99147535","224","Spruce St & Nassau St","40.71146364","-74.00552427","18746","Customer",\N,"0"
"891","2013-12-01 02:27:36","2013-12-01 02:42:27","265","Stanton St & Chrystie St","40.72229346","-73.99147535","224","Spruce St & Nassau St","40.71146364","-74.00552427","19177","Customer",\N,"0"
"185","2013-12-01 02:27:57","2013-12-01 02:31:02","2006","Central Park S & 6 Ave","40.76590936","-73.97634151","499","Broadway & W 60 St","40.76915505","-73.98191841","15080","Subscriber","1976","1"
"566","2013-12-01 02:30:24","2013-12-01 02:39:50","151","Cleveland Pl & Spring St","40.7218158","-73.99720307","475","E 16 St & Irving Pl","40.73524276","-73.98758561","20773","Subscriber","1970","1"
"1398","2013-12-01 02:30:28","2013-12-01 02:53:46","245","Myrtle Ave & St Edwards St","40.69327018","-73.97703874","266","Avenue D & E 8 St","40.72368361","-73.97574813","16811","Subscriber","1987","1"
"631","2013-12-01 02:30:31","2013-12-01 02:41:02","505","6 Ave & W 33 St","40.74901271","-73.98848395","468","Broadway & W 55 St","40.7652654","-73.98192338","19374","Subscriber","1985","1"
"367","2013-12-01 02:32:26","2013-12-01 02:38:33","317","E 6 St & Avenue B","40.72453734","-73.98185424","359","E 47 St & Park Ave","40.75510267","-73.97498696","20749","Subscriber","1989","1"
"590","2013-12-01 02:33:36","2013-12-01 02:43:26","290","2 Ave & E 58 St","40.76020258","-73.96478473","461","E 20 St & 2 Ave","40.73587678","-73.98205027","16362","Subscriber","1991","1"
"526","2013-12-01 02:33:57","2013-12-01 02:42:43","503","E 20 St & Park Ave","40.73827428","-73.98751968","293","Lafayette St & E 8 St","40.73028666","-73.9907647","15905","Subscriber","1973","1"
"236","2013-12-01 02:35:03","2013-12-01 02:38:59","504","1 Ave & E 15 St","40.73221853","-73.98165557","174","E 25 St & 1 Ave","40.7381765","-73.97738662","17779","Subscriber","1991","1"
"107","2013-12-01 02:35:09","2013-12-01 02:36:56","251","Mott St & Prince St","40.72317958","-73.99480012","151","Cleveland Pl & Spring St","40.7218158","-73.99720307","19307","Subscriber","1983","1"
"294","2013-12-01 02:35:30","2013-12-01 02:40:24","401","Allen St & Rivington St","40.72019576","-73.98997825","236","St Marks Pl & 2 Ave","40.7284186","-73.98713956","17629","Subscriber","1984","1"
"282","2013-12-01 02:35:57","2013-12-01 02:40:39","472","E 32 St & Park Ave","40.7457121","-73.98194829","174","E 25 St & 1 Ave","40.7381765","-73.97738662","17652","Subscriber","1988","1"
"386","2013-12-01 02:35:59","2013-12-01 02:42:25","295","Pike St & E Broadway","40.71406667","-73.99293911","316","Fulton St & William St","40.70955958","-74.00653609","19769","Subscriber","1960","1"
"767","2013-12-01 02:36:07","2013-12-01 02:48:54","404","9 Ave & W 14 St","40.7405826","-74.00550867","433","E 13 St & Avenue A","40.72955361","-73.98057249","20964","Subscriber","1974","1"
"337","2013-12-01 02:37:13","2013-12-01 02:42:50","285","Broadway & E 14 St","40.73454567","-73.99074142","375","Mercer St & Bleecker St","40.72679454","-73.99695094","14834","Subscriber","1981","1"
"1658","2013-12-01 02:37:24","2013-12-01 03:05:02","225","W 14 St & The High Line","40.74195138","-74.00803013","337","Old Slip & Front St","40.7037992","-74.00838676","18294","Subscriber","1989","2"
"170","2013-12-01 02:37:32","2013-12-01 02:40:22","504","1 Ave & E 15 St","40.73221853","-73.98165557","487","E 20 St & FDR Drive","40.73314259","-73.97573881","19821","Subscriber","1991","1"
"530","2013-12-01 02:38:00","2013-12-01 02:46:50","485","W 37 St & 5 Ave","40.75038009","-73.98338988","252","MacDougal St & Washington Sq","40.73226398","-73.99852205","20866","Subscriber","1993","1"
"477","2013-12-01 02:38:28","2013-12-01 02:46:25","438","St Marks Pl & 1 Ave","40.72779126","-73.98564945","254","W 11 St & 6 Ave","40.73532427","-73.99800419","17819","Subscriber","1965","1"
"1168","2013-12-01 02:39:15","2013-12-01 02:58:43","311","Norfolk St & Broome St","40.7172274","-73.98802084","516","E 47 St & 1 Ave","40.75206862","-73.96784384","19490","Subscriber","1960","1"
"379","2013-12-01 02:40:19","2013-12-01 02:46:38","438","St Marks Pl & 1 Ave","40.72779126","-73.98564945","507","E 25 St & 2 Ave","40.73912601","-73.97973776","19831","Subscriber","1993","1"
"205","2013-12-01 02:40:27","2013-12-01 02:43:52","334","W 20 St & 7 Ave","40.74238787","-73.99726235","434","9 Ave & W 18 St","40.74317449","-74.00366443","20382","Subscriber","1985","1"
"187","2013-12-01 02:42:19","2013-12-01 02:45:26","402","Broadway & E 22 St","40.7403432","-73.98955109","540","Lexington Ave & E 26 St","40.74147286","-73.98320928","17879","Subscriber","1988","1"
"199","2013-12-01 02:42:56","2013-12-01 02:46:15","539","Metropolitan Ave & Bedford Ave","40.71534825","-73.96024116","460","S 4 St & Wythe Ave","40.71285887","-73.96590294","19937","Subscriber","1983","1"
"573","2013-12-01 02:44:27","2013-12-01 02:54:00","504","1 Ave & E 15 St","40.73221853","-73.98165557","263","Elizabeth St & Hester St","40.71729","-73.996375","19710","Subscriber","1983","2"
"259","2013-12-01 02:44:43","2013-12-01 02:49:02","236","St Marks Pl & 2 Ave","40.7284186","-73.98713956","323","Lawrence St & Willoughby St","40.69236178","-73.98631746","17148","Subscriber","1978","1"
"1368","2013-12-01 02:44:59","2013-12-01 03:07:47","539","Metropolitan Ave & Bedford Ave","40.71534825","-73.96024116","300","Shevchenko Pl & E 6 St","40.728145","-73.990214","20253","Subscriber","1978","1"
"221","2013-12-01 02:45:27","2013-12-01 02:49:08","293","Lafayette St & E 8 St","40.73028666","-73.9907647","383","Greenwich Ave & Charles St","40.735238","-74.000271","16670","Subscriber","1985","1"
"1915","2013-12-01 02:46:59","2013-12-01 03:18:54","307","Canal St & Rutgers St","40.71427487","-73.98990025","479","9 Ave & W 45 St","40.76019252","-73.9912551","14982","Subscriber","1966","1"
"544","2013-12-01 02:47:01","2013-12-01 02:56:05","236","St Marks Pl & 2 Ave","40.7284186","-73.98713956","266","Avenue D & E 8 St","40.72368361","-73.97574813","14592","Subscriber","1992","1"
"454","2013-12-01 02:47:32","2013-12-01 02:55:06","380","W 4 St & 7 Ave S","40.73401143","-74.00293877","79","Franklin St & W Broadway","40.71911552","-74.00666661","18605","Subscriber","1947","1"
"441","2013-12-01 02:47:32","2013-12-01 02:54:53","380","W 4 St & 7 Ave S","40.73401143","-74.00293877","79","Franklin St & W Broadway","40.71911552","-74.00666661","17136","Subscriber","1962","2"
"436","2013-12-01 02:47:40","2013-12-01 02:54:56","380","W 4 St & 7 Ave S","40.73401143","-74.00293877","79","Franklin St & W Broadway","40.71911552","-74.00666661","18806","Subscriber","1963","1"
"632","2013-12-01 02:47:48","2013-12-01 02:58:20","383","Greenwich Ave & Charles St","40.735238","-74.000271","355","Bayard St & Baxter St","40.71602118","-73.99974372","19757","Subscriber","1982","1"
"96","2013-12-01 02:48:31","2013-12-01 02:50:07","410","Suffolk St & Stanton St","40.72066442","-73.98517977","301","E 2 St & Avenue B","40.72217444","-73.98368779","16950","Subscriber","1989","1"
"281","2013-12-01 02:50:38","2013-12-01 02:55:19","252","MacDougal St & Washington Sq","40.73226398","-73.99852205","382","University Pl & E 14 St","40.73492695","-73.99200509","20740","Subscriber","1973","1"
"296","2013-12-01 02:50:56","2013-12-01 02:55:52","380","W 4 St & 7 Ave S","40.73401143","-74.00293877","358","Christopher St & Greenwich St","40.73291553","-74.00711384","16103","Subscriber","1987","2"
"169","2013-12-01 02:51:46","2013-12-01 02:54:35","434","9 Ave & W 18 St","40.74317449","-74.00366443","462","W 22 St & 10 Ave","40.74691959","-74.00451887","17339","Subscriber","1965","1"
"678","2013-12-01 02:52:43","2013-12-01 03:04:01","428","E 3 St & 1 Ave","40.72467721","-73.98783413","528","2 Ave & E 31 St","40.74290902","-73.97706058","15654","Subscriber","1959","1"
"305","2013-12-01 02:52:55","2013-12-01 02:58:00","528","2 Ave & E 31 St","40.74290902","-73.97706058","485","W 37 St & 5 Ave","40.75038009","-73.98338988","20988","Subscriber","1986","1"
"530","2013-12-01 02:53:42","2013-12-01 03:02:32","312","Allen St & E Houston St","40.722055","-73.989111","293","Lafayette St & E 8 St","40.73028666","-73.9907647","15739","Subscriber","1990","1"
"1225","2013-12-01 02:54:59","2013-12-01 03:15:24","387","Centre St & Chambers St","40.71273266","-74.0046073","232","Cadman Plaza E & Tillary St","40.69597683","-73.99014892","19441","Customer",\N,"0"
"1210","2013-12-01 02:55:07","2013-12-01 03:15:17","387","Centre St & Chambers St","40.71273266","-74.0046073","232","Cadman Plaza E & Tillary St","40.69597683","-73.99014892","17092","Customer",\N,"0"
"367","2013-12-01 02:55:12","2013-12-01 03:01:19","441","E 52 St & 2 Ave","40.756014","-73.967416","160","E 37 St & Lexington Ave","40.748238","-73.978311","17302","Subscriber","1990","1"
"1190","2013-12-01 02:55:28","2013-12-01 03:15:18","387","Centre St & Chambers St","40.71273266","-74.0046073","232","Cadman Plaza E & Tillary St","40.69597683","-73.99014892","15574","Customer",\N,"0"
"1579","2013-12-01 02:57:31","2013-12-01 03:23:50","326","E 11 St & 1 Ave","40.72953837","-73.98426726","326","E 11 St & 1 Ave","40.72953837","-73.98426726","20347","Subscriber","1966","2"
"635","2013-12-01 02:57:33","2013-12-01 03:08:08","2004","6 Ave & Broome St","40.724399","-74.004704","376","John St & William St","40.70862144","-74.00722156","15185","Subscriber","1983","1"
"1102","2013-12-01 02:59:05","2013-12-01 03:17:27","499","Broadway & W 60 St","40.76915505","-73.98191841","470","W 20 St & 8 Ave","40.74345335","-74.00004031","17616","Subscriber","1973","1"
"234","2013-12-01 02:59:40","2013-12-01 03:03:34","345","W 13 St & 6 Ave","40.73649403","-73.99704374","247","Perry St & Bleecker St","40.73535398","-74.00483091","15173","Subscriber","1980","1"
"1160","2013-12-01 02:59:57","2013-12-01 03:19:17","312","Allen St & E Houston St","40.722055","-73.989111","300","Shevchenko Pl & E 6 St","40.728145","-73.990214","19113","Subscriber","1988","1"
"552","2013-12-01 03:01:30","2013-12-01 03:10:42","311","Norfolk St & Broome St","40.7172274","-73.98802084","511","E 14 St & Avenue B","40.72938685","-73.97772429","18238","Subscriber","1989","1"
"260","2013-12-01 03:03:12","2013-12-01 03:07:32","293","Lafayette St & E 8 St","40.73028666","-73.9907647","336","Sullivan St & Washington Sq","40.73047747","-73.99906065","15739","Subscriber","1980","1"
"259","2013-12-01 03:04:34","2013-12-01 03:08:53","296","Division St & Bowery","40.71413089","-73.9970468","401","Allen St & Rivington St","40.72019576","-73.98997825","18093","Subscriber","1987","1"
"287","2013-12-01 03:04:39","2013-12-01 03:09:26","457","Broadway & W 58 St","40.76695317","-73.98169333","480","W 53 St & 10 Ave","40.76669671","-73.99061728","19445","Subscriber","1986","1"
"475","2013-12-01 03:04:51","2013-12-01 03:12:46","536","1 Ave & E 30 St","40.74144387","-73.97536082","504","1 Ave & E 15 St","40.73221853","-73.98165557","16893","Subscriber","1975","1"
"148","2013-12-01 03:05:33","2013-12-01 03:08:01","233","Joralemon St & Adams St","40.69246277","-73.98963911","322","Clinton St & Tillary St","40.696192","-73.991218","20196","Subscriber","1955","1"
"715","2013-12-01 03:06:11","2013-12-01 03:18:06","401","Allen St & Rivington St","40.72019576","-73.98997825","430","York St & Jay St","40.7014851","-73.98656928","19669","Subscriber","1984","1"
"1334","2013-12-01 03:06:26","2013-12-01 03:28:40","401","Allen St & Rivington St","40.72019576","-73.98997825","120","Lexington Ave & Classon Ave","40.68676793","-73.95928168","20790","Subscriber","1982","1"
"709","2013-12-01 03:06:54","2013-12-01 03:18:43","395","Bond St & Schermerhorn St","40.68807003","-73.98410637","313","Washington Ave & Park Ave","40.69610226","-73.96751037","16700","Subscriber","1985","1"
"223","2013-12-01 03:12:17","2013-12-01 03:16:00","294","Washington Square E","40.73049393","-73.9957214","483","E 12 St & 3 Ave","40.73223272","-73.98889957","17363","Subscriber","1992","1"
"550","2013-12-01 03:14:32","2013-12-01 03:23:42","477","W 41 St & 8 Ave","40.75640548","-73.9900262","446","W 24 St & 7 Ave","40.74487634","-73.99529885","20349","Subscriber","1984","2"
"287","2013-12-01 03:14:52","2013-12-01 03:19:39","348","W Broadway & Spring St","40.72490985","-74.00154702","355","Bayard St & Baxter St","40.71602118","-73.99974372","17500","Subscriber","1977","1"
"486","2013-12-01 03:16:25","2013-12-01 03:24:31","232","Cadman Plaza E & Tillary St","40.69597683","-73.99014892","217","Old Fulton St","40.70277159","-73.99383605","17092","Customer",\N,"0"
"447","2013-12-01 03:17:02","2013-12-01 03:24:29","232","Cadman Plaza E & Tillary St","40.69597683","-73.99014892","217","Old Fulton St","40.70277159","-73.99383605","15574","Customer",\N,"0"
"391","2013-12-01 03:17:54","2013-12-01 03:24:25","232","Cadman Plaza E & Tillary St","40.69597683","-73.99014892","217","Old Fulton St","40.70277159","-73.99383605","18070","Customer",\N,"0"
"927","2013-12-01 03:18:28","2013-12-01 03:33:55","473","Rivington St & Chrystie St","40.72110063","-73.9919254","261","Johnson St & Gold St","40.69474881","-73.98362464","20133","Subscriber","1992","1"
"196","2013-12-01 03:19:05","2013-12-01 03:22:21","223","W 13 St & 7 Ave","40.73781509","-73.99994661","382","University Pl & E 14 St","40.73492695","-73.99200509","19507","Subscriber","1990","1"
"700","2013-12-01 03:19:53","2013-12-01 03:31:33","433","E 13 St & Avenue A","40.72955361","-73.98057249","540","Lexington Ave & E 26 St","40.74147286","-73.98320928","17114","Subscriber","1989","1"
"1008","2013-12-01 03:20:39","2013-12-01 03:37:27","539","Metropolitan Ave & Bedford Ave","40.71534825","-73.96024116","399","Lafayette Ave & St James Pl","40.68851534","-73.9647628","19820","Subscriber","1974","1"
"809","2013-12-01 03:23:02","2013-12-01 03:36:31","497","E 17 St & Broadway","40.73704984","-73.99009296","488","W 39 St & 9 Ave","40.75645824","-73.99372222","20233","Subscriber","1964","1"
"930","2013-12-01 03:23:21","2013-12-01 03:38:51","284","Greenwich Ave & 8 Ave","40.7390169121","-74.0026376103","340","Madison St & Clinton St","40.71269042","-73.98776323","19716","Subscriber","1979","1"
"918","2013-12-01 03:24:23","2013-12-01 03:39:41","489","10 Ave & W 28 St","40.75066386","-74.00176802","2003","1 Ave & E 18 St","40.73416059","-73.98024289","19614","Subscriber","1988","1"
"244","2013-12-01 03:24:28","2013-12-01 03:28:32","380","W 4 St & 7 Ave S","40.73401143","-74.00293877","405","Washington St & Gansevoort St","40.739323","-74.008119","19761","Subscriber","1980","1"
"214","2013-12-01 03:26:32","2013-12-01 03:30:06","540","Lexington Ave & E 26 St","40.74147286","-73.98320928","472","E 32 St & Park Ave","40.7457121","-73.98194829","18373","Subscriber","1980","1"
"404","2013-12-01 03:27:11","2013-12-01 03:33:55","445","E 10 St & Avenue A","40.72740794","-73.98142006","349","Rivington St & Ridge St","40.71850211","-73.98329859","18798","Subscriber","1973","1"
"471","2013-12-01 03:28:36","2013-12-01 03:36:27","485","W 37 St & 5 Ave","40.75038009","-73.98338988","528","2 Ave & E 31 St","40.74290902","-73.97706058","20988","Subscriber","1986","1"
"323","2013-12-01 03:29:12","2013-12-01 03:34:35","471","Grand St & Havemeyer St","40.71286844","-73.95698119","539","Metropolitan Ave & Bedford Ave","40.71534825","-73.96024116","17942","Subscriber","1985","1"
"251","2013-12-01 03:32:28","2013-12-01 03:36:39","225","W 14 St & The High Line","40.74195138","-74.00803013","284","Greenwich Ave & 8 Ave","40.7390169121","-74.0026376103","16165","Subscriber","1984","1"
"629","2013-12-01 03:32:41","2013-12-01 03:43:10","375","Mercer St & Bleecker St","40.72679454","-73.99695094","482","W 15 St & 7 Ave","40.73935542","-73.99931783","19447","Subscriber","1963","1"
"352","2013-12-01 03:33:08","2013-12-01 03:39:00","472","E 32 St & Park Ave","40.7457121","-73.98194829","498","Broadway & W 32 St","40.74854862","-73.98808416","18373","Subscriber","1980","1"
"164","2013-12-01 03:36:11","2013-12-01 03:38:55","350","Clinton St & Grand St","40.71559509","-73.9870295","502","Henry St & Grand St","40.714215","-73.981346","17257","Subscriber","1969","1"
"177","2013-12-01 03:36:59","2013-12-01 03:39:56","403","E 2 St & 2 Ave","40.72502876","-73.99069656","401","Allen St & Rivington St","40.72019576","-73.98997825","19723","Subscriber","1988","1"
"301","2013-12-01 03:38:46","2013-12-01 03:43:47","151","Cleveland Pl & Spring St","40.7218158","-73.99720307","2004","6 Ave & Broome St","40.724399","-74.004704","14745","Subscriber","1983","1"
"566","2013-12-01 03:38:50","2013-12-01 03:48:16","301","E 2 St & Avenue B","40.72217444","-73.98368779","308","St James Pl & Oliver St","40.71307916","-73.99851193","17147","Subscriber","1985","1"
"1737","2013-12-01 03:39:05","2013-12-01 04:08:02","312","Allen St & E Houston St","40.722055","-73.989111","278","Concord St & Bridge St","40.69766564","-73.98476437","17716","Subscriber","1980","1"
"340","2013-12-01 03:40:55","2013-12-01 03:46:35","459","W 20 St & 11 Ave","40.746745","-74.007756","252","MacDougal St & Washington Sq","40.73226398","-73.99852205","16400","Subscriber","1986","1"
"274","2013-12-01 03:41:30","2013-12-01 03:46:04","229","Great Jones St","40.72743423","-73.99379025","303","Mercer St & Spring St","40.72362738","-73.99949601","20580","Subscriber","1980","1"
"318","2013-12-01 03:42:09","2013-12-01 03:47:27","382","University Pl & E 14 St","40.73492695","-73.99200509","161","LaGuardia Pl & W 3 St","40.72917025","-73.99810231","20740","Subscriber","1979","1"
"655","2013-12-01 03:42:13","2013-12-01 03:53:08","432","E 7 St & Avenue A","40.72621788","-73.98379855","432","E 7 St & Avenue A","40.72621788","-73.98379855","18641","Subscriber","1973","1"
"459","2013-12-01 03:43:12","2013-12-01 03:50:51","79","Franklin St & W Broadway","40.71911552","-74.00666661","328","Watts St & Greenwich St","40.72405549","-74.00965965","17136","Subscriber","1959","1"
"161","2013-12-01 03:43:41","2013-12-01 03:46:22","468","Broadway & W 55 St","40.7652654","-73.98192338","449","W 52 St & 9 Ave","40.76461837","-73.98789473","18258","Subscriber","1980","1"
"509","2013-12-01 03:43:59","2013-12-01 03:52:28","394","E 9 St & Avenue C","40.72521311","-73.97768752","507","E 25 St & 2 Ave","40.73912601","-73.97973776","15384","Subscriber","1947","1"
"1045","2013-12-01 03:46:03","2013-12-01 04:03:28","253","W 13 St & 5 Ave","40.73543934","-73.99453948","516","E 47 St & 1 Ave","40.75206862","-73.96784384","17474","Subscriber","1986","1"
"398","2013-12-01 03:46:21","2013-12-01 03:52:59","489","10 Ave & W 28 St","40.75066386","-74.00176802","434","9 Ave & W 18 St","40.74317449","-74.00366443","17426","Subscriber","1978","1"
"583","2013-12-01 03:46:28","2013-12-01 03:56:11","161","LaGuardia Pl & W 3 St","40.72917025","-73.99810231","393","E 5 St & Avenue C","40.72299208","-73.97995466","16815","Subscriber","1989","2"
"162","2013-12-01 03:46:41","2013-12-01 03:49:23","518","E 39 St & 2 Ave","40.74780373","-73.9734419","528","2 Ave & E 31 St","40.74290902","-73.97706058","18505","Subscriber","1969","1"
"172","2013-12-01 03:47:09","2013-12-01 03:50:01","305","E 58 St & 3 Ave","40.76095756","-73.96724467","2023","E 55 St & Lexington Ave","40.75968085","-73.97031366","16140","Subscriber","1960","1"
"1142","2013-12-01 03:47:45","2013-12-01 04:06:47","161","LaGuardia Pl & W 3 St","40.72917025","-73.99810231","478","11 Ave & W 41 St","40.76030096","-73.99884222","18109","Subscriber","1984","1"
"1486","2013-12-01 03:49:09","2013-12-01 04:13:55","403","E 2 St & 2 Ave","40.72502876","-73.99069656","432","E 7 St & Avenue A","40.72621788","-73.98379855","20189","Customer",\N,"0"
"429","2013-12-01 03:49:30","2013-12-01 03:56:39","349","Rivington St & Ridge St","40.71850211","-73.98329859","537","Lexington Ave & E 24 St","40.74025878","-73.98409214","16389","Subscriber","1987","1"
"137","2013-12-01 03:49:51","2013-12-01 03:52:08","528","2 Ave & E 31 St","40.74290902","-73.97706058","507","E 25 St & 2 Ave","40.73912601","-73.97973776","16089","Subscriber","1969","1"
"1077","2013-12-01 03:50:23","2013-12-01 04:08:20","2023","E 55 St & Lexington Ave","40.75968085","-73.97031366","470","W 20 St & 8 Ave","40.74345335","-74.00004031","20524","Subscriber","1960","1"
"1125","2013-12-01 03:51:00","2013-12-01 04:09:45","116","W 17 St & 8 Ave","40.74177603","-74.00149746","411","E 6 St & Avenue D","40.72228087","-73.97668709","18848","Subscriber","1978","2"
"646","2013-12-01 03:52:18","2013-12-01 04:03:04","404","9 Ave & W 14 St","40.7405826","-74.00550867","297","E 15 St & 3 Ave","40.734232","-73.986923","17456","Subscriber","1987","2"
"877","2013-12-01 03:53:54","2013-12-01 04:08:31","517","Pershing Square S","40.75149263","-73.97798848","476","E 31 St & 3 Ave","40.74394314","-73.97966069","16278","Subscriber","1987","1"
"396","2013-12-01 03:56:03","2013-12-01 04:02:39","236","St Marks Pl & 2 Ave","40.7284186","-73.98713956","174","E 25 St & 1 Ave","40.7381765","-73.97738662","20157","Subscriber","1987","1"
"283","2013-12-01 03:59:50","2013-12-01 04:04:33","359","E 47 St & Park Ave","40.75510267","-73.97498696","545","E 23 St & 1 Ave","40.736502","-73.97809472","20749","Subscriber","1987","1"
"492","2013-12-01 04:00:05","2013-12-01 04:08:17","284","Greenwich Ave & 8 Ave","40.7390169121","-74.0026376103","403","E 2 St & 2 Ave","40.72502876","-73.99069656","14800","Subscriber","1985","1"
"871","2013-12-01 04:00:46","2013-12-01 04:15:17","355","Bayard St & Baxter St","40.71602118","-73.99974372","266","Avenue D & E 8 St","40.72368361","-73.97574813","18150","Subscriber","1991","1"
"483","2013-12-01 04:00:56","2013-12-01 04:08:59","402","Broadway & E 22 St","40.7403432","-73.98955109","511","E 14 St & Avenue B","40.72938685","-73.97772429","15473","Subscriber","1976","1"
"1070","2013-12-01 04:02:39","2013-12-01 04:20:29","153","E 40 St & 5 Ave","40.752062307","-73.9816324043","153","E 40 St & 5 Ave","40.752062307","-73.9816324043","18945","Subscriber","1984","1"
"1139","2013-12-01 04:03:12","2013-12-01 04:22:11","326","E 11 St & 1 Ave","40.72953837","-73.98426726","462","W 22 St & 10 Ave","40.74691959","-74.00451887","20553","Subscriber","1987","1"
"923","2013-12-01 04:05:00","2013-12-01 04:20:23","352","W 56 St & 6 Ave","40.76340613","-73.97722479","504","1 Ave & E 15 St","40.73221853","-73.98165557","19040","Subscriber","1989","1"
"1181","2013-12-01 04:05:00","2013-12-01 04:24:41","449","W 52 St & 9 Ave","40.76461837","-73.98789473","482","W 15 St & 7 Ave","40.73935542","-73.99931783","14636","Subscriber","1950","1"
"213","2013-12-01 04:05:35","2013-12-01 04:09:08","498","Broadway & W 32 St","40.74854862","-73.98808416","444","Broadway & W 24 St","40.7423543","-73.98915076","18316","Subscriber","1965","1"
"368","2013-12-01 04:05:55","2013-12-01 04:12:03","393","E 5 St & Avenue C","40.72299208","-73.97995466","459","W 20 St & 11 Ave","40.746745","-74.007756","17113","Subscriber","1962","1"
"288","2013-12-01 04:08:09","2013-12-01 04:12:57","326","E 11 St & 1 Ave","40.72953837","-73.98426726","461","E 20 St & 2 Ave","40.73587678","-73.98205027","16778","Subscriber","1982","1"
"1002","2013-12-01 04:08:47","2013-12-01 04:25:29","445","E 10 St & Avenue A","40.72740794","-73.98142006","306","Cliff St & Fulton St","40.70823502","-74.00530063","15435","Subscriber","1986","1"
"249","2013-12-01 04:08:55","2013-12-01 04:13:04","505","6 Ave & W 33 St","40.74901271","-73.98848395","523","W 38 St & 8 Ave","40.75466591","-73.99138152","17068","Subscriber","1986","1"
"166","2013-12-01 04:12:27","2013-12-01 04:15:13","311","Norfolk St & Broome St","40.7172274","-73.98802084","502","Henry St & Grand St","40.714215","-73.981346","15804","Subscriber","1983","1"
"248","2013-12-01 04:15:41","2013-12-01 04:19:49","435","W 21 St & 6 Ave","40.74173969","-73.99415556","503","E 20 St & Park Ave","40.73827428","-73.98751968","15653","Subscriber","1987","1"
"300","2013-12-01 04:16:57","2013-12-01 04:21:57","271","Ashland Pl & Hanson Pl","40.68528172","-73.97805813","420","Clermont Ave & Lafayette Ave","40.68764484","-73.96968902","20981","Subscriber","1976","1"
"418","2013-12-01 04:17:29","2013-12-01 04:24:27","401","Allen St & Rivington St","40.72019576","-73.98997825","330","Reade St & Broadway","40.71450451","-74.00562789","18778","Subscriber","1988","1"
"361","2013-12-01 04:17:56","2013-12-01 04:23:57","545","E 23 St & 1 Ave","40.736502","-73.97809472","518","E 39 St & 2 Ave","40.74780373","-73.9734419","15176","Subscriber","1986","1"
"243","2013-12-01 04:19:26","2013-12-01 04:23:29","300","Shevchenko Pl & E 6 St","40.728145","-73.990214","251","Mott St & Prince St","40.72317958","-73.99480012","19035","Subscriber","1977","1"
"1867","2013-12-01 04:19:41","2013-12-01 04:50:48","312","Allen St & E Houston St","40.722055","-73.989111","529","W 42 St & 8 Ave","40.7575699","-73.99098507","17778","Subscriber","1974","1"
"1020","2013-12-01 04:21:37","2013-12-01 04:38:37","432","E 7 St & Avenue A","40.72621788","-73.98379855","369","Washington Pl & 6 Ave","40.73224119","-74.00026394","15904","Customer",\N,"0"
"1094","2013-12-01 04:21:52","2013-12-01 04:40:06","400","Pitt St & Stanton St","40.71926081","-73.98178024","534","Water - Whitehall Plaza","40.70255065","-74.0127234","15566","Subscriber","1987","1"
"1583","2013-12-01 04:29:13","2013-12-01 04:55:36","326","E 11 St & 1 Ave","40.72953837","-73.98426726","422","W 59 St & 10 Ave","40.770513","-73.988038","16395","Customer",\N,"0"
"1717","2013-12-01 04:29:30","2013-12-01 04:58:07","499","Broadway & W 60 St","40.76915505","-73.98191841","422","W 59 St & 10 Ave","40.770513","-73.988038","16301","Customer",\N,"0"
"207","2013-12-01 04:30:50","2013-12-01 04:34:17","486","Broadway & W 29 St","40.7462009","-73.98855723","435","W 21 St & 6 Ave","40.74173969","-73.99415556","20191","Subscriber","1986","1"
"330","2013-12-01 04:30:53","2013-12-01 04:36:23","2021","W 45 St & 8 Ave","40.75929124","-73.98859651","499","Broadway & W 60 St","40.76915505","-73.98191841","18726","Subscriber","1985","1"
"163","2013-12-01 04:34:21","2013-12-01 04:37:04","462","W 22 St & 10 Ave","40.74691959","-74.00451887","434","9 Ave & W 18 St","40.74317449","-74.00366443","16937","Subscriber","1965","1"
"216","2013-12-01 04:34:22","2013-12-01 04:37:58","523","W 38 St & 8 Ave","40.75466591","-73.99138152","505","6 Ave & W 33 St","40.74901271","-73.98848395","17068","Subscriber","1986","1"
"466","2013-12-01 04:34:37","2013-12-01 04:42:23","323","Lawrence St & Willoughby St","40.69236178","-73.98631746","407","Henry St & Poplar St","40.700469","-73.991454","20861","Subscriber","1960","1"
"562","2013-12-01 04:34:49","2013-12-01 04:44:11","441","E 52 St & 2 Ave","40.756014","-73.967416","493","W 45 St & 6 Ave","40.7568001","-73.98291153","20213","Subscriber","1971","1"
"646","2013-12-01 04:35:03","2013-12-01 04:45:49","445","E 10 St & Avenue A","40.72740794","-73.98142006","151","Cleveland Pl & Spring St","40.7218158","-73.99720307","17029","Subscriber","1992","1"
"631","2013-12-01 04:39:21","2013-12-01 04:49:52","150","E 2 St & Avenue C","40.7208736","-73.98085795","297","E 15 St & 3 Ave","40.734232","-73.986923","18059","Subscriber","1990","1"
"758","2013-12-01 04:39:27","2013-12-01 04:52:05","458","11 Ave & W 27 St","40.751396","-74.005226","402","Broadway & E 22 St","40.7403432","-73.98955109","17739","Subscriber","1967","1"
"196","2013-12-01 04:43:58","2013-12-01 04:47:14","293","Lafayette St & E 8 St","40.73028666","-73.9907647","475","E 16 St & Irving Pl","40.73524276","-73.98758561","15535","Subscriber","1987","1"
"533","2013-12-01 04:45:42","2013-12-01 04:54:35","508","W 46 St & 11 Ave","40.76341379","-73.99667444","490","8 Ave & W 33 St","40.751551","-73.993934","18879","Subscriber","1974","1"
"760","2013-12-01 04:47:14","2013-12-01 04:59:54","489","10 Ave & W 28 St","40.75066386","-74.00176802","447","8 Ave & W 52 St","40.76370739","-73.9851615","19927","Subscriber","1965","1"
"301","2013-12-01 04:51:04","2013-12-01 04:56:05","495","W 47 St & 10 Ave","40.76269882","-73.99301222","493","W 45 St & 6 Ave","40.7568001","-73.98291153","15561","Subscriber","1966","1"
"204","2013-12-01 04:52:11","2013-12-01 04:55:35","404","9 Ave & W 14 St","40.7405826","-74.00550867","482","W 15 St & 7 Ave","40.73935542","-73.99931783","18885","Subscriber","1982","1"
"933","2013-12-01 04:57:51","2013-12-01 05:13:24","308","St James Pl & Oliver St","40.71307916","-73.99851193","503","E 20 St & Park Ave","40.73827428","-73.98751968","17147","Subscriber","1978","2"
"2112","2013-12-01 04:58:21","2013-12-01 05:33:33","120","Lexington Ave & Classon Ave","40.68676793","-73.95928168","519","Pershing Square N","40.75188406","-73.97770164","20016","Subscriber","1951","1"
"361","2013-12-01 05:00:58","2013-12-01 05:06:59","521","8 Ave & W 31 St","40.75044999","-73.99481051","448","W 37 St & 10 Ave","40.75660359","-73.9979009","15123","Subscriber","1957","1"
"360","2013-12-01 05:03:36","2013-12-01 05:09:36","334","W 20 St & 7 Ave","40.74238787","-73.99726235","537","Lexington Ave & E 24 St","40.74025878","-73.98409214","15211","Subscriber","1982","1"
"317","2013-12-01 05:03:57","2013-12-01 05:09:14","263","Elizabeth St & Hester St","40.71729","-73.996375","331","Pike St & Monroe St","40.71173107","-73.99193043","16460","Subscriber","1988","1"
"2234","2013-12-01 05:06:20","2013-12-01 05:43:34","531","Forsyth St & Broome St","40.71893904","-73.99266288","442","W 27 St & 7 Ave","40.746647","-73.993915","18071","Subscriber","1987","1"
"889","2013-12-01 05:09:45","2013-12-01 05:24:34","436","Hancock St & Bedford Ave","40.68216564","-73.95399026","539","Metropolitan Ave & Bedford Ave","40.71534825","-73.96024116","18955","Subscriber","1982","2"
"191","2013-12-01 05:10:07","2013-12-01 05:13:18","522","E 51 St & Lexington Ave","40.75714758","-73.97207836","164","E 47 St & 2 Ave","40.75323098","-73.97032517","18944","Subscriber","1965","1"
"579","2013-12-01 05:10:09","2013-12-01 05:19:48","247","Perry St & Bleecker St","40.73535398","-74.00483091","503","E 20 St & Park Ave","40.73827428","-73.98751968","18291","Subscriber","1977","1"
"837","2013-12-01 05:12:17","2013-12-01 05:26:14","260","Broad St & Bridge St","40.70365182","-74.01167797","260","Broad St & Bridge St","40.70365182","-74.01167797","15400","Subscriber","1987","1"
"581","2013-12-01 05:13:33","2013-12-01 05:23:14","504","1 Ave & E 15 St","40.73221853","-73.98165557","284","Greenwich Ave & 8 Ave","40.7390169121","-74.0026376103","19040","Subscriber","1976","1"
"1959","2013-12-01 05:16:45","2013-12-01 05:49:24","483","E 12 St & 3 Ave","40.73223272","-73.98889957","411","E 6 St & Avenue D","40.72228087","-73.97668709","20231","Subscriber","1982","1"
"708","2013-12-01 05:24:18","2013-12-01 05:36:06","499","Broadway & W 60 St","40.76915505","-73.98191841","512","W 29 St & 9 Ave","40.7500727","-73.99839279","20530","Subscriber","1979","1"
"225","2013-12-01 05:26:40","2013-12-01 05:30:25","324","DeKalb Ave & Hudson Ave","40.689888","-73.981013","258","DeKalb Ave & Vanderbilt Ave","40.68940747","-73.96885458","17404","Subscriber","1981","1"
"92","2013-12-01 05:28:43","2013-12-01 05:30:15","367","E 53 St & Lexington Ave","40.75828065","-73.97069431","456","E 53 St & Madison Ave","40.7597108","-73.97402311","17364","Subscriber","1982","1"
"236","2013-12-01 05:28:49","2013-12-01 05:32:45","488","W 39 St & 9 Ave","40.75645824","-73.99372222","525","W 34 St & 11 Ave","40.75594159","-74.0021163","18435","Subscriber","1958","1"
"776","2013-12-01 05:28:53","2013-12-01 05:41:49","476","E 31 St & 3 Ave","40.74394314","-73.97966069","173","Broadway & W 49 St","40.76064679","-73.98442659","16989","Subscriber","1968","1"
"300","2013-12-01 05:34:09","2013-12-01 05:39:09","521","8 Ave & W 31 St","40.75044999","-73.99481051","462","W 22 St & 10 Ave","40.74691959","-74.00451887","15036","Subscriber","1982","1"
"450","2013-12-01 05:36:29","2013-12-01 05:43:59","312","Allen St & E Houston St","40.722055","-73.989111","82","St James Pl & Pearl St","40.71117416","-74.00016545","16708","Subscriber","1963","1"
"276","2013-12-01 05:36:37","2013-12-01 05:41:13","251","Mott St & Prince St","40.72317958","-73.99480012","128","MacDougal St & Prince St","40.72710258","-74.00297088","19007","Subscriber","1984","1"
"474","2013-12-01 05:37:32","2013-12-01 05:45:26","342","Columbia St & Rivington St","40.71739973","-73.98016555","348","W Broadway & Spring St","40.72490985","-74.00154702","17563","Subscriber","1958","2"
"224","2013-12-01 05:38:50","2013-12-01 05:42:34","264","Maiden Ln & Pearl St","40.70706456","-74.00731853","308","St James Pl & Oliver St","40.71307916","-73.99851193","19617","Subscriber","1985","1"
"259","2013-12-01 05:40:10","2013-12-01 05:44:29","83","Atlantic Ave & Fort Greene Pl","40.68382604","-73.97632328","523","W 38 St & 8 Ave","40.75466591","-73.99138152","15748","Subscriber","1961","1"
"241","2013-12-01 05:40:39","2013-12-01 05:44:40","229","Great Jones St","40.72743423","-73.99379025","368","Carmine St & 6 Ave","40.73038599","-74.00214988","20703","Subscriber","1990","1"
"205","2013-12-01 05:42:22","2013-12-01 05:45:47","460","S 4 St & Wythe Ave","40.71285887","-73.96590294","539","Metropolitan Ave & Bedford Ave","40.71534825","-73.96024116","17334","Subscriber","1990","1"
"337","2013-12-01 05:43:40","2013-12-01 05:49:17","529","W 42 St & 8 Ave","40.7575699","-73.99098507","478","11 Ave & W 41 St","40.76030096","-73.99884222","16826","Subscriber","1956","1"
"1245","2013-12-01 05:45:08","2013-12-01 06:05:53","340","Madison St & Clinton St","40.71269042","-73.98776323","320","Church St & Leonard St","40.71743998","-74.00583475","16934","Subscriber","1988","2"
"248","2013-12-01 05:48:47","2013-12-01 05:52:55","456","E 53 St & Madison Ave","40.7597108","-73.97402311","2006","Central Park S & 6 Ave","40.76590936","-73.97634151","17364","Subscriber","1982","1"
"289","2013-12-01 05:49:03","2013-12-01 05:53:52","328","Watts St & Greenwich St","40.72405549","-74.00965965","147","Greenwich St & Warren St","40.71542197","-74.01121978","18140","Subscriber","1979","1"
"1690","2013-12-01 05:50:47","2013-12-01 06:18:57","510","W 51 St & 6 Ave","40.7606597","-73.98042047","510","W 51 St & 6 Ave","40.7606597","-73.98042047","17310","Customer",\N,"0"
"238","2013-12-01 05:52:54","2013-12-01 05:56:52","361","Allen St & Hester St","40.71605866","-73.99190759","268","Howard St & Centre St","40.71910537","-73.99973337","19171","Subscriber","1983","2"
"303","2013-12-01 05:54:29","2013-12-01 05:59:32","518","E 39 St & 2 Ave","40.74780373","-73.9734419","517","Pershing Square S","40.75149263","-73.97798848","16562","Subscriber","1984","1"
"216","2013-12-01 05:56:16","2013-12-01 05:59:52","349","Rivington St & Ridge St","40.71850211","-73.98329859","341","Stanton St & Mangin St","40.71782143","-73.97628939","17047","Subscriber","1956","2"
"315","2013-12-01 05:56:16","2013-12-01 06:01:31","379","W 31 St & 7 Ave","40.749156","-73.9916","444","Broadway & W 24 St","40.7423543","-73.98915076","17301","Subscriber","1967","1"
"1023","2013-12-01 05:56:34","2013-12-01 06:13:37","410","Suffolk St & Stanton St","40.72066442","-73.98517977","458","11 Ave & W 27 St","40.751396","-74.005226","15777","Subscriber","1986","1"
"207","2013-12-01 05:58:29","2013-12-01 06:01:56","399","Lafayette Ave & St James Pl","40.68851534","-73.9647628","366","Clinton Ave & Myrtle Ave","40.693261","-73.968896","18612","Subscriber","1992","2"
"153","2013-12-01 05:59:56","2013-12-01 06:02:29","531","Forsyth St & Broome St","40.71893904","-73.99266288","311","Norfolk St & Broome St","40.7172274","-73.98802084","15465","Subscriber","1978","1"
"1087","2013-12-01 06:03:42","2013-12-01 06:21:49","510","W 51 St & 6 Ave","40.7606597","-73.98042047","510","W 51 St & 6 Ave","40.7606597","-73.98042047","18985","Customer",\N,"0"
"401","2013-12-01 06:04:26","2013-12-01 06:11:07","224","Spruce St & Nassau St","40.71146364","-74.00552427","534","Water - Whitehall Plaza","40.70255065","-74.0127234","18275","Subscriber","1978","1"
"300","2013-12-01 06:04:36","2013-12-01 06:09:36","488","W 39 St & 9 Ave","40.75645824","-73.99372222","525","W 34 St & 11 Ave","40.75594159","-74.0021163","15311","Subscriber","1952","1"
"258","2013-12-01 06:06:36","2013-12-01 06:10:54","270","Adelphi St & Myrtle Ave","40.69308257","-73.97178913","239","Willoughby St & Fleet St","40.69196566","-73.9813018","15028","Subscriber","1970","2"
"226","2013-12-01 06:07:03","2013-12-01 06:10:49","477","W 41 St & 8 Ave","40.75640548","-73.9900262","492","W 33 St & 7 Ave","40.75019995","-73.99093085","18394","Subscriber","1989","1"
"188","2013-12-01 06:08:09","2013-12-01 06:11:17","308","St James Pl & Oliver St","40.71307916","-73.99851193","306","Cliff St & Fulton St","40.70823502","-74.00530063","17697","Subscriber","1990","1"
"379","2013-12-01 06:08:14","2013-12-01 06:14:33","478","11 Ave & W 41 St","40.76030096","-73.99884222","2021","W 45 St & 8 Ave","40.75929124","-73.98859651","19043","Subscriber","1963","1"
"202","2013-12-01 06:08:15","2013-12-01 06:11:37","308","St James Pl & Oliver St","40.71307916","-73.99851193","306","Cliff St & Fulton St","40.70823502","-74.00530063","17394","Subscriber","1990","1"
"111","2013-12-01 06:09:02","2013-12-01 06:10:53","399","Lafayette Ave & St James Pl","40.68851534","-73.9647628","364","Lafayette Ave & Classon Ave","40.68900443","-73.96023854","14615","Subscriber","1989","1"
"247","2013-12-01 06:12:11","2013-12-01 06:16:18","369","Washington Pl & 6 Ave","40.73224119","-74.00026394","509","9 Ave & W 22 St","40.7454973","-74.00197139","18225","Subscriber","1976","1"
"765","2013-12-01 06:12:47","2013-12-01 06:25:32","478","11 Ave & W 41 St","40.76030096","-73.99884222","490","8 Ave & W 33 St","40.751551","-73.993934","16620","Customer",\N,"0"
"697","2013-12-01 06:13:25","2013-12-01 06:25:02","478","11 Ave & W 41 St","40.76030096","-73.99884222","490","8 Ave & W 33 St","40.751551","-73.993934","19268","Customer",\N,"0"
"156","2013-12-01 06:14:40","2013-12-01 06:17:16","366","Clinton Ave & Myrtle Ave","40.693261","-73.968896","354","Emerson Pl & Myrtle Ave","40.69363137","-73.96223558","18612","Subscriber","1992","2"
"372","2013-12-01 06:15:15","2013-12-01 06:21:27","519","Pershing Square N","40.75188406","-73.97770164","527","E 33 St & 1 Ave","40.74315566","-73.97434726","15250","Subscriber","1960","1"
"545","2013-12-01 06:18:30","2013-12-01 06:27:35","302","Avenue D & E 3 St","40.72082834","-73.97793172","296","Division St & Bowery","40.71413089","-73.9970468","15619","Subscriber","1967","1"
"804","2013-12-01 06:19:06","2013-12-01 06:32:30","504","1 Ave & E 15 St","40.73221853","-73.98165557","494","W 26 St & 8 Ave","40.74734825","-73.99723551","16433","Subscriber","1989","1"
"1790","2013-12-01 06:21:22","2013-12-01 06:51:12","510","W 51 St & 6 Ave","40.7606597","-73.98042047","490","8 Ave & W 33 St","40.751551","-73.993934","17310","Customer",\N,"0"
"1091","2013-12-01 06:25:25","2013-12-01 06:43:36","143","Clinton St & Joralemon St","40.69239502","-73.99337909","151","Cleveland Pl & Spring St","40.7218158","-73.99720307","19677","Subscriber","1977","1"
"398","2013-12-01 06:26:57","2013-12-01 06:33:35","285","Broadway & E 14 St","40.73454567","-73.99074142","2012","E 27 St & 1 Ave","40.739445","-73.976806","20535","Subscriber","1987","1"
"1265","2013-12-01 06:27:12","2013-12-01 06:48:17","488","W 39 St & 9 Ave","40.75645824","-73.99372222","357","E 11 St & Broadway","40.73261787","-73.99158043","16356","Subscriber","1971","1"
"1366","2013-12-01 06:28:14","2013-12-01 06:51:00","510","W 51 St & 6 Ave","40.7606597","-73.98042047","490","8 Ave & W 33 St","40.751551","-73.993934","18985","Customer",\N,"0"
"269","2013-12-01 06:30:11","2013-12-01 06:34:40","479","9 Ave & W 45 St","40.76019252","-73.9912551","423","W 54 St & 9 Ave","40.76584941","-73.98690506","17853","Subscriber","1963","1"
"1197","2013-12-01 06:30:36","2013-12-01 06:50:33","391","Clark St & Henry St","40.69760127","-73.99344559","303","Mercer St & Spring St","40.72362738","-73.99949601","20290","Subscriber","1985","1"
"352","2013-12-01 06:31:17","2013-12-01 06:37:09","462","W 22 St & 10 Ave","40.74691959","-74.00451887","521","8 Ave & W 31 St","40.75044999","-73.99481051","20145","Subscriber","1982","1"
"504","2013-12-01 06:33:38","2013-12-01 06:42:02","490","8 Ave & W 33 St","40.751551","-73.993934","493","W 45 St & 6 Ave","40.7568001","-73.98291153","19152","Subscriber","1972","1"
"429","2013-12-01 06:34:15","2013-12-01 06:41:24","340","Madison St & Clinton St","40.71269042","-73.98776323","263","Elizabeth St & Hester St","40.71729","-73.996375","15886","Subscriber","1975","1"
"553","2013-12-01 06:36:47","2013-12-01 06:46:00","488","W 39 St & 9 Ave","40.75645824","-73.99372222","459","W 20 St & 11 Ave","40.746745","-74.007756","20233","Subscriber","1961","1"
"760","2013-12-01 06:37:05","2013-12-01 06:49:45","482","W 15 St & 7 Ave","40.73935542","-73.99931783","2012","E 27 St & 1 Ave","40.739445","-73.976806","17326","Subscriber","1983","2"
"98","2013-12-01 06:37:22","2013-12-01 06:39:00","504","1 Ave & E 15 St","40.73221853","-73.98165557","2003","1 Ave & E 18 St","40.73416059","-73.98024289","20296","Subscriber","1986","2"
"975","2013-12-01 06:39:12","2013-12-01 06:55:27","400","Pitt St & Stanton St","40.71926081","-73.98178024","444","Broadway & W 24 St","40.7423543","-73.98915076","19729","Customer",\N,"0"
"397","2013-12-01 06:40:50","2013-12-01 06:47:27","459","W 20 St & 11 Ave","40.746745","-74.007756","2012","E 27 St & 1 Ave","40.739445","-73.976806","19100","Subscriber","1984","1"
"152","2013-12-01 06:41:02","2013-12-01 06:43:34","536","1 Ave & E 30 St","40.74144387","-73.97536082","545","E 23 St & 1 Ave","40.736502","-73.97809472","20806","Subscriber","1988","1"
"746","2013-12-01 06:41:15","2013-12-01 06:53:41","487","E 20 St & FDR Drive","40.73314259","-73.97573881","151","Cleveland Pl & Spring St","40.7218158","-73.99720307","18857","Subscriber","1968","1"
"746","2013-12-01 06:41:19","2013-12-01 06:53:45","271","Ashland Pl & Hanson Pl","40.68528172","-73.97805813","2005","Railroad Ave & Kay Ave","40.70531194","-73.97100056","16410","Subscriber","1984","1"
"309","2013-12-01 06:43:17","2013-12-01 06:48:26","394","E 9 St & Avenue C","40.72521311","-73.97768752","487","E 20 St & FDR Drive","40.73314259","-73.97573881","18709","Subscriber","1979","2"
"969","2013-12-01 06:43:56","2013-12-01 07:00:05","363","West Thames St","40.70834698","-74.01713445","459","W 20 St & 11 Ave","40.746745","-74.007756","18880","Subscriber","1975","1"
"386","2013-12-01 06:44:29","2013-12-01 06:50:55","497","E 17 St & Broadway","40.73704984","-73.99009296","504","1 Ave & E 15 St","40.73221853","-73.98165557","15280","Subscriber","1967","2"
"2155","2013-12-01 06:45:45","2013-12-01 07:21:40","434","9 Ave & W 18 St","40.74317449","-74.00366443","127","Barrow St & Hudson St","40.73172428","-74.00674436","16169","Subscriber","1974","2"
"1049","2013-12-01 06:47:56","2013-12-01 07:05:25","325","E 19 St & 3 Ave","40.73624527","-73.98473765","302","Avenue D & E 3 St","40.72082834","-73.97793172","15834","Subscriber","1959","1"
"847","2013-12-01 06:49:09","2013-12-01 07:03:16","509","9 Ave & W 22 St","40.7454973","-74.00197139","426","West St & Chambers St","40.71754834","-74.01322069","19435","Subscriber","1984","2"
"834","2013-12-01 06:49:26","2013-12-01 07:03:20","509","9 Ave & W 22 St","40.7454973","-74.00197139","426","West St & Chambers St","40.71754834","-74.01322069","19920","Subscriber","1980","1"
"346","2013-12-01 06:49:38","2013-12-01 06:55:24","382","University Pl & E 14 St","40.73492695","-73.99200509","525","W 34 St & 11 Ave","40.75594159","-74.0021163","14912","Subscriber","1955","1"
"199","2013-12-01 06:52:07","2013-12-01 06:55:26","494","W 26 St & 8 Ave","40.74734825","-73.99723551","466","W 25 St & 6 Ave","40.74395411","-73.99144871","18999","Subscriber","1966","1"
"1218","2013-12-01 06:52:08","2013-12-01 07:12:26","279","Sands St & Gold St","40.69986937","-73.98271933","459","W 20 St & 11 Ave","40.746745","-74.007756","19605","Subscriber","1965","2"
"265","2013-12-01 06:52:26","2013-12-01 06:56:51","504","1 Ave & E 15 St","40.73221853","-73.98165557","2012","E 27 St & 1 Ave","40.739445","-73.976806","15006","Subscriber","1986","1"
"1136","2013-12-01 06:52:54","2013-12-01 07:11:50","420","Clermont Ave & Lafayette Ave","40.68764484","-73.96968902","224","Spruce St & Nassau St","40.71146364","-74.00552427","20620","Subscriber","1981","2"
"414","2013-12-01 06:52:56","2013-12-01 06:59:50","318","E 43 St & Vanderbilt Ave","40.75320159","-73.9779874","267","Broadway & W 36 St","40.75097711","-73.98765428","20794","Subscriber","1972","1"
"975","2013-12-01 06:54:22","2013-12-01 07:10:37","144","Nassau St & Navy St","40.69839895","-73.98068914","356","Bialystoker Pl & Delancey St","40.71622644","-73.98261206","17991","Subscriber","1993","1"
"453","2013-12-01 06:55:24","2013-12-01 07:02:57","523","W 38 St & 8 Ave","40.75466591","-73.99138152","494","W 26 St & 8 Ave","40.74734825","-73.99723551","14927","Subscriber","1961","1"
"466","2013-12-01 06:55:41","2013-12-01 07:03:27","356","Bialystoker Pl & Delancey St","40.71622644","-73.98261206","296","Division St & Bowery","40.71413089","-73.9970468","15887","Subscriber","1975","1"
"655","2013-12-01 06:55:44","2013-12-01 07:06:39","266","Avenue D & E 8 St","40.72368361","-73.97574813","345","W 13 St & 6 Ave","40.73649403","-73.99704374","17369","Subscriber","1969","1"
"2311","2013-12-01 06:57:08","2013-12-01 07:35:39","351","Front St & Maiden Ln","40.70530954","-74.00612572","225","W 14 St & The High Line","40.74195138","-74.00803013","15884","Subscriber","1962","2"
"8986","2013-12-01 06:57:29","2013-12-01 09:27:15","382","University Pl & E 14 St","40.73492695","-73.99200509","382","University Pl & E 14 St","40.73492695","-73.99200509","17954","Subscriber","1992","2"
"768","2013-12-01 06:58:19","2013-12-01 07:11:07","150","E 2 St & Avenue C","40.7208736","-73.98085795","307","Canal St & Rutgers St","40.71427487","-73.98990025","18744","Subscriber","1963","2"
"1120","2013-12-01 06:59:00","2013-12-01 07:17:40","454","E 51 St & 1 Ave","40.75455731","-73.96592976","247","Perry St & Bleecker St","40.73535398","-74.00483091","16995","Subscriber","1970","1"
"1950","2013-12-01 07:00:01","2013-12-01 07:32:31","499","Broadway & W 60 St","40.76915505","-73.98191841","128","MacDougal St & Prince St","40.72710258","-74.00297088","17527","Subscriber","1940","1"
"1422","2013-12-01 07:02:39","2013-12-01 07:26:21","391","Clark St & Henry St","40.69760127","-73.99344559","373","Willoughby Ave & Walworth St","40.69331716","-73.95381995","15982","Subscriber","1981","1"
"1504","2013-12-01 07:02:47","2013-12-01 07:27:51","391","Clark St & Henry St","40.69760127","-73.99344559","373","Willoughby Ave & Walworth St","40.69331716","-73.95381995","17414","Subscriber","1979","2"
"1370","2013-12-01 07:02:49","2013-12-01 07:25:39","251","Mott St & Prince St","40.72317958","-73.99480012","488","W 39 St & 9 Ave","40.75645824","-73.99372222","18557","Subscriber","1958","1"
"407","2013-12-01 07:03:19","2013-12-01 07:10:06","476","E 31 St & 3 Ave","40.74394314","-73.97966069","442","W 27 St & 7 Ave","40.746647","-73.993915","16278","Subscriber","1971","1"
"973","2013-12-01 07:03:25","2013-12-01 07:19:38","426","West St & Chambers St","40.71754834","-74.01322069","509","9 Ave & W 22 St","40.7454973","-74.00197139","19920","Subscriber","1980","1"
"933","2013-12-01 07:03:58","2013-12-01 07:19:31","426","West St & Chambers St","40.71754834","-74.01322069","509","9 Ave & W 22 St","40.7454973","-74.00197139","20755","Subscriber","1984","2"
"437","2013-12-01 07:05:28","2013-12-01 07:12:45","316","Fulton St & William St","40.70955958","-74.00653609","387","Centre St & Chambers St","40.71273266","-74.0046073","15774","Customer",\N,"0"
"404","2013-12-01 07:05:30","2013-12-01 07:12:14","316","Fulton St & William St","40.70955958","-74.00653609","387","Centre St & Chambers St","40.71273266","-74.0046073","18555","Customer",\N,"0"
"712","2013-12-01 07:08:16","2013-12-01 07:20:08","448","W 37 St & 10 Ave","40.75660359","-73.9979009","281","Grand Army Plaza & Central Park S","40.7643971","-73.97371465","19431","Subscriber","1954","1"
"356","2013-12-01 07:08:51","2013-12-01 07:14:47","347","W Houston St & Hudson St","40.72873888","-74.00748842","347","W Houston St & Hudson St","40.72873888","-74.00748842","18149","Subscriber","1987","1"
"800","2013-12-01 07:09:16","2013-12-01 07:22:36","478","11 Ave & W 41 St","40.76030096","-73.99884222","352","W 56 St & 6 Ave","40.76340613","-73.97722479","18470","Subscriber","1978","1"
"655","2013-12-01 07:11:25","2013-12-01 07:22:20","453","W 22 St & 8 Ave","40.74475148","-73.99915362","294","Washington Square E","40.73049393","-73.9957214","20596","Subscriber","1979","2"
"189","2013-12-01 07:12:12","2013-12-01 07:15:21","505","6 Ave & W 33 St","40.74901271","-73.98848395","152","Warren St & Church St","40.71473993","-74.00910627","17068","Subscriber","1993","1"
"1036","2013-12-01 07:13:40","2013-12-01 07:30:56","387","Centre St & Chambers St","40.71273266","-74.0046073","392","Jay St & Tech Pl","40.695065","-73.987167","16631","Customer",\N,"0"
"235","2013-12-01 07:15:09","2013-12-01 07:19:04","504","1 Ave & E 15 St","40.73221853","-73.98165557","174","E 25 St & 1 Ave","40.7381765","-73.97738662","15733","Subscriber","1984","1"
"317","2013-12-01 07:17:03","2013-12-01 07:22:20","487","E 20 St & FDR Drive","40.73314259","-73.97573881","394","E 9 St & Avenue C","40.72521311","-73.97768752","18709","Subscriber","1979","2"
"615","2013-12-01 07:18:01","2013-12-01 07:28:16","490","8 Ave & W 33 St","40.751551","-73.993934","447","8 Ave & W 52 St","40.76370739","-73.9851615","15771","Subscriber","1958","1"
"326","2013-12-01 07:19:15","2013-12-01 07:24:41","417","Barclay St & Church St","40.71291224","-74.01020234","257","Lispenard St & Broadway","40.71939226","-74.00247214","20136","Subscriber","1965","2"
"833","2013-12-01 07:19:16","2013-12-01 07:33:09","476","E 31 St & 3 Ave","40.74394314","-73.97966069","531","Forsyth St & Broome St","40.71893904","-73.99266288","17251","Subscriber","1970","1"
"322","2013-12-01 07:19:19","2013-12-01 07:24:41","340","Madison St & Clinton St","40.71269042","-73.98776323","531","Forsyth St & Broome St","40.71893904","-73.99266288","17536","Subscriber","1970","2"
"2248","2013-12-01 07:20:40","2013-12-01 07:58:08","387","Centre St & Chambers St","40.71273266","-74.0046073","232","Cadman Plaza E & Tillary St","40.69597683","-73.99014892","19913","Customer",\N,"0"
"2144","2013-12-01 07:21:53","2013-12-01 07:57:37","387","Centre St & Chambers St","40.71273266","-74.0046073","232","Cadman Plaza E & Tillary St","40.69597683","-73.99014892","15774","Customer",\N,"0"
"571","2013-12-01 07:22:00","2013-12-01 07:31:31","174","E 25 St & 1 Ave","40.7381765","-73.97738662","432","E 7 St & Avenue A","40.72621788","-73.98379855","15733","Subscriber","1967","1"
"228","2013-12-01 07:22:10","2013-12-01 07:25:58","499","Broadway & W 60 St","40.76915505","-73.98191841","447","8 Ave & W 52 St","40.76370739","-73.9851615","18726","Subscriber","1988","1"
"295","2013-12-01 07:25:47","2013-12-01 07:30:42","495","W 47 St & 10 Ave","40.76269882","-73.99301222","529","W 42 St & 8 Ave","40.7575699","-73.99098507","17145","Subscriber","1959","1"
"446","2013-12-01 07:25:47","2013-12-01 07:33:13","495","W 47 St & 10 Ave","40.76269882","-73.99301222","521","8 Ave & W 31 St","40.75044999","-73.99481051","20651","Subscriber","1980","1"
"568","2013-12-01 07:26:36","2013-12-01 07:36:04","167","E 39 St & 3 Ave","40.7489006","-73.97604882","305","E 58 St & 3 Ave","40.76095756","-73.96724467","19506","Customer",\N,"0"
"248","2013-12-01 07:27:31","2013-12-01 07:31:39","465","Broadway & W 41 St","40.75513557","-73.98658032","490","8 Ave & W 33 St","40.751551","-73.993934","16005","Subscriber","1966","1"
"704","2013-12-01 07:29:06","2013-12-01 07:40:50","160","E 37 St & Lexington Ave","40.748238","-73.978311","83","Atlantic Ave & Fort Greene Pl","40.68382604","-73.97632328","20537","Subscriber","1958","2"
"639","2013-12-01 07:29:07","2013-12-01 07:39:46","355","Bayard St & Baxter St","40.71602118","-73.99974372","503","E 20 St & Park Ave","40.73827428","-73.98751968","17828","Subscriber","1965","1"
"516","2013-12-01 07:29:23","2013-12-01 07:37:59","254","W 11 St & 6 Ave","40.73532427","-73.99800419","2004","6 Ave & Broome St","40.724399","-74.004704","15638","Subscriber","1955","1"
"599","2013-12-01 07:30:12","2013-12-01 07:40:11","160","E 37 St & Lexington Ave","40.748238","-73.978311","494","W 26 St & 8 Ave","40.74734825","-73.99723551","17451","Subscriber","1956","1"
"667","2013-12-01 07:31:30","2013-12-01 07:42:37","494","W 26 St & 8 Ave","40.74734825","-73.99723551","493","W 45 St & 6 Ave","40.7568001","-73.98291153","15568","Subscriber","1969","1"
"1287","2013-12-01 07:32:07","2013-12-01 07:53:34","358","Christopher St & Greenwich St","40.73291553","-74.00711384","518","E 39 St & 2 Ave","40.74780373","-73.9734419","18154","Subscriber","1975","1"
"410","2013-12-01 07:32:33","2013-12-01 07:39:23","377","6 Ave & Canal St","40.72243797","-74.00566443","147","Greenwich St & Warren St","40.71542197","-74.01121978","17803","Subscriber","1982","2"
"491","2013-12-01 07:33:32","2013-12-01 07:41:43","345","W 13 St & 6 Ave","40.73649403","-73.99704374","459","W 20 St & 11 Ave","40.746745","-74.007756","18970","Subscriber","1966","2"
"709","2013-12-01 07:33:50","2013-12-01 07:45:39","466","W 25 St & 6 Ave","40.74395411","-73.99144871","522","E 51 St & Lexington Ave","40.75714758","-73.97207836","15105","Customer",\N,"0"
"675","2013-12-01 07:34:21","2013-12-01 07:45:36","326","E 11 St & 1 Ave","40.72953837","-73.98426726","435","W 21 St & 6 Ave","40.74173969","-73.99415556","15147","Subscriber","1974","1"
"717","2013-12-01 07:34:23","2013-12-01 07:46:20","2006","Central Park S & 6 Ave","40.76590936","-73.97634151","525","W 34 St & 11 Ave","40.75594159","-74.0021163","20838","Subscriber","1982","1"
"684","2013-12-01 07:34:47","2013-12-01 07:46:11","478","11 Ave & W 41 St","40.76030096","-73.99884222","521","8 Ave & W 31 St","40.75044999","-73.99481051","16826","Subscriber","1957","1"
"220","2013-12-01 07:35:03","2013-12-01 07:38:43","509","9 Ave & W 22 St","40.7454973","-74.00197139","494","W 26 St & 8 Ave","40.74734825","-73.99723551","19920","Subscriber","1951","1"
"128","2013-12-01 07:35:55","2013-12-01 07:38:03","518","E 39 St & 2 Ave","40.74780373","-73.9734419","518","E 39 St & 2 Ave","40.74780373","-73.9734419","18649","Customer",\N,"0"
"1923","2013-12-01 07:36:12","2013-12-01 08:08:15","225","W 14 St & The High Line","40.74195138","-74.00803013","294","Washington Square E","40.73049393","-73.9957214","15884","Subscriber","1962","2"
"495","2013-12-01 07:37:19","2013-12-01 07:45:34","127","Barrow St & Hudson St","40.73172428","-74.00674436","462","W 22 St & 10 Ave","40.74691959","-74.00451887","16300","Subscriber","1974","1"
"727","2013-12-01 07:37:53","2013-12-01 07:50:00","523","W 38 St & 8 Ave","40.75466591","-73.99138152","297","E 15 St & 3 Ave","40.734232","-73.986923","19077","Subscriber","1987","1"
"744","2013-12-01 07:37:59","2013-12-01 07:50:23","434","9 Ave & W 18 St","40.74317449","-74.00366443","251","Mott St & Prince St","40.72317958","-73.99480012","19836","Subscriber","1956","1"
"1379","2013-12-01 07:38:45","2013-12-01 08:01:44","518","E 39 St & 2 Ave","40.74780373","-73.9734419","281","Grand Army Plaza & Central Park S","40.7643971","-73.97371465","15344","Customer",\N,"0"
"324","2013-12-01 07:39:01","2013-12-01 07:44:25","379","W 31 St & 7 Ave","40.749156","-73.9916","477","W 41 St & 8 Ave","40.75640548","-73.9900262","18800","Subscriber","1972","1"
"231","2013-12-01 07:39:37","2013-12-01 07:43:28","457","Broadway & W 58 St","40.76695317","-73.98169333","281","Grand Army Plaza & Central Park S","40.7643971","-73.97371465","14882","Subscriber","1975","1"
"995","2013-12-01 07:39:40","2013-12-01 07:56:15","436","Hancock St & Bedford Ave","40.68216564","-73.95399026","532","S 5 Pl & S 4 St","40.710451","-73.960876","16031","Subscriber","1982","2"
"306","2013-12-01 07:40:29","2013-12-01 07:45:35","2008","Little West St & 1 Pl","40.70569254","-74.01677685","327","Vesey Pl & River Terrace","40.7153379","-74.01658354","18573","Subscriber","1950","1"
"305","2013-12-01 07:40:32","2013-12-01 07:45:37","354","Emerson Pl & Myrtle Ave","40.69363137","-73.96223558","245","Myrtle Ave & St Edwards St","40.69327018","-73.97703874","18969","Customer",\N,"0"
"548","2013-12-01 07:41:27","2013-12-01 07:50:35","128","MacDougal St & Prince St","40.72710258","-74.00297088","426","West St & Chambers St","40.71754834","-74.01322069","14608","Subscriber","1940","1"
"421","2013-12-01 07:41:35","2013-12-01 07:48:36","407","Henry St & Poplar St","40.700469","-73.991454","314","Montague St & Clinton St","40.69424674","-73.99215922","18329","Subscriber","1957","2"
"608","2013-12-01 07:42:41","2013-12-01 07:52:49","462","W 22 St & 10 Ave","40.74691959","-74.00451887","358","Christopher St & Greenwich St","40.73291553","-74.00711384","14924","Subscriber","1969","2"
"247","2013-12-01 07:42:43","2013-12-01 07:46:50","346","Bank St & Hudson St","40.73652889","-74.00618026","116","W 17 St & 8 Ave","40.74177603","-74.00149746","20831","Subscriber","1974","2"
"475","2013-12-01 07:43:34","2013-12-01 07:51:29","402","Broadway & E 22 St","40.7403432","-73.98955109","174","E 25 St & 1 Ave","40.7381765","-73.97738662","17379","Subscriber","1985","2"
"496","2013-12-01 07:43:47","2013-12-01 07:52:03","2021","W 45 St & 8 Ave","40.75929124","-73.98859651","228","E 48 St & 3 Ave","40.7546011026","-73.971878855","14759","Subscriber","1978","1"
"462","2013-12-01 07:45:02","2013-12-01 07:52:44","515","W 43 St & 10 Ave","40.76009437","-73.99461843","468","Broadway & W 55 St","40.7652654","-73.98192338","19981","Subscriber","1979","1"
"240","2013-12-01 07:45:13","2013-12-01 07:49:13","401","Allen St & Rivington St","40.72019576","-73.98997825","428","E 3 St & 1 Ave","40.72467721","-73.98783413","18007","Subscriber","1957","1"
"608","2013-12-01 07:45:15","2013-12-01 07:55:23","346","Bank St & Hudson St","40.73652889","-74.00618026","329","Greenwich St & N Moore St","40.72043411","-74.01020609","15778","Subscriber","1982","2"
"345","2013-12-01 07:45:17","2013-12-01 07:51:02","173","Broadway & W 49 St","40.76064679","-73.98442659","173","Broadway & W 49 St","40.76064679","-73.98442659","17478","Subscriber","1984","1"
"738","2013-12-01 07:45:37","2013-12-01 07:57:55","373","Willoughby Ave & Walworth St","40.69331716","-73.95381995","384","Fulton St & Waverly Ave","40.68317813","-73.9659641","17218","Subscriber","1973","1"
"626","2013-12-01 07:46:10","2013-12-01 07:56:36","438","St Marks Pl & 1 Ave","40.72779126","-73.98564945","435","W 21 St & 6 Ave","40.74173969","-73.99415556","18813","Subscriber","1986","1"
"231","2013-12-01 07:46:37","2013-12-01 07:50:28","490","8 Ave & W 33 St","40.751551","-73.993934","525","W 34 St & 11 Ave","40.75594159","-74.0021163","18879","Subscriber","1961","1"
"259","2013-12-01 07:46:52","2013-12-01 07:51:11","420","Clermont Ave & Lafayette Ave","40.68764484","-73.96968902","324","DeKalb Ave & Hudson Ave","40.689888","-73.981013","17112","Subscriber","1962","2"
"185","2013-12-01 07:46:55","2013-12-01 07:50:00","504","1 Ave & E 15 St","40.73221853","-73.98165557","545","E 23 St & 1 Ave","40.736502","-73.97809472","18025","Subscriber","1978","2"
"524","2013-12-01 07:47:06","2013-12-01 07:55:50","346","Bank St & Hudson St","40.73652889","-74.00618026","521","8 Ave & W 31 St","40.75044999","-73.99481051","18743","Subscriber","1951","1"
"665","2013-12-01 07:47:07","2013-12-01 07:58:12","495","W 47 St & 10 Ave","40.76269882","-73.99301222","479","9 Ave & W 45 St","40.76019252","-73.9912551","17516","Subscriber","1956","1"
"400","2013-12-01 07:47:14","2013-12-01 07:53:54","334","W 20 St & 7 Ave","40.74238787","-73.99726235","472","E 32 St & Park Ave","40.7457121","-73.98194829","18131","Subscriber","1981","1"
"999","2013-12-01 07:47:17","2013-12-01 08:03:56","356","Bialystoker Pl & Delancey St","40.71622644","-73.98261206","435","W 21 St & 6 Ave","40.74173969","-73.99415556","17991","Subscriber","1960","2"
"394","2013-12-01 07:47:28","2013-12-01 07:54:02","247","Perry St & Bleecker St","40.73535398","-74.00483091","285","Broadway & E 14 St","40.73454567","-73.99074142","19627","Subscriber","1980","1"
"742","2013-12-01 07:47:41","2013-12-01 08:00:03","476","E 31 St & 3 Ave","40.74394314","-73.97966069","2022","E 59 St & Sutton Pl","40.75849116","-73.95920622","17074","Subscriber","1979","2"
"123","2013-12-01 07:48:02","2013-12-01 07:50:05","311","Norfolk St & Broome St","40.7172274","-73.98802084","350","Clinton St & Grand St","40.71559509","-73.9870295","20126","Subscriber","1990","2"
"875","2013-12-01 07:48:45","2013-12-01 08:03:20","459","W 20 St & 11 Ave","40.746745","-74.007756","363","West Thames St","40.70834698","-74.01713445","18880","Subscriber","1975","1"
"334","2013-12-01 07:49:18","2013-12-01 07:54:52","318","E 43 St & Vanderbilt Ave","40.75320159","-73.9779874","477","W 41 St & 8 Ave","40.75640548","-73.9900262","15416","Subscriber","1981","1"
"501","2013-12-01 07:49:28","2013-12-01 07:57:49","2021","W 45 St & 8 Ave","40.75929124","-73.98859651","446","W 24 St & 7 Ave","40.74487634","-73.99529885","15899","Subscriber","1960","1"
"1097","2013-12-01 07:49:29","2013-12-01 08:07:46","167","E 39 St & 3 Ave","40.7489006","-73.97604882","290","2 Ave & E 58 St","40.76020258","-73.96478473","17253","Customer",\N,"0"
"702","2013-12-01 07:49:31","2013-12-01 08:01:13","285","Broadway & E 14 St","40.73454567","-73.99074142","519","Pershing Square N","40.75188406","-73.97770164","16459","Subscriber","1964","1"
"640","2013-12-01 07:49:50","2013-12-01 08:00:30","459","W 20 St & 11 Ave","40.746745","-74.007756","335","Washington Pl & Broadway","40.72903917","-73.99404649","19975","Subscriber","1983","1"
"801","2013-12-01 07:50:05","2013-12-01 08:03:26","523","W 38 St & 8 Ave","40.75466591","-73.99138152","486","Broadway & W 29 St","40.7462009","-73.98855723","15748","Subscriber","1973","1"
"244","2013-12-01 07:50:20","2013-12-01 07:54:24","445","E 10 St & Avenue A","40.72740794","-73.98142006","2003","1 Ave & E 18 St","40.73416059","-73.98024289","19416","Subscriber","1979","1"
"374","2013-12-01 07:50:51","2013-12-01 07:57:05","326","E 11 St & 1 Ave","40.72953837","-73.98426726","536","1 Ave & E 30 St","40.74144387","-73.97536082","19544","Subscriber","1980","2"
"661","2013-12-01 07:51:23","2013-12-01 08:02:24","476","E 31 St & 3 Ave","40.74394314","-73.97966069","488","W 39 St & 9 Ave","40.75645824","-73.99372222","17312","Subscriber","1958","1"
"281","2013-12-01 07:51:33","2013-12-01 07:56:14","408","Market St & Cherry St","40.71076228","-73.99400398","307","Canal St & Rutgers St","40.71427487","-73.98990025","14916","Subscriber","1997","2"
"2025","2013-12-01 07:51:45","2013-12-01 08:25:30","426","West St & Chambers St","40.71754834","-74.01322069","332","Cherry St","40.71219906","-73.97948148","15414","Subscriber","1940","1"
"1160","2013-12-01 07:51:48","2013-12-01 08:11:08","2012","E 27 St & 1 Ave","40.739445","-73.976806","412","Forsyth St & Canal St","40.7158155","-73.99422366","15999","Subscriber","1989","2"
"1605","2013-12-01 07:53:02","2013-12-01 08:19:47","422","W 59 St & 10 Ave","40.770513","-73.988038","422","W 59 St & 10 Ave","40.770513","-73.988038","14963","Subscriber","1963","1"
"175","2013-12-01 07:53:07","2013-12-01 07:56:02","282","Kent Ave & S 11 St","40.70827295","-73.96834101","460","S 4 St & Wythe Ave","40.71285887","-73.96590294","16829","Subscriber","1991","1"
"568","2013-12-01 07:53:10","2013-12-01 08:02:38","327","Vesey Pl & River Terrace","40.7153379","-74.01658354","327","Vesey Pl & River Terrace","40.7153379","-74.01658354","19047","Subscriber","1976","1"
"240","2013-12-01 07:53:30","2013-12-01 07:57:30","540","Lexington Ave & E 26 St","40.74147286","-73.98320928","475","E 16 St & Irving Pl","40.73524276","-73.98758561","15086","Subscriber","1983","1"
"843","2013-12-01 07:54:07","2013-12-01 08:08:10","480","W 53 St & 10 Ave","40.76669671","-73.99061728","459","W 20 St & 11 Ave","40.746745","-74.007756","19794","Subscriber","1959","2"
"1482","2013-12-01 07:54:20","2013-12-01 08:19:02","532","S 5 Pl & S 4 St","40.710451","-73.960876","466","W 25 St & 6 Ave","40.74395411","-73.99144871","19557","Subscriber","1976","1"
"301","2013-12-01 07:54:57","2013-12-01 07:59:58","252","MacDougal St & Washington Sq","40.73226398","-73.99852205","382","University Pl & E 14 St","40.73492695","-73.99200509","16793","Subscriber","1949","1"
"344","2013-12-01 07:56:00","2013-12-01 08:01:44","427","State St","40.70251526","-74.01427023","415","Pearl St & Hanover Square","40.7047177","-74.00926027","18859","Subscriber","1973","1"
"315","2013-12-01 07:56:19","2013-12-01 08:01:34","275","Washington Ave & Greene Ave","40.68650065","-73.96563307","344","Monroe St & Bedford Ave","40.6851443","-73.95380904","20957","Subscriber","1975","1"
"144","2013-12-01 07:56:29","2013-12-01 07:58:53","455","1 Ave & E 44 St","40.75001986","-73.96905301","516","E 47 St & 1 Ave","40.75206862","-73.96784384","18947","Subscriber","1956","1"
"271","2013-12-01 07:56:36","2013-12-01 08:01:07","472","E 32 St & Park Ave","40.7457121","-73.98194829","527","E 33 St & 1 Ave","40.74315566","-73.97434726","18867","Subscriber","1978","1"
"557","2013-12-01 07:56:47","2013-12-01 08:06:04","397","Fulton St & Clermont Ave","40.68415748","-73.96922273","310","State St & Smith St","40.68926942","-73.98912867","20997","Subscriber","1978","1"
"559","2013-12-01 07:58:58","2013-12-01 08:08:17","477","W 41 St & 8 Ave","40.75640548","-73.9900262","510","W 51 St & 6 Ave","40.7606597","-73.98042047","16421","Subscriber","1968","2"
"1286","2013-12-01 07:59:36","2013-12-01 08:21:02","296","Division St & Bowery","40.71413089","-73.9970468","430","York St & Jay St","40.7014851","-73.98656928","16947","Subscriber","1956","1"
"882","2013-12-01 08:00:23","2013-12-01 08:15:05","405","Washington St & Gansevoort St","40.739323","-74.008119","405","Washington St & Gansevoort St","40.739323","-74.008119","14866","Customer",\N,"0"
"166","2013-12-01 08:00:31","2013-12-01 08:03:17","519","Pershing Square N","40.75188406","-73.97770164","153","E 40 St & 5 Ave","40.752062307","-73.9816324043","17617","Subscriber","1962","1"
"124","2013-12-01 08:01:44","2013-12-01 08:03:48","450","W 49 St & 8 Ave","40.76227205","-73.98788205","479","9 Ave & W 45 St","40.76019252","-73.9912551","16116","Subscriber","1983","1"
"351","2013-12-01 08:01:44","2013-12-01 08:07:35","2003","1 Ave & E 18 St","40.73416059","-73.98024289","445","E 10 St & Avenue A","40.72740794","-73.98142006","19416","Subscriber","1979","1"
"629","2013-12-01 08:01:52","2013-12-01 08:12:21","366","Clinton Ave & Myrtle Ave","40.693261","-73.968896","233","Joralemon St & Adams St","40.69246277","-73.98963911","16920","Subscriber","1966","2"
"228","2013-12-01 08:01:53","2013-12-01 08:05:41","482","W 15 St & 7 Ave","40.73935542","-73.99931783","496","E 16 St & 5 Ave","40.73726186","-73.99238967","17728","Subscriber","1977","1"
"490","2013-12-01 08:02:18","2013-12-01 08:10:28","329","Greenwich St & N Moore St","40.72043411","-74.01020609","361","Allen St & Hester St","40.71605866","-73.99190759","19646","Subscriber","1992","1"
"213","2013-12-01 08:02:37","2013-12-01 08:06:10","509","9 Ave & W 22 St","40.7454973","-74.00197139","428","E 3 St & 1 Ave","40.72467721","-73.98783413","18225","Subscriber","1983","1"
"587","2013-12-01 08:03:44","2013-12-01 08:13:31","519","Pershing Square N","40.75188406","-73.97770164","450","W 49 St & 8 Ave","40.76227205","-73.98788205","15441","Subscriber","1952","1"
"413","2013-12-01 08:03:50","2013-12-01 08:10:43","281","Grand Army Plaza & Central Park S","40.7643971","-73.97371465","281","Grand Army Plaza & Central Park S","40.7643971","-73.97371465","18376","Customer",\N,"0"
"135","2013-12-01 08:05:04","2013-12-01 08:07:19","446","W 24 St & 7 Ave","40.74487634","-73.99529885","334","W 20 St & 7 Ave","40.74238787","-73.99726235","16474","Subscriber","1953","1"
"140","2013-12-01 08:05:37","2013-12-01 08:07:57","433","E 13 St & Avenue A","40.72955361","-73.98057249","511","E 14 St & Avenue B","40.72938685","-73.97772429","16149","Subscriber","1988","1"
"417","2013-12-01 08:06:14","2013-12-01 08:13:11","503","E 20 St & Park Ave","40.73827428","-73.98751968","252","MacDougal St & Washington Sq","40.73226398","-73.99852205","17013","Subscriber","1976","1"
"112","2013-12-01 08:06:19","2013-12-01 08:08:11","360","William St & Pine St","40.70717936","-74.00887308","316","Fulton St & William St","40.70955958","-74.00653609","17094","Subscriber","1978","1"
"128","2013-12-01 08:06:59","2013-12-01 08:09:07","2008","Little West St & 1 Pl","40.70569254","-74.01677685","304","Broadway & Battery Pl","40.70463334","-74.01361706","15163","Subscriber","1973","1"
"868","2013-12-01 08:07:03","2013-12-01 08:21:31","489","10 Ave & W 28 St","40.75066386","-74.00176802","237","E 11 St & 2 Ave","40.73047309","-73.98672378","18428","Subscriber","1982","1"
"1231","2013-12-01 08:07:21","2013-12-01 08:27:52","270","Adelphi St & Myrtle Ave","40.69308257","-73.97178913","483","E 12 St & 3 Ave","40.73223272","-73.98889957","20212","Subscriber","1980","1"
"422","2013-12-01 08:07:25","2013-12-01 08:14:27","545","E 23 St & 1 Ave","40.736502","-73.97809472","503","E 20 St & Park Ave","40.73827428","-73.98751968","20578","Subscriber","1943","1"
"1408","2013-12-01 08:07:34","2013-12-01 08:31:02","2023","E 55 St & Lexington Ave","40.75968085","-73.97031366","137","E 56 St & Madison Ave","40.761628","-73.972924","15921","Customer",\N,"0"
"227","2013-12-01 08:07:38","2013-12-01 08:11:25","161","LaGuardia Pl & W 3 St","40.72917025","-73.99810231","357","E 11 St & Broadway","40.73261787","-73.99158043","20682","Subscriber","1984","1"
"180","2013-12-01 08:07:43","2013-12-01 08:10:43","475","E 16 St & Irving Pl","40.73524276","-73.98758561","2003","1 Ave & E 18 St","40.73416059","-73.98024289","18429","Subscriber","1970","1"
"1051","2013-12-01 08:08:29","2013-12-01 08:26:00","294","Washington Square E","40.73049393","-73.9957214","268","Howard St & Centre St","40.71910537","-73.99973337","15884","Subscriber","1962","2"
"427","2013-12-01 08:08:49","2013-12-01 08:15:56","406","Hicks St & Montague St","40.69512845","-73.99595065","398","Atlantic Ave & Furman St","40.69165183","-73.9999786","18678","Subscriber","1956","1"
"328","2013-12-01 08:10:28","2013-12-01 08:15:56","512","W 29 St & 9 Ave","40.7500727","-73.99839279","462","W 22 St & 10 Ave","40.74691959","-74.00451887","20530","Subscriber","1976","2"
"531","2013-12-01 08:10:55","2013-12-01 08:19:46","479","9 Ave & W 45 St","40.76019252","-73.9912551","458","11 Ave & W 27 St","40.751396","-74.005226","15933","Subscriber","1956","1"
"406","2013-12-01 08:11:34","2013-12-01 08:18:20","476","E 31 St & 3 Ave","40.74394314","-73.97966069","466","W 25 St & 6 Ave","40.74395411","-73.99144871","20361","Customer",\N,"0"
"629","2013-12-01 08:11:43","2013-12-01 08:22:12","342","Columbia St & Rivington St","40.71739973","-73.98016555","531","Forsyth St & Broome St","40.71893904","-73.99266288","19212","Subscriber","1986","1"
"424","2013-12-01 08:11:44","2013-12-01 08:18:48","325","E 19 St & 3 Ave","40.73624527","-73.98473765","497","E 17 St & Broadway","40.73704984","-73.99009296","16822","Subscriber","1986","2"
"426","2013-12-01 08:11:47","2013-12-01 08:18:53","486","Broadway & W 29 St","40.7462009","-73.98855723","497","E 17 St & Broadway","40.73704984","-73.99009296","18296","Subscriber","1988","1"
"390","2013-12-01 08:11:57","2013-12-01 08:18:27","495","W 47 St & 10 Ave","40.76269882","-73.99301222","448","W 37 St & 10 Ave","40.75660359","-73.9979009","17982","Subscriber","1990","1"
"293","2013-12-01 08:12:01","2013-12-01 08:16:54","487","E 20 St & FDR Drive","40.73314259","-73.97573881","174","E 25 St & 1 Ave","40.7381765","-73.97738662","15203","Subscriber","1958","1"
"1217","2013-12-01 08:13:05","2013-12-01 08:33:22","405","Washington St & Gansevoort St","40.739323","-74.008119","445","E 10 St & Avenue A","40.72740794","-73.98142006","17970","Customer",\N,"0"
"362","2013-12-01 08:13:10","2013-12-01 08:19:12","527","E 33 St & 1 Ave","40.74315566","-73.97434726","486","Broadway & W 29 St","40.7462009","-73.98855723","18234","Subscriber","1970","1"
"670","2013-12-01 08:13:34","2013-12-01 08:24:44","305","E 58 St & 3 Ave","40.76095756","-73.96724467","526","E 33 St & 5 Ave","40.74765947","-73.98490707","14790","Subscriber","1973","1"
"454","2013-12-01 08:13:36","2013-12-01 08:21:10","519","Pershing Square N","40.75188406","-73.97770164","498","Broadway & W 32 St","40.74854862","-73.98808416","20575","Customer",\N,"0"
"366","2013-12-01 08:14:01","2013-12-01 08:20:07","446","W 24 St & 7 Ave","40.74487634","-73.99529885","284","Greenwich Ave & 8 Ave","40.7390169121","-74.0026376103","19663","Subscriber","1960","1"
"376","2013-12-01 08:14:20","2013-12-01 08:20:36","307","Canal St & Rutgers St","40.71427487","-73.98990025","295","Pike St & E Broadway","40.71406667","-73.99293911","14916","Subscriber","1960","1"
"571","2013-12-01 08:14:36","2013-12-01 08:24:07","290","2 Ave & E 58 St","40.76020258","-73.96478473","528","2 Ave & E 31 St","40.74290902","-73.97706058","20876","Subscriber","1979","2"
"1521","2013-12-01 08:14:44","2013-12-01 08:40:05","291","Madison St & Montgomery St","40.713126","-73.984844","444","Broadway & W 24 St","40.7423543","-73.98915076","18837","Subscriber","1960","2"
"264","2013-12-01 08:14:56","2013-12-01 08:19:20","466","W 25 St & 6 Ave","40.74395411","-73.99144871","546","E 30 St & Park Ave S","40.74444921","-73.98303529","18999","Subscriber","1979","1"
"431","2013-12-01 08:15:04","2013-12-01 08:22:15","410","Suffolk St & Stanton St","40.72066442","-73.98517977","229","Great Jones St","40.72743423","-73.99379025","16498","Subscriber","1989","2"
"1881","2013-12-01 08:15:12","2013-12-01 08:46:33","239","Willoughby St & Fleet St","40.69196566","-73.9813018","239","Willoughby St & Fleet St","40.69196566","-73.9813018","15289","Subscriber","1961","2"
"1152","2013-12-01 08:15:33","2013-12-01 08:34:45","266","Avenue D & E 8 St","40.72368361","-73.97574813","316","Fulton St & William St","40.70955958","-74.00653609","15641","Subscriber","1962","1"
"4879","2013-12-01 08:15:38","2013-12-01 09:36:57","223","W 13 St & 7 Ave","40.73781509","-73.99994661","223","W 13 St & 7 Ave","40.73781509","-73.99994661","16502","Subscriber","1962","1"
"1335","2013-12-01 08:15:44","2013-12-01 08:37:59","294","Washington Square E","40.73049393","-73.9957214","427","State St","40.70251526","-74.01427023","15111","Subscriber","1964","1"
"148","2013-12-01 08:15:46","2013-12-01 08:18:14","285","Broadway & E 14 St","40.73454567","-73.99074142","293","Lafayette St & E 8 St","40.73028666","-73.9907647","15731","Subscriber","1985","1"
"546","2013-12-01 08:16:39","2013-12-01 08:25:45","290","2 Ave & E 58 St","40.76020258","-73.96478473","507","E 25 St & 2 Ave","40.73912601","-73.97973776","17253","Subscriber","1986","1"
"593","2013-12-01 08:17:00","2013-12-01 08:26:53","428","E 3 St & 1 Ave","40.72467721","-73.98783413","285","Broadway & E 14 St","40.73454567","-73.99074142","18007","Subscriber","1981","2"
"281","2013-12-01 08:17:01","2013-12-01 08:21:42","238","Bank St & Washington St","40.7361967","-74.00859207","127","Barrow St & Hudson St","40.73172428","-74.00674436","19174","Subscriber","1981","2"
"425","2013-12-01 08:17:03","2013-12-01 08:24:08","252","MacDougal St & Washington Sq","40.73226398","-73.99852205","537","Lexington Ave & E 24 St","40.74025878","-73.98409214","18348","Subscriber","1980","1"
"278","2013-12-01 08:17:03","2013-12-01 08:21:41","161","LaGuardia Pl & W 3 St","40.72917025","-73.99810231","382","University Pl & E 14 St","40.73492695","-73.99200509","20740","Subscriber","1989","2"
"690","2013-12-01 08:17:04","2013-12-01 08:28:34","2012","E 27 St & 1 Ave","40.739445","-73.976806","254","W 11 St & 6 Ave","40.73532427","-73.99800419","16885","Subscriber","1985","1"
"1443","2013-12-01 08:17:06","2013-12-01 08:41:09","447","8 Ave & W 52 St","40.76370739","-73.9851615","499","Broadway & W 60 St","40.76915505","-73.98191841","15771","Customer",\N,"0"
"281","2013-12-01 08:17:09","2013-12-01 08:21:50","238","Bank St & Washington St","40.7361967","-74.00859207","127","Barrow St & Hudson St","40.73172428","-74.00674436","19054","Subscriber","1959","1"
"371","2013-12-01 08:17:29","2013-12-01 08:23:40","423","W 54 St & 9 Ave","40.76584941","-73.98690506","520","W 52 St & 5 Ave","40.75992262","-73.97648516","15342","Subscriber","1988","1"
"927","2013-12-01 08:17:38","2013-12-01 08:33:05","405","Washington St & Gansevoort St","40.739323","-74.008119","445","E 10 St & Avenue A","40.72740794","-73.98142006","15074","Customer",\N,"0"
"1422","2013-12-01 08:17:42","2013-12-01 08:41:24","447","8 Ave & W 52 St","40.76370739","-73.9851615","499","Broadway & W 60 St","40.76915505","-73.98191841","14886","Customer",\N,"0"
"273","2013-12-01 08:18:03","2013-12-01 08:22:36","314","Montague St & Clinton St","40.69424674","-73.99215922","157","Henry St & Atlantic Ave","40.69089272","-73.99612349","16133","Subscriber","1957","2"
"267","2013-12-01 08:18:17","2013-12-01 08:22:44","540","Lexington Ave & E 26 St","40.74147286","-73.98320928","475","E 16 St & Irving Pl","40.73524276","-73.98758561","18676","Subscriber","1986","2"
"785","2013-12-01 08:18:48","2013-12-01 08:31:53","498","Broadway & W 32 St","40.74854862","-73.98808416","281","Grand Army Plaza & Central Park S","40.7643971","-73.97371465","18811","Subscriber","1986","1"
"391","2013-12-01 08:18:52","2013-12-01 08:25:23","263","Elizabeth St & Hester St","40.71729","-73.996375","307","Canal St & Rutgers St","40.71427487","-73.98990025","19710","Subscriber","1989","1"
"477","2013-12-01 08:19:52","2013-12-01 08:27:49","545","E 23 St & 1 Ave","40.736502","-73.97809472","285","Broadway & E 14 St","40.73454567","-73.99074142","18127","Subscriber","1975","2"
"268","2013-12-01 08:20:31","2013-12-01 08:24:59","2009","Catherine St & Monroe St","40.71117444","-73.99682619","355","Bayard St & Baxter St","40.71602118","-73.99974372","20234","Subscriber","1977","1"
"477","2013-12-01 08:20:47","2013-12-01 08:28:44","345","W 13 St & 6 Ave","40.73649403","-73.99704374","325","E 19 St & 3 Ave","40.73624527","-73.98473765","16736","Subscriber","1990","2"
"357","2013-12-01 08:21:02","2013-12-01 08:26:59","474","5 Ave & E 29 St","40.7451677","-73.98683077","453","W 22 St & 8 Ave","40.74475148","-73.99915362","18218","Subscriber","1978","2"
"375","2013-12-01 08:21:10","2013-12-01 08:27:25","301","E 2 St & Avenue B","40.72217444","-73.98368779","293","Lafayette St & E 8 St","40.73028666","-73.9907647","19804","Subscriber","1973","1"
"519","2013-12-01 08:21:37","2013-12-01 08:30:16","450","W 49 St & 8 Ave","40.76227205","-73.98788205","478","11 Ave & W 41 St","40.76030096","-73.99884222","17193","Subscriber","1969","1"
"255","2013-12-01 08:21:54","2013-12-01 08:26:09","412","Forsyth St & Canal St","40.7158155","-73.99422366","377","6 Ave & Canal St","40.72243797","-74.00566443","19256","Subscriber","1985","1"
"762","2013-12-01 08:22:17","2013-12-01 08:34:59","326","E 11 St & 1 Ave","40.72953837","-73.98426726","462","W 22 St & 10 Ave","40.74691959","-74.00451887","19979","Subscriber","1990","1"
"375","2013-12-01 08:22:21","2013-12-01 08:28:36","446","W 24 St & 7 Ave","40.74487634","-73.99529885","284","Greenwich Ave & 8 Ave","40.7390169121","-74.0026376103","20877","Subscriber","1953","2"
"247","2013-12-01 08:22:21","2013-12-01 08:26:28","502","Henry St & Grand St","40.714215","-73.981346","307","Canal St & Rutgers St","40.71427487","-73.98990025","15804","Subscriber","1963","1"
"280","2013-12-01 08:22:26","2013-12-01 08:27:06","329","Greenwich St & N Moore St","40.72043411","-74.01020609","319","Park Pl & Church St","40.71336124","-74.00937622","19466","Subscriber","1957","2"
"272","2013-12-01 08:23:37","2013-12-01 08:28:09","291","Madison St & Montgomery St","40.713126","-73.984844","408","Market St & Cherry St","40.71076228","-73.99400398","18896","Subscriber","1994","1"
"389","2013-12-01 08:24:00","2013-12-01 08:30:29","263","Elizabeth St & Hester St","40.71729","-73.996375","224","Spruce St & Nassau St","40.71146364","-74.00552427","15886","Subscriber","1966","1"
"247","2013-12-01 08:24:04","2013-12-01 08:28:11","294","Washington Square E","40.73049393","-73.9957214","483","E 12 St & 3 Ave","40.73223272","-73.98889957","16019","Subscriber","1955","1"
"737","2013-12-01 08:24:12","2013-12-01 08:36:29","430","York St & Jay St","40.7014851","-73.98656928","412","Forsyth St & Canal St","40.7158155","-73.99422366","16947","Subscriber","1997","2"
"1765","2013-12-01 08:24:24","2013-12-01 08:53:49","505","6 Ave & W 33 St","40.74901271","-73.98848395","281","Grand Army Plaza & Central Park S","40.7643971","-73.97371465","16192","Customer",\N,"0"
"501","2013-12-01 08:24:56","2013-12-01 08:33:17","146","Hudson St & Reade St","40.71625008","-74.0091059","2008","Little West St & 1 Pl","40.70569254","-74.01677685","17900","Subscriber","1958","1"
"608","2013-12-01 08:24:57","2013-12-01 08:35:05","502","Henry St & Grand St","40.714215","-73.981346","263","Elizabeth St & Hester St","40.71729","-73.996375","16260","Subscriber","1966","1"
"182","2013-12-01 08:24:58","2013-12-01 08:28:00","326","E 11 St & 1 Ave","40.72953837","-73.98426726","483","E 12 St & 3 Ave","40.73223272","-73.98889957","20735","Subscriber","1989","1"
"1337","2013-12-01 08:25:08","2013-12-01 08:47:25","332","Cherry St","40.71219906","-73.97948148","332","Cherry St","40.71219906","-73.97948148","17293","Subscriber","1971","1"
"354","2013-12-01 08:25:14","2013-12-01 08:31:08","127","Barrow St & Hudson St","40.73172428","-74.00674436","336","Sullivan St & Washington Sq","40.73047747","-73.99906065","19266","Subscriber","1993","2"
"387","2013-12-01 08:25:16","2013-12-01 08:31:43","483","E 12 St & 3 Ave","40.73223272","-73.98889957","445","E 10 St & Avenue A","40.72740794","-73.98142006","18106","Subscriber","1973","1"
"842","2013-12-01 08:26:28","2013-12-01 08:40:30","447","8 Ave & W 52 St","40.76370739","-73.9851615","525","W 34 St & 11 Ave","40.75594159","-74.0021163","20070","Subscriber","1980","1"
"726","2013-12-01 08:26:29","2013-12-01 08:38:35","487","E 20 St & FDR Drive","40.73314259","-73.97573881","435","W 21 St & 6 Ave","40.74173969","-73.99415556","19996","Subscriber","1987","1"
"376","2013-12-01 08:27:10","2013-12-01 08:33:26","150","E 2 St & Avenue C","40.7208736","-73.98085795","445","E 10 St & Avenue A","40.72740794","-73.98142006","18017","Subscriber","1955","1"
"343","2013-12-01 08:27:11","2013-12-01 08:32:54","423","W 54 St & 9 Ave","40.76584941","-73.98690506","281","Grand Army Plaza & Central Park S","40.7643971","-73.97371465","19323","Subscriber","1987","1"
"539","2013-12-01 08:27:14","2013-12-01 08:36:13","317","E 6 St & Avenue B","40.72453734","-73.98185424","496","E 16 St & 5 Ave","40.73726186","-73.99238967","18988","Subscriber","1985","1"
"1395","2013-12-01 08:27:38","2013-12-01 08:50:53","332","Cherry St","40.71219906","-73.97948148","152","Warren St & Church St","40.71473993","-74.00910627","17622","Subscriber","1940","1"
"513","2013-12-01 08:28:06","2013-12-01 08:36:39","315","South St & Gouverneur Ln","40.70355377","-74.00670227","259","South St & Whitehall St","40.70122128","-74.01234218","15920","Customer",\N,"0"
"821","2013-12-01 08:28:13","2013-12-01 08:41:54","339","Avenue D & E 12 St","40.72580614","-73.97422494","295","Pike St & E Broadway","40.71406667","-73.99293911","20264","Subscriber","1965","2"
"581","2013-12-01 08:28:37","2013-12-01 08:38:18","502","Henry St & Grand St","40.714215","-73.981346","263","Elizabeth St & Hester St","40.71729","-73.996375","18244","Subscriber","1969","2"
"459","2013-12-01 08:28:53","2013-12-01 08:36:32","439","E 4 St & 2 Ave","40.7262807","-73.98978041","382","University Pl & E 14 St","40.73492695","-73.99200509","17342","Subscriber","1980","1"
"460","2013-12-01 08:28:57","2013-12-01 08:36:37","439","E 4 St & 2 Ave","40.7262807","-73.98978041","382","University Pl & E 14 St","40.73492695","-73.99200509","20343","Subscriber","1971","2"
"600","2013-12-01 08:29:11","2013-12-01 08:39:11","385","E 55 St & 2 Ave","40.75797322","-73.96603308","2006","Central Park S & 6 Ave","40.76590936","-73.97634151","15007","Subscriber","1955","2"
"370","2013-12-01 08:29:23","2013-12-01 08:35:33","511","E 14 St & Avenue B","40.72938685","-73.97772429","536","1 Ave & E 30 St","40.74144387","-73.97536082","17820","Subscriber","1987","1"
"231","2013-12-01 08:29:48","2013-12-01 08:33:39","262","Washington Park","40.69178232","-73.97372989","416","Cumberland St & Lafayette Ave","40.68753406","-73.97265183","19015","Subscriber","1965","2"
"460","2013-12-01 08:29:57","2013-12-01 08:37:37","537","Lexington Ave & E 24 St","40.74025878","-73.98409214","446","W 24 St & 7 Ave","40.74487634","-73.99529885","16667","Subscriber","1956","1"
"844","2013-12-01 08:30:27","2013-12-01 08:44:31","476","E 31 St & 3 Ave","40.74394314","-73.97966069","251","Mott St & Prince St","40.72317958","-73.99480012","19883","Subscriber","1982","1"
"396","2013-12-01 08:30:33","2013-12-01 08:37:09","505","6 Ave & W 33 St","40.74901271","-73.98848395","2012","E 27 St & 1 Ave","40.739445","-73.976806","17673","Subscriber","1984","1"
"517","2013-12-01 08:30:48","2013-12-01 08:39:25","83","Atlantic Ave & Fort Greene Pl","40.68382604","-73.97632328","233","Joralemon St & Adams St","40.69246277","-73.98963911","17592","Subscriber","1980","1"
"184","2013-12-01 08:31:01","2013-12-01 08:34:05","382","University Pl & E 14 St","40.73492695","-73.99200509","254","W 11 St & 6 Ave","40.73532427","-73.99800419","20740","Subscriber","1989","2"
"634","2013-12-01 08:31:01","2013-12-01 08:41:35","449","W 52 St & 9 Ave","40.76461837","-73.98789473","379","W 31 St & 7 Ave","40.749156","-73.9916","16603","Subscriber","1953","1"
"153","2013-12-01 08:31:05","2013-12-01 08:33:38","441","E 52 St & 2 Ave","40.756014","-73.967416","228","E 48 St & 3 Ave","40.7546011026","-73.971878855","16904","Subscriber","1971","1"
"244","2013-12-01 08:31:38","2013-12-01 08:35:42","495","W 47 St & 10 Ave","40.76269882","-73.99301222","529","W 42 St & 8 Ave","40.7575699","-73.99098507","16891","Subscriber","1944","1"
"578","2013-12-01 08:31:39","2013-12-01 08:41:17","459","W 20 St & 11 Ave","40.746745","-74.007756","168","W 18 St & 6 Ave","40.73971301","-73.99456405","18595","Subscriber","1960","2"
"267","2013-12-01 08:31:47","2013-12-01 08:36:14","356","Bialystoker Pl & Delancey St","40.71622644","-73.98261206","307","Canal St & Rutgers St","40.71427487","-73.98990025","17168","Subscriber","1978","1"
"597","2013-12-01 08:32:11","2013-12-01 08:42:08","512","W 29 St & 9 Ave","40.7500727","-73.99839279","380","W 4 St & 7 Ave S","40.73401143","-74.00293877","18492","Subscriber","1986","1"
"2052","2013-12-01 08:32:17","2013-12-01 09:06:29","174","E 25 St & 1 Ave","40.7381765","-73.97738662","328","Watts St & Greenwich St","40.72405549","-74.00965965","19720","Subscriber","1992","1"
"571","2013-12-01 08:33:00","2013-12-01 08:42:31","127","Barrow St & Hudson St","40.73172428","-74.00674436","327","Vesey Pl & River Terrace","40.7153379","-74.01658354","15751","Subscriber","1968","2"
"1049","2013-12-01 08:33:21","2013-12-01 08:50:50","539","Metropolitan Ave & Bedford Ave","40.71534825","-73.96024116","531","Forsyth St & Broome St","40.71893904","-73.99266288","17942","Subscriber","1975","1"
"258","2013-12-01 08:33:21","2013-12-01 08:37:39","389","Broadway & Berry St","40.71044554","-73.96525063","539","Metropolitan Ave & Bedford Ave","40.71534825","-73.96024116","15099","Subscriber","1977","1"
"684","2013-12-01 08:33:21","2013-12-01 08:44:45","459","W 20 St & 11 Ave","40.746745","-74.007756","488","W 39 St & 9 Ave","40.75645824","-73.99372222","20233","Subscriber","1961","1"
"329","2013-12-01 08:33:47","2013-12-01 08:39:16","352","W 56 St & 6 Ave","40.76340613","-73.97722479","305","E 58 St & 3 Ave","40.76095756","-73.96724467","19406","Customer",\N,"0"
"733","2013-12-01 08:33:53","2013-12-01 08:46:06","300","Shevchenko Pl & E 6 St","40.728145","-73.990214","497","E 17 St & Broadway","40.73704984","-73.99009296","17251","Customer",\N,"0"
"734","2013-12-01 08:33:58","2013-12-01 08:46:12","300","Shevchenko Pl & E 6 St","40.728145","-73.990214","497","E 17 St & Broadway","40.73704984","-73.99009296","20661","Customer",\N,"0"
"718","2013-12-01 08:34:17","2013-12-01 08:46:15","361","Allen St & Hester St","40.71605866","-73.99190759","303","Mercer St & Spring St","40.72362738","-73.99949601","18421","Subscriber","1972","2"
"578","2013-12-01 08:34:28","2013-12-01 08:44:06","422","W 59 St & 10 Ave","40.770513","-73.988038","512","W 29 St & 9 Ave","40.7500727","-73.99839279","14963","Subscriber","1985","1"
"220","2013-12-01 08:34:38","2013-12-01 08:38:18","368","Carmine St & 6 Ave","40.73038599","-74.00214988","345","W 13 St & 6 Ave","40.73649403","-73.99704374","17806","Subscriber","1968","1"
"535","2013-12-01 08:34:39","2013-12-01 08:43:34","507","E 25 St & 2 Ave","40.73912601","-73.97973776","497","E 17 St & Broadway","40.73704984","-73.99009296","19831","Subscriber","1956","1"
"154","2013-12-01 08:34:57","2013-12-01 08:37:31","348","W Broadway & Spring St","40.72490985","-74.00154702","375","Mercer St & Bleecker St","40.72679454","-73.99695094","17859","Subscriber","1977","1"
"975","2013-12-01 08:35:04","2013-12-01 08:51:19","488","W 39 St & 9 Ave","40.75645824","-73.99372222","346","Bank St & Hudson St","40.73652889","-74.00618026","19590","Subscriber","1958","1"
"848","2013-12-01 08:35:32","2013-12-01 08:49:40","545","E 23 St & 1 Ave","40.736502","-73.97809472","347","W Houston St & Hudson St","40.72873888","-74.00748842","15724","Subscriber","1983","1"
"187","2013-12-01 08:35:38","2013-12-01 08:38:45","417","Barclay St & Church St","40.71291224","-74.01020234","146","Hudson St & Reade St","40.71625008","-74.0091059","19782","Subscriber","1957","2"
"692","2013-12-01 08:36:03","2013-12-01 08:47:35","448","W 37 St & 10 Ave","40.75660359","-73.9979009","83","Atlantic Ave & Fort Greene Pl","40.68382604","-73.97632328","15123","Subscriber","1979","1"
"989","2013-12-01 08:36:17","2013-12-01 08:52:46","311","Norfolk St & Broome St","40.7172274","-73.98802084","386","Centre St & Worth St","40.71494807","-74.00234482","16928","Subscriber","1972","1"
"465","2013-12-01 08:36:21","2013-12-01 08:44:06","521","8 Ave & W 31 St","40.75044999","-73.99481051","478","11 Ave & W 41 St","40.76030096","-73.99884222","20908","Subscriber","1973","1"
"564","2013-12-01 08:36:47","2013-12-01 08:46:11","342","Columbia St & Rivington St","40.71739973","-73.98016555","401","Allen St & Rivington St","40.72019576","-73.98997825","15327","Subscriber","1981","1"
"584","2013-12-01 08:36:52","2013-12-01 08:46:36","238","Bank St & Washington St","40.7361967","-74.00859207","375","Mercer St & Bleecker St","40.72679454","-73.99695094","15839","Subscriber","1938","1"
"164","2013-12-01 08:37:00","2013-12-01 08:39:44","500","Broadway & W 51 St","40.76228826","-73.98336183","457","Broadway & W 58 St","40.76695317","-73.98169333","19977","Subscriber","1982","2"
"1487","2013-12-01 08:37:05","2013-12-01 09:01:52","143","Clinton St & Joralemon St","40.69239502","-73.99337909","539","Metropolitan Ave & Bedford Ave","40.71534825","-73.96024116","16383","Subscriber","1980","1"
"678","2013-12-01 08:37:10","2013-12-01 08:48:28","328","Watts St & Greenwich St","40.72405549","-74.00965965","438","St Marks Pl & 1 Ave","40.72779126","-73.98564945","15026","Subscriber","1963","1"
"478","2013-12-01 08:37:13","2013-12-01 08:45:11","346","Bank St & Hudson St","40.73652889","-74.00618026","382","University Pl & E 14 St","40.73492695","-73.99200509","17596","Subscriber","1971","2"
"283","2013-12-01 08:37:19","2013-12-01 08:42:02","357","E 11 St & Broadway","40.73261787","-73.99158043","345","W 13 St & 6 Ave","40.73649403","-73.99704374","16177","Subscriber","1973","1"
"661","2013-12-01 08:37:20","2013-12-01 08:48:21","386","Centre St & Worth St","40.71494807","-74.00234482","2004","6 Ave & Broome St","40.724399","-74.004704","15831","Subscriber","1975","1"
"2010","2013-12-01 08:37:33","2013-12-01 09:11:03","247","Perry St & Bleecker St","40.73535398","-74.00483091","454","E 51 St & 1 Ave","40.75455731","-73.96592976","15199","Subscriber","1970","1"
"179","2013-12-01 08:37:48","2013-12-01 08:40:47","494","W 26 St & 8 Ave","40.74734825","-73.99723551","521","8 Ave & W 31 St","40.75044999","-73.99481051","16738","Subscriber","1960","1"
"714","2013-12-01 08:37:54","2013-12-01 08:49:48","540","Lexington Ave & E 26 St","40.74147286","-73.98320928","153","E 40 St & 5 Ave","40.752062307","-73.9816324043","19949","Subscriber","1959","2"
"277","2013-12-01 08:37:59","2013-12-01 08:42:36","428","E 3 St & 1 Ave","40.72467721","-73.98783413","293","Lafayette St & E 8 St","40.73028666","-73.9907647","18225","Subscriber","1966","1"
"452","2013-12-01 08:38:10","2013-12-01 08:45:42","168","W 18 St & 6 Ave","40.73971301","-73.99456405","545","E 23 St & 1 Ave","40.736502","-73.97809472","19551","Subscriber","1964","2"
"733","2013-12-01 08:38:17","2013-12-01 08:50:30","2004","6 Ave & Broome St","40.724399","-74.004704","509","9 Ave & W 22 St","40.7454973","-74.00197139","14745","Subscriber","1982","1"
"268","2013-12-01 08:38:32","2013-12-01 08:43:00","410","Suffolk St & Stanton St","40.72066442","-73.98517977","428","E 3 St & 1 Ave","40.72467721","-73.98783413","16788","Subscriber","1987","1"
"699","2013-12-01 08:38:35","2013-12-01 08:50:14","540","Lexington Ave & E 26 St","40.74147286","-73.98320928","153","E 40 St & 5 Ave","40.752062307","-73.9816324043","19326","Subscriber","1960","1"
"1875","2013-12-01 08:38:45","2013-12-01 09:10:00","427","State St","40.70251526","-74.01427023","501","FDR Drive & E 35 St","40.744219","-73.97121214","19344","Subscriber","1964","1"
"710","2013-12-01 08:39:19","2013-12-01 08:51:09","322","Clinton St & Tillary St","40.696192","-73.991218","274","Lafayette Ave & Fort Greene Pl","40.68691865","-73.976682","19162","Subscriber","1985","1"
"859","2013-12-01 08:39:23","2013-12-01 08:53:42","522","E 51 St & Lexington Ave","40.75714758","-73.97207836","167","E 39 St & 3 Ave","40.7489006","-73.97604882","15105","Subscriber","1940","1"
"642","2013-12-01 08:39:26","2013-12-01 08:50:08","445","E 10 St & Avenue A","40.72740794","-73.98142006","223","W 13 St & 7 Ave","40.73781509","-73.99994661","19416","Subscriber","1960","1"
"952","2013-12-01 08:39:35","2013-12-01 08:55:27","470","W 20 St & 8 Ave","40.74345335","-74.00004031","457","Broadway & W 58 St","40.76695317","-73.98169333","20524","Subscriber","1968","2"
"263","2013-12-01 08:39:43","2013-12-01 08:44:06","509","9 Ave & W 22 St","40.7454973","-74.00197139","284","Greenwich Ave & 8 Ave","40.7390169121","-74.0026376103","14560","Subscriber","1968","1"
"588","2013-12-01 08:39:45","2013-12-01 08:49:33","446","W 24 St & 7 Ave","40.74487634","-73.99529885","528","2 Ave & E 31 St","40.74290902","-73.97706058","15699","Subscriber","1989","1"
"354","2013-12-01 08:39:48","2013-12-01 08:45:42","2021","W 45 St & 8 Ave","40.75929124","-73.98859651","523","W 38 St & 8 Ave","40.75466591","-73.99138152","15799","Subscriber","1988","2"
"521","2013-12-01 08:40:03","2013-12-01 08:48:44","478","11 Ave & W 41 St","40.76030096","-73.99884222","500","Broadway & W 51 St","40.76228826","-73.98336183","14581","Subscriber","1982","1"
"569","2013-12-01 08:40:03","2013-12-01 08:49:32","461","E 20 St & 2 Ave","40.73587678","-73.98205027","526","E 33 St & 5 Ave","40.74765947","-73.98490707","16778","Subscriber","1983","1"
"352","2013-12-01 08:40:31","2013-12-01 08:46:23","271","Ashland Pl & Hanson Pl","40.68528172","-73.97805813","390","Duffield St & Willoughby St","40.69221589","-73.9842844","15912","Subscriber","1980","1"
"280","2013-12-01 08:41:07","2013-12-01 08:45:47","224","Spruce St & Nassau St","40.71146364","-74.00552427","276","Duane St & Greenwich St","40.71748752","-74.0104554","14543","Subscriber","1983","1"
"157","2013-12-01 08:42:00","2013-12-01 08:44:37","537","Lexington Ave & E 24 St","40.74025878","-73.98409214","503","E 20 St & Park Ave","40.73827428","-73.98751968","18921","Subscriber","1964","1"
"772","2013-12-01 08:42:13","2013-12-01 08:55:05","358","Christopher St & Greenwich St","40.73291553","-74.00711384","268","Howard St & Centre St","40.71910537","-73.99973337","17204","Subscriber","1986","2"
"671","2013-12-01 08:42:26","2013-12-01 08:53:37","342","Columbia St & Rivington St","40.71739973","-73.98016555","545","E 23 St & 1 Ave","40.736502","-73.97809472","19634","Subscriber","1990","1"
"237","2013-12-01 08:42:32","2013-12-01 08:46:29","433","E 13 St & Avenue A","40.72955361","-73.98057249","237","E 11 St & 2 Ave","40.73047309","-73.98672378","17767","Subscriber","1953","1"
"309","2013-12-01 08:42:37","2013-12-01 08:47:46","325","E 19 St & 3 Ave","40.73624527","-73.98473765","402","Broadway & E 22 St","40.7403432","-73.98955109","16207","Subscriber","1971","1"
"862","2013-12-01 08:42:37","2013-12-01 08:56:59","411","E 6 St & Avenue D","40.72228087","-73.97668709","348","W Broadway & Spring St","40.72490985","-74.00154702","19772","Subscriber","1961","1"
"447","2013-12-01 08:42:38","2013-12-01 08:50:05","528","2 Ave & E 31 St","40.74290902","-73.97706058","497","E 17 St & Broadway","40.73704984","-73.99009296","16733","Subscriber","1992","1"
"945","2013-12-01 08:42:39","2013-12-01 08:58:24","386","Centre St & Worth St","40.71494807","-74.00234482","487","E 20 St & FDR Drive","40.73314259","-73.97573881","19791","Subscriber","1970","1"
"272","2013-12-01 08:42:59","2013-12-01 08:47:31","502","Henry St & Grand St","40.714215","-73.981346","311","Norfolk St & Broome St","40.7172274","-73.98802084","18590","Subscriber","1950","2"
"733","2013-12-01 08:43:12","2013-12-01 08:55:25","450","W 49 St & 8 Ave","40.76227205","-73.98788205","404","9 Ave & W 14 St","40.7405826","-74.00550867","16637","Subscriber","1987","1"
"415","2013-12-01 08:43:26","2013-12-01 08:50:21","248","Laight St & Hudson St","40.72185379","-74.00771779","151","Cleveland Pl & Spring St","40.7218158","-73.99720307","19891","Subscriber","1979","1"
"131","2013-12-01 08:43:27","2013-12-01 08:45:38","303","Mercer St & Spring St","40.72362738","-73.99949601","151","Cleveland Pl & Spring St","40.7218158","-73.99720307","14789","Subscriber","1956","1"
"1202","2013-12-01 08:44:06","2013-12-01 09:04:08","475","E 16 St & Irving Pl","40.73524276","-73.98758561","448","W 37 St & 10 Ave","40.75660359","-73.9979009","18676","Subscriber","1978","2"
"519","2013-12-01 08:44:19","2013-12-01 08:52:58","446","W 24 St & 7 Ave","40.74487634","-73.99529885","488","W 39 St & 9 Ave","40.75645824","-73.99372222","16854","Subscriber","1988","2"
"168","2013-12-01 08:44:40","2013-12-01 08:47:28","395","Bond St & Schermerhorn St","40.68807003","-73.98410637","271","Ashland Pl & Hanson Pl","40.68528172","-73.97805813","20202","Subscriber","1981","1"
"687","2013-12-01 08:44:45","2013-12-01 08:56:12","436","Hancock St & Bedford Ave","40.68216564","-73.95399026","390","Duffield St & Willoughby St","40.69221589","-73.9842844","16262","Subscriber","1983","1"
"662","2013-12-01 08:44:49","2013-12-01 08:55:51","442","W 27 St & 7 Ave","40.746647","-73.993915","463","9 Ave & W 16 St","40.74206539","-74.00443172","15922","Subscriber","1983","2"
"1547","2013-12-01 08:44:51","2013-12-01 09:10:38","150","E 2 St & Avenue C","40.7208736","-73.98085795","313","Washington Ave & Park Ave","40.69610226","-73.96751037","15190","Subscriber","1974","1"
"478","2013-12-01 08:44:54","2013-12-01 08:52:52","509","9 Ave & W 22 St","40.7454973","-74.00197139","477","W 41 St & 8 Ave","40.75640548","-73.9900262","15549","Subscriber","1978","2"
"524","2013-12-01 08:44:59","2013-12-01 08:53:43","360","William St & Pine St","40.70717936","-74.00887308","263","Elizabeth St & Hester St","40.71729","-73.996375","19984","Subscriber","1968","2"
"532","2013-12-01 08:44:59","2013-12-01 08:53:51","499","Broadway & W 60 St","40.76915505","-73.98191841","137","E 56 St & Madison Ave","40.761628","-73.972924","14675","Subscriber","1954","1"
"611","2013-12-01 08:45:05","2013-12-01 08:55:16","442","W 27 St & 7 Ave","40.746647","-73.993915","463","9 Ave & W 16 St","40.74206539","-74.00443172","16079","Subscriber","1972","1"
"792","2013-12-01 08:45:15","2013-12-01 08:58:27","482","W 15 St & 7 Ave","40.73935542","-73.99931783","456","E 53 St & Madison Ave","40.7597108","-73.97402311","17126","Subscriber","1958","1"
"477","2013-12-01 08:45:40","2013-12-01 08:53:37","334","W 20 St & 7 Ave","40.74238787","-73.99726235","297","E 15 St & 3 Ave","40.734232","-73.986923","16474","Subscriber","1959","1"
"137","2013-12-01 08:45:51","2013-12-01 08:48:08","512","W 29 St & 9 Ave","40.7500727","-73.99839279","489","10 Ave & W 28 St","40.75066386","-74.00176802","20813","Subscriber","1983","2"
"1082","2013-12-01 08:45:56","2013-12-01 09:03:58","228","E 48 St & 3 Ave","40.7546011026","-73.971878855","448","W 37 St & 10 Ave","40.75660359","-73.9979009","16581","Subscriber","1958","1"
"484","2013-12-01 08:46:05","2013-12-01 08:54:09","373","Willoughby Ave & Walworth St","40.69331716","-73.95381995","275","Washington Ave & Greene Ave","40.68650065","-73.96563307","19296","Subscriber","1976","1"
"464","2013-12-01 08:46:28","2013-12-01 08:54:12","307","Canal St & Rutgers St","40.71427487","-73.98990025","249","Harrison St & Hudson St","40.71870987","-74.0090009","15804","Subscriber","1984","1"
"178","2013-12-01 08:46:29","2013-12-01 08:49:27","128","MacDougal St & Prince St","40.72710258","-74.00297088","368","Carmine St & 6 Ave","40.73038599","-74.00214988","19007","Subscriber","1946","1"
"751","2013-12-01 08:46:38","2013-12-01 08:59:09","453","W 22 St & 8 Ave","40.74475148","-73.99915362","525","W 34 St & 11 Ave","40.75594159","-74.0021163","18218","Subscriber","1957","1"
"1418","2013-12-01 08:46:47","2013-12-01 09:10:25","331","Pike St & Monroe St","40.71173107","-73.99193043","492","W 33 St & 7 Ave","40.75019995","-73.99093085","17953","Subscriber","1960","1"
"1392","2013-12-01 08:47:12","2013-12-01 09:10:24","545","E 23 St & 1 Ave","40.736502","-73.97809472","2006","Central Park S & 6 Ave","40.76590936","-73.97634151","15767","Subscriber","1984","2"
"1083","2013-12-01 08:47:22","2013-12-01 09:05:25","357","E 11 St & Broadway","40.73261787","-73.99158043","515","W 43 St & 10 Ave","40.76009437","-73.99461843","16356","Subscriber","1964","2"
"213","2013-12-01 08:47:25","2013-12-01 08:50:58","270","Adelphi St & Myrtle Ave","40.69308257","-73.97178913","416","Cumberland St & Lafayette Ave","40.68753406","-73.97265183","21002","Subscriber","1985","2"
"353","2013-12-01 08:47:28","2013-12-01 08:53:21","344","Monroe St & Bedford Ave","40.6851443","-73.95380904","275","Washington Ave & Greene Ave","40.68650065","-73.96563307","20957","Subscriber","1975","1"
"399","2013-12-01 08:47:39","2013-12-01 08:54:18","415","Pearl St & Hanover Square","40.7047177","-74.00926027","309","Murray St & West St","40.7149787","-74.013012","18859","Subscriber","1980","1"
"162","2013-12-01 08:47:40","2013-12-01 08:50:22","521","8 Ave & W 31 St","40.75044999","-73.99481051","442","W 27 St & 7 Ave","40.746647","-73.993915","16008","Subscriber","1980","1"
"247","2013-12-01 08:47:46","2013-12-01 08:51:53","513","W 56 St & 10 Ave","40.768254","-73.988639","479","9 Ave & W 45 St","40.76019252","-73.9912551","20085","Subscriber","1982","1"
"960","2013-12-01 08:48:03","2013-12-01 09:04:03","517","Pershing Square S","40.75149263","-73.97798848","237","E 11 St & 2 Ave","40.73047309","-73.98672378","16263","Subscriber","1990","2"
"622","2013-12-01 08:48:12","2013-12-01 08:58:34","449","W 52 St & 9 Ave","40.76461837","-73.98789473","164","E 47 St & 2 Ave","40.75323098","-73.97032517","16344","Subscriber","1989","1"
"694","2013-12-01 08:48:12","2013-12-01 08:59:46","499","Broadway & W 60 St","40.76915505","-73.98191841","362","Broadway & W 37 St","40.75172632","-73.98753523","16485","Subscriber","1981","2"
"309","2013-12-01 08:48:19","2013-12-01 08:53:28","453","W 22 St & 8 Ave","40.74475148","-73.99915362","490","8 Ave & W 33 St","40.751551","-73.993934","19618","Subscriber","1973","1"
"197","2013-12-01 08:48:32","2013-12-01 08:51:49","294","Washington Square E","40.73049393","-73.9957214","382","University Pl & E 14 St","40.73492695","-73.99200509","18018","Subscriber","1983","1"
"298","2013-12-01 08:48:34","2013-12-01 08:53:32","453","W 22 St & 8 Ave","40.74475148","-73.99915362","490","8 Ave & W 33 St","40.751551","-73.993934","18363","Subscriber","1970","2"
"287","2013-12-01 08:48:39","2013-12-01 08:53:26","345","W 13 St & 6 Ave","40.73649403","-73.99704374","294","Washington Square E","40.73049393","-73.9957214","16630","Subscriber","1974","2"
"182","2013-12-01 08:48:42","2013-12-01 08:51:44","294","Washington Square E","40.73049393","-73.9957214","382","University Pl & E 14 St","40.73492695","-73.99200509","16942","Subscriber","1987","1"
"400","2013-12-01 08:48:46","2013-12-01 08:55:26","302","Avenue D & E 3 St","40.72082834","-73.97793172","307","Canal St & Rutgers St","40.71427487","-73.98990025","20160","Subscriber","1969","1"
"342","2013-12-01 08:48:51","2013-12-01 08:54:33","326","E 11 St & 1 Ave","40.72953837","-73.98426726","497","E 17 St & Broadway","40.73704984","-73.99009296","20347","Subscriber","1953","1"
"274","2013-12-01 08:48:54","2013-12-01 08:53:28","383","Greenwich Ave & Charles St","40.735238","-74.000271","382","University Pl & E 14 St","40.73492695","-73.99200509","16670","Subscriber","1984","1"
"304","2013-12-01 08:48:55","2013-12-01 08:53:59","380","W 4 St & 7 Ave S","40.73401143","-74.00293877","509","9 Ave & W 22 St","40.7454973","-74.00197139","15106","Subscriber","1975","1"
"608","2013-12-01 08:49:23","2013-12-01 08:59:31","238","Bank St & Washington St","40.7361967","-74.00859207","435","W 21 St & 6 Ave","40.74173969","-73.99415556","19338","Subscriber","1976","1"
"209","2013-12-01 08:49:25","2013-12-01 08:52:54","324","DeKalb Ave & Hudson Ave","40.689888","-73.981013","233","Joralemon St & Adams St","40.69246277","-73.98963911","20855","Subscriber","1983","1"
"302","2013-12-01 08:50:08","2013-12-01 08:55:10","366","Clinton Ave & Myrtle Ave","40.693261","-73.968896","2001","7 Ave & Farragut St","40.69892054","-73.97332996","16378","Subscriber","1969","1"
"517","2013-12-01 08:50:15","2013-12-01 08:58:52","247","Perry St & Bleecker St","40.73535398","-74.00483091","249","Harrison St & Hudson St","40.71870987","-74.0090009","18756","Subscriber","1979","1"
"257","2013-12-01 08:50:21","2013-12-01 08:54:38","477","W 41 St & 8 Ave","40.75640548","-73.9900262","448","W 37 St & 10 Ave","40.75660359","-73.9979009","19238","Subscriber","1989","1"
"313","2013-12-01 08:50:22","2013-12-01 08:55:35","346","Bank St & Hudson St","40.73652889","-74.00618026","463","9 Ave & W 16 St","40.74206539","-74.00443172","15019","Subscriber","1959","1"
"871","2013-12-01 08:50:33","2013-12-01 09:05:04","521","8 Ave & W 31 St","40.75044999","-73.99481051","161","LaGuardia Pl & W 3 St","40.72917025","-73.99810231","20053","Subscriber","1974","1"
"228","2013-12-01 08:50:51","2013-12-01 08:54:39","426","West St & Chambers St","40.71754834","-74.01322069","320","Church St & Leonard St","40.71743998","-74.00583475","20658","Subscriber","1975","1"
"1151","2013-12-01 08:50:59","2013-12-01 09:10:10","459","W 20 St & 11 Ave","40.746745","-74.007756","334","W 20 St & 7 Ave","40.74238787","-73.99726235","19794","Subscriber","1966","2"
"1446","2013-12-01 08:51:07","2013-12-01 09:15:13","361","Allen St & Hester St","40.71605866","-73.99190759","477","W 41 St & 8 Ave","40.75640548","-73.9900262","19646","Subscriber","1985","1"
"637","2013-12-01 08:51:09","2013-12-01 09:01:46","536","1 Ave & E 30 St","40.74144387","-73.97536082","511","E 14 St & Avenue B","40.72938685","-73.97772429","19909","Subscriber","1971","1"
"2019","2013-12-01 08:51:57","2013-12-01 09:25:36","422","W 59 St & 10 Ave","40.770513","-73.988038","473","Rivington St & Chrystie St","40.72110063","-73.9919254","16301","Subscriber","1966","1"
"4630","2013-12-01 08:52:04","2013-12-01 10:09:14","281","Grand Army Plaza & Central Park S","40.7643971","-73.97371465","2006","Central Park S & 6 Ave","40.76590936","-73.97634151","16194","Customer",\N,"0"
"246","2013-12-01 08:52:11","2013-12-01 08:56:17","457","Broadway & W 58 St","40.76695317","-73.98169333","423","W 54 St & 9 Ave","40.76584941","-73.98690506","15098","Subscriber","1978","2"
"1045","2013-12-01 08:52:12","2013-12-01 09:09:37","537","Lexington Ave & E 24 St","40.74025878","-73.98409214","127","Barrow St & Hudson St","40.73172428","-74.00674436","19101","Subscriber","1980","2"
"331","2013-12-01 08:52:15","2013-12-01 08:57:46","483","E 12 St & 3 Ave","40.73223272","-73.98889957","294","Washington Square E","40.73049393","-73.9957214","15609","Subscriber","1955","1"
"482","2013-12-01 08:52:38","2013-12-01 09:00:40","223","W 13 St & 7 Ave","40.73781509","-73.99994661","475","E 16 St & Irving Pl","40.73524276","-73.98758561","17871","Subscriber","1971","1"
"123","2013-12-01 08:52:54","2013-12-01 08:54:57","3002","South End Ave & Liberty St","40.711512","-74.015756","327","Vesey Pl & River Terrace","40.7153379","-74.01658354","16864","Subscriber","1968","2"
"1889","2013-12-01 08:53:12","2013-12-01 09:24:41","545","E 23 St & 1 Ave","40.736502","-73.97809472","545","E 23 St & 1 Ave","40.736502","-73.97809472","20806","Subscriber","1961","2"
"531","2013-12-01 08:53:23","2013-12-01 09:02:14","239","Willoughby St & Fleet St","40.69196566","-73.9813018","406","Hicks St & Montague St","40.69512845","-73.99595065","15289","Subscriber","1961","2"
"195","2013-12-01 08:53:31","2013-12-01 08:56:46","3002","South End Ave & Liberty St","40.711512","-74.015756","327","Vesey Pl & River Terrace","40.7153379","-74.01658354","17706","Subscriber","1964","2"
"507","2013-12-01 08:53:35","2013-12-01 09:02:02","495","W 47 St & 10 Ave","40.76269882","-73.99301222","153","E 40 St & 5 Ave","40.752062307","-73.9816324043","15575","Subscriber","1966","1"
"564","2013-12-01 08:54:17","2013-12-01 09:03:41","253","W 13 St & 5 Ave","40.73543934","-73.99453948","492","W 33 St & 7 Ave","40.75019995","-73.99093085","14791","Subscriber","1955","1"
"586","2013-12-01 08:54:27","2013-12-01 09:04:13","529","W 42 St & 8 Ave","40.7575699","-73.99098507","457","Broadway & W 58 St","40.76695317","-73.98169333","17666","Subscriber","1975","2"
"524","2013-12-01 08:54:32","2013-12-01 09:03:16","352","W 56 St & 6 Ave","40.76340613","-73.97722479","72","W 52 St & 11 Ave","40.76727216","-73.99392888","16704","Subscriber","1962","2"
"186","2013-12-01 08:54:39","2013-12-01 08:57:45","82","St James Pl & Pearl St","40.71117416","-74.00016545","264","Maiden Ln & Pearl St","40.70706456","-74.00731853","20564","Subscriber","1962","1"
"566","2013-12-01 08:54:39","2013-12-01 09:04:05","529","W 42 St & 8 Ave","40.7575699","-73.99098507","457","Broadway & W 58 St","40.76695317","-73.98169333","15821","Subscriber","1975","1"
"1225","2013-12-01 08:54:43","2013-12-01 09:15:08","487","E 20 St & FDR Drive","40.73314259","-73.97573881","521","8 Ave & W 31 St","40.75044999","-73.99481051","20975","Subscriber","1979","2"
"64","2013-12-01 08:55:11","2013-12-01 08:56:15","127","Barrow St & Hudson St","40.73172428","-74.00674436","127","Barrow St & Hudson St","40.73172428","-74.00674436","20012","Subscriber","1966","1"
"281","2013-12-01 08:55:21","2013-12-01 09:00:02","438","St Marks Pl & 1 Ave","40.72779126","-73.98564945","229","Great Jones St","40.72743423","-73.99379025","16762","Subscriber","1986","1"
"252","2013-12-01 08:55:24","2013-12-01 08:59:36","395","Bond St & Schermerhorn St","40.68807003","-73.98410637","310","State St & Smith St","40.68926942","-73.98912867","16461","Subscriber","1982","2"
"320","2013-12-01 08:55:38","2013-12-01 09:00:58","470","W 20 St & 8 Ave","40.74345335","-74.00004031","475","E 16 St & Irving Pl","40.73524276","-73.98758561","15985","Customer",\N,"0"
"630","2013-12-01 08:55:42","2013-12-01 09:06:12","512","W 29 St & 9 Ave","40.7500727","-73.99839279","475","E 16 St & Irving Pl","40.73524276","-73.98758561","17653","Subscriber","1969","1"
"514","2013-12-01 08:55:47","2013-12-01 09:04:21","147","Greenwich St & Warren St","40.71542197","-74.01121978","377","6 Ave & Canal St","40.72243797","-74.00566443","19026","Subscriber","1982","2"
"326","2013-12-01 08:56:02","2013-12-01 09:01:28","257","Lispenard St & Broadway","40.71939226","-74.00247214","250","Lafayette St & Jersey St","40.72456089","-73.99565293","15869","Subscriber","1956","1"
"4381","2013-12-01 08:56:15","2013-12-01 10:09:16","281","Grand Army Plaza & Central Park S","40.7643971","-73.97371465","2006","Central Park S & 6 Ave","40.76590936","-73.97634151","19431","Customer",\N,"0"
"175","2013-12-01 08:56:15","2013-12-01 08:59:10","128","MacDougal St & Prince St","40.72710258","-74.00297088","161","LaGuardia Pl & W 3 St","40.72917025","-73.99810231","16284","Subscriber","1962","2"
"381","2013-12-01 08:56:23","2013-12-01 09:02:44","127","Barrow St & Hudson St","40.73172428","-74.00674436","329","Greenwich St & N Moore St","40.72043411","-74.01020609","18846","Subscriber","1966","1"
"621","2013-12-01 08:56:30","2013-12-01 09:06:51","521","8 Ave & W 31 St","40.75044999","-73.99481051","318","E 43 St & Vanderbilt Ave","40.75320159","-73.9779874","18743","Subscriber","1951","1"
"565","2013-12-01 08:56:32","2013-12-01 09:05:57","495","W 47 St & 10 Ave","40.76269882","-73.99301222","281","Grand Army Plaza & Central Park S","40.7643971","-73.97371465","19983","Subscriber","1963","1"
"965","2013-12-01 08:56:34","2013-12-01 09:12:39","308","St James Pl & Oliver St","40.71307916","-73.99851193","253","W 13 St & 5 Ave","40.73543934","-73.99453948","14979","Subscriber","1985","1"
"793","2013-12-01 08:56:36","2013-12-01 09:09:49","317","E 6 St & Avenue B","40.72453734","-73.98185424","285","Broadway & E 14 St","40.73454567","-73.99074142","20938","Subscriber","1986","2"
"568","2013-12-01 08:56:38","2013-12-01 09:06:06","458","11 Ave & W 27 St","40.751396","-74.005226","529","W 42 St & 8 Ave","40.7575699","-73.99098507","20302","Subscriber","1993","1"
"332","2013-12-01 08:56:43","2013-12-01 09:02:15","461","E 20 St & 2 Ave","40.73587678","-73.98205027","285","Broadway & E 14 St","40.73454567","-73.99074142","17480","Subscriber","1963","1"
"1652","2013-12-01 08:57:03","2013-12-01 09:24:35","310","State St & Smith St","40.68926942","-73.98912867","403","E 2 St & 2 Ave","40.72502876","-73.99069656","15069","Subscriber","1958","2"
"275","2013-12-01 08:57:07","2013-12-01 09:01:42","248","Laight St & Hudson St","40.72185379","-74.00771779","152","Warren St & Church St","40.71473993","-74.00910627","19765","Subscriber","1971","1"
"448","2013-12-01 08:57:19","2013-12-01 09:04:47","168","W 18 St & 6 Ave","40.73971301","-73.99456405","540","Lexington Ave & E 26 St","40.74147286","-73.98320928","19553","Subscriber","1966","1"
"360","2013-12-01 08:57:21","2013-12-01 09:03:21","245","Myrtle Ave & St Edwards St","40.69327018","-73.97703874","323","Lawrence St & Willoughby St","40.69236178","-73.98631746","19385","Subscriber","1962","2"
"1217","2013-12-01 08:57:31","2013-12-01 09:17:48","422","W 59 St & 10 Ave","40.770513","-73.988038","168","W 18 St & 6 Ave","40.73971301","-73.99456405","18576","Subscriber","1984","2"
"460","2013-12-01 08:57:35","2013-12-01 09:05:15","327","Vesey Pl & River Terrace","40.7153379","-74.01658354","2008","Little West St & 1 Pl","40.70569254","-74.01677685","20348","Subscriber","1950","1"
"244","2013-12-01 08:57:59","2013-12-01 09:02:03","173","Broadway & W 49 St","40.76064679","-73.98442659","152","Warren St & Church St","40.71473993","-74.00910627","17478","Subscriber","1987","1"
"701","2013-12-01 08:58:04","2013-12-01 09:09:45","518","E 39 St & 2 Ave","40.74780373","-73.9734419","538","W 49 St & 5 Ave","40.75795248","-73.97787642","16091","Subscriber","1988","1"
"588","2013-12-01 08:58:05","2013-12-01 09:07:53","368","Carmine St & 6 Ave","40.73038599","-74.00214988","402","Broadway & E 22 St","40.7403432","-73.98955109","20703","Subscriber","1969","1"
"621","2013-12-01 08:58:21","2013-12-01 09:08:42","351","Front St & Maiden Ln","40.70530954","-74.00612572","323","Lawrence St & Willoughby St","40.69236178","-73.98631746","20616","Subscriber","1985","2"
"240","2013-12-01 08:58:30","2013-12-01 09:02:30","363","West Thames St","40.70834698","-74.01713445","327","Vesey Pl & River Terrace","40.7153379","-74.01658354","17661","Subscriber","1954","1"
"655","2013-12-01 08:58:35","2013-12-01 09:09:30","325","E 19 St & 3 Ave","40.73624527","-73.98473765","486","Broadway & W 29 St","40.7462009","-73.98855723","16736","Subscriber","1944","1"
"251","2013-12-01 08:58:39","2013-12-01 09:02:50","361","Allen St & Hester St","40.71605866","-73.99190759","401","Allen St & Rivington St","40.72019576","-73.98997825","15022","Subscriber","1980","2"
"876","2013-12-01 08:58:56","2013-12-01 09:13:32","411","E 6 St & Avenue D","40.72228087","-73.97668709","223","W 13 St & 7 Ave","40.73781509","-73.99994661","20231","Subscriber","1963","1"
"582","2013-12-01 08:58:58","2013-12-01 09:08:40","3002","South End Ave & Liberty St","40.711512","-74.015756","79","Franklin St & W Broadway","40.71911552","-74.00666661","20942","Subscriber","1945","1"
"783","2013-12-01 08:59:07","2013-12-01 09:12:10","167","E 39 St & 3 Ave","40.7489006","-73.97604882","352","W 56 St & 6 Ave","40.76340613","-73.97722479","17742","Subscriber","1974","1"
"715","2013-12-01 08:59:12","2013-12-01 09:11:07","486","Broadway & W 29 St","40.7462009","-73.98855723","375","Mercer St & Bleecker St","40.72679454","-73.99695094","15308","Subscriber","1974","2"
"2175","2013-12-01 08:59:13","2013-12-01 09:35:28","137","E 56 St & Madison Ave","40.761628","-73.972924","281","Grand Army Plaza & Central Park S","40.7643971","-73.97371465","18860","Customer",\N,"0"
"296","2013-12-01 08:59:14","2013-12-01 09:04:10","517","Pershing Square S","40.75149263","-73.97798848","518","E 39 St & 2 Ave","40.74780373","-73.9734419","20329","Subscriber","1984","1"
"2416","2013-12-01 08:59:15","2013-12-01 09:39:31","137","E 56 St & Madison Ave","40.761628","-73.972924","281","Grand Army Plaza & Central Park S","40.7643971","-73.97371465","15171","Customer",\N,"0"
"500","2013-12-01 08:59:17","2013-12-01 09:07:37","410","Suffolk St & Stanton St","40.72066442","-73.98517977","537","Lexington Ave & E 24 St","40.74025878","-73.98409214","18180","Subscriber","1968","2"
"1596","2013-12-01 08:59:53","2013-12-01 09:26:29","341","Stanton St & Mangin St","40.71782143","-73.97628939","341","Stanton St & Mangin St","40.71782143","-73.97628939","15362","Subscriber","1970","1"
"540","2013-12-01 09:00:23","2013-12-01 09:09:23","258","DeKalb Ave & Vanderbilt Ave","40.68940747","-73.96885458","324","DeKalb Ave & Hudson Ave","40.689888","-73.981013","17404","Subscriber","1976","1"
"302","2013-12-01 09:00:34","2013-12-01 09:05:36","157","Henry St & Atlantic Ave","40.69089272","-73.99612349","310","State St & Smith St","40.68926942","-73.98912867","16053","Subscriber","1979","1"
"586","2013-12-01 09:00:48","2013-12-01 09:10:34","281","Grand Army Plaza & Central Park S","40.7643971","-73.97371465","474","5 Ave & E 29 St","40.7451677","-73.98683077","19730","Subscriber","1958","1"
"671","2013-12-01 09:01:13","2013-12-01 09:12:24","453","W 22 St & 8 Ave","40.74475148","-73.99915362","212","W 16 St & The High Line","40.74334935","-74.00681753","16466","Subscriber","1984","2"
"185","2013-12-01 09:01:22","2013-12-01 09:04:27","450","W 49 St & 8 Ave","40.76227205","-73.98788205","469","Broadway & W 53 St","40.76344058","-73.98268129","19140","Subscriber","1973","1"
"926","2013-12-01 09:01:30","2013-12-01 09:16:56","526","E 33 St & 5 Ave","40.74765947","-73.98490707","290","2 Ave & E 58 St","40.76020258","-73.96478473","14790","Subscriber","1984","1"
"178","2013-12-01 09:01:43","2013-12-01 09:04:41","457","Broadway & W 58 St","40.76695317","-73.98169333","281","Grand Army Plaza & Central Park S","40.7643971","-73.97371465","18162","Subscriber","1977","1"
"543","2013-12-01 09:02:14","2013-12-01 09:11:17","275","Washington Ave & Greene Ave","40.68650065","-73.96563307","373","Willoughby Ave & Walworth St","40.69331716","-73.95381995","16413","Subscriber","1976","1"
"510","2013-12-01 09:02:18","2013-12-01 09:10:48","540","Lexington Ave & E 26 St","40.74147286","-73.98320928","236","St Marks Pl & 2 Ave","40.7284186","-73.98713956","18058","Subscriber","1958","1"
"157","2013-12-01 09:02:20","2013-12-01 09:04:57","457","Broadway & W 58 St","40.76695317","-73.98169333","500","Broadway & W 51 St","40.76228826","-73.98336183","19977","Subscriber","1982","2"
"352","2013-12-01 09:02:30","2013-12-01 09:08:22","445","E 10 St & Avenue A","40.72740794","-73.98142006","293","Lafayette St & E 8 St","40.73028666","-73.9907647","17970","Subscriber","1969","1"
"678","2013-12-01 09:02:49","2013-12-01 09:14:07","445","E 10 St & Avenue A","40.72740794","-73.98142006","293","Lafayette St & E 8 St","40.73028666","-73.9907647","17348","Subscriber","1978","1"
"629","2013-12-01 09:02:58","2013-12-01 09:13:27","502","Henry St & Grand St","40.714215","-73.981346","323","Lawrence St & Willoughby St","40.69236178","-73.98631746","17430","Subscriber","1996","1"
"331","2013-12-01 09:03:14","2013-12-01 09:08:45","531","Forsyth St & Broome St","40.71893904","-73.99266288","296","Division St & Bowery","40.71413089","-73.9970468","19212","Subscriber","1986","1"
"390","2013-12-01 09:03:15","2013-12-01 09:09:45","466","W 25 St & 6 Ave","40.74395411","-73.99144871","463","9 Ave & W 16 St","40.74206539","-74.00443172","18408","Subscriber","1986","1"
"326","2013-12-01 09:03:23","2013-12-01 09:08:49","515","W 43 St & 10 Ave","40.76009437","-73.99461843","512","W 29 St & 9 Ave","40.7500727","-73.99839279","16063","Subscriber","1964","1"
"1889","2013-12-01 09:03:42","2013-12-01 09:35:11","387","Centre St & Chambers St","40.71273266","-74.0046073","426","West St & Chambers St","40.71754834","-74.01322069","18820","Customer",\N,"0"
"815","2013-12-01 09:03:46","2013-12-01 09:17:21","472","E 32 St & Park Ave","40.7457121","-73.98194829","302","Avenue D & E 3 St","40.72082834","-73.97793172","20624","Subscriber","1975","1"
"156","2013-12-01 09:03:49","2013-12-01 09:06:25","486","Broadway & W 29 St","40.7462009","-73.98855723","492","W 33 St & 7 Ave","40.75019995","-73.99093085","18234","Subscriber","1970","1"
"120","2013-12-01 09:04:01","2013-12-01 09:06:01","345","W 13 St & 6 Ave","40.73649403","-73.99704374","168","W 18 St & 6 Ave","40.73971301","-73.99456405","19832","Subscriber","1985","2"
"1861","2013-12-01 09:04:06","2013-12-01 09:35:07","387","Centre St & Chambers St","40.71273266","-74.0046073","426","West St & Chambers St","40.71754834","-74.01322069","16633","Customer",\N,"0"
"279","2013-12-01 09:04:18","2013-12-01 09:08:57","252","MacDougal St & Washington Sq","40.73226398","-73.99852205","375","Mercer St & Bleecker St","40.72679454","-73.99695094","15607","Subscriber","1984","1"
"226","2013-12-01 09:04:24","2013-12-01 09:08:10","397","Fulton St & Clermont Ave","40.68415748","-73.96922273","298","3 Ave & Schermerhorn St","40.68683208","-73.9796772","15409","Subscriber","1964","1"
"208","2013-12-01 09:04:53","2013-12-01 09:08:21","401","Allen St & Rivington St","40.72019576","-73.98997825","438","St Marks Pl & 1 Ave","40.72779126","-73.98564945","19682","Subscriber","1957","1"
"2445","2013-12-01 09:05:10","2013-12-01 09:45:55","377","6 Ave & Canal St","40.72243797","-74.00566443","457","Broadway & W 58 St","40.76695317","-73.98169333","15506","Customer",\N,"0"
"2452","2013-12-01 09:05:12","2013-12-01 09:46:04","377","6 Ave & Canal St","40.72243797","-74.00566443","482","W 15 St & 7 Ave","40.73935542","-73.99931783","15885","Customer",\N,"0"
"488","2013-12-01 09:05:13","2013-12-01 09:13:21","291","Madison St & Montgomery St","40.713126","-73.984844","401","Allen St & Rivington St","40.72019576","-73.98997825","15824","Subscriber","1955","1"
"612","2013-12-01 09:05:19","2013-12-01 09:15:31","293","Lafayette St & E 8 St","40.73028666","-73.9907647","334","W 20 St & 7 Ave","40.74238787","-73.99726235","17581","Subscriber","1970","2"
"353","2013-12-01 09:05:26","2013-12-01 09:11:19","331","Pike St & Monroe St","40.71173107","-73.99193043","355","Bayard St & Baxter St","40.71602118","-73.99974372","19812","Subscriber","1980","2"
"610","2013-12-01 09:05:43","2013-12-01 09:15:53","161","LaGuardia Pl & W 3 St","40.72917025","-73.99810231","116","W 17 St & 8 Ave","40.74177603","-74.00149746","16134","Subscriber","1958","2"
"1490","2013-12-01 09:05:44","2013-12-01 09:30:34","218","Gallatin Pl & Livingston St","40.69028437","-73.98707105","312","Allen St & E Houston St","40.722055","-73.989111","19039","Subscriber","1979","2"
"641","2013-12-01 09:06:05","2013-12-01 09:16:46","529","W 42 St & 8 Ave","40.7575699","-73.99098507","457","Broadway & W 58 St","40.76695317","-73.98169333","16325","Subscriber","1965","1"
"1465","2013-12-01 09:06:09","2013-12-01 09:30:34","340","Madison St & Clinton St","40.71269042","-73.98776323","476","E 31 St & 3 Ave","40.74394314","-73.97966069","19716","Subscriber","1986","2"
"976","2013-12-01 09:06:14","2013-12-01 09:22:30","394","E 9 St & Avenue C","40.72521311","-73.97768752","212","W 16 St & The High Line","40.74334935","-74.00681753","18984","Customer",\N,"0"
"948","2013-12-01 09:06:43","2013-12-01 09:22:31","279","Sands St & Gold St","40.69986937","-73.98271933","406","Hicks St & Montague St","40.69512845","-73.99595065","18308","Subscriber","1957","1"
"1168","2013-12-01 09:06:53","2013-12-01 09:26:21","340","Madison St & Clinton St","40.71269042","-73.98776323","212","W 16 St & The High Line","40.74334935","-74.00681753","18685","Subscriber","1982","1"
"496","2013-12-01 09:06:56","2013-12-01 09:15:12","496","E 16 St & 5 Ave","40.73726186","-73.99238967","358","Christopher St & Greenwich St","40.73291553","-74.00711384","17728","Subscriber","1977","1"
"2148","2013-12-01 09:07:07","2013-12-01 09:42:55","341","Stanton St & Mangin St","40.71782143","-73.97628939","341","Stanton St & Mangin St","40.71782143","-73.97628939","16634","Subscriber","1938","1"
"530","2013-12-01 09:07:07","2013-12-01 09:15:57","417","Barclay St & Church St","40.71291224","-74.01020234","355","Bayard St & Baxter St","40.71602118","-73.99974372","19874","Subscriber","1950","2"
"242","2013-12-01 09:07:15","2013-12-01 09:11:17","453","W 22 St & 8 Ave","40.74475148","-73.99915362","434","9 Ave & W 18 St","40.74317449","-74.00366443","19153","Subscriber","1963","1"
"550","2013-12-01 09:07:17","2013-12-01 09:16:27","488","W 39 St & 9 Ave","40.75645824","-73.99372222","358","Christopher St & Greenwich St","40.73291553","-74.00711384","15637","Subscriber","1973","1"
"1333","2013-12-01 09:07:52","2013-12-01 09:30:05","389","Broadway & Berry St","40.71044554","-73.96525063","368","Carmine St & 6 Ave","40.73038599","-74.00214988","18504","Subscriber","1971","1"
"211","2013-12-01 09:07:57","2013-12-01 09:11:28","402","Broadway & E 22 St","40.7403432","-73.98955109","382","University Pl & E 14 St","40.73492695","-73.99200509","15241","Subscriber","1966","1"
"1924","2013-12-01 09:08:03","2013-12-01 09:40:07","301","E 2 St & Avenue B","40.72217444","-73.98368779","301","E 2 St & Avenue B","40.72217444","-73.98368779","17755","Subscriber","1959","2"
"358","2013-12-01 09:08:05","2013-12-01 09:14:03","480","W 53 St & 10 Ave","40.76669671","-73.99061728","469","Broadway & W 53 St","40.76344058","-73.98268129","19073","Subscriber","1970","1"
"1421","2013-12-01 09:08:05","2013-12-01 09:31:46","388","W 26 St & 10 Ave","40.749717753","-74.002950346","308","St James Pl & Oliver St","40.71307916","-73.99851193","20335","Subscriber","1963","1"
"623","2013-12-01 09:08:21","2013-12-01 09:18:44","394","E 9 St & Avenue C","40.72521311","-73.97768752","307","Canal St & Rutgers St","40.71427487","-73.98990025","20109","Subscriber","1981","1"
"449","2013-12-01 09:08:42","2013-12-01 09:16:11","143","Clinton St & Joralemon St","40.69239502","-73.99337909","217","Old Fulton St","40.70277159","-73.99383605","18894","Subscriber","1981","2"
"436","2013-12-01 09:08:50","2013-12-01 09:16:06","143","Clinton St & Joralemon St","40.69239502","-73.99337909","217","Old Fulton St","40.70277159","-73.99383605","14913","Subscriber","1978","1"
"387","2013-12-01 09:08:56","2013-12-01 09:15:23","152","Warren St & Church St","40.71473993","-74.00910627","422","W 59 St & 10 Ave","40.770513","-73.988038","17478","Subscriber","1970","2"
"1883","2013-12-01 09:08:57","2013-12-01 09:40:20","301","E 2 St & Avenue B","40.72217444","-73.98368779","301","E 2 St & Avenue B","40.72217444","-73.98368779","15518","Subscriber","1996","1"
"1229","2013-12-01 09:09:00","2013-12-01 09:29:29","280","E 10 St & 5 Ave","40.73331967","-73.99510132","173","Broadway & W 49 St","40.76064679","-73.98442659","17935","Subscriber","1970","2"
"249","2013-12-01 09:09:01","2013-12-01 09:13:10","445","E 10 St & Avenue A","40.72740794","-73.98142006","359","E 47 St & Park Ave","40.75510267","-73.97498696","17278","Subscriber","1988","1"
"1718","2013-12-01 09:09:08","2013-12-01 09:37:46","387","Centre St & Chambers St","40.71273266","-74.0046073","232","Cadman Plaza E & Tillary St","40.69597683","-73.99014892","19324","Customer",\N,"0"
"358","2013-12-01 09:09:28","2013-12-01 09:15:26","486","Broadway & W 29 St","40.7462009","-73.98855723","446","W 24 St & 7 Ave","40.74487634","-73.99529885","16442","Subscriber","1964","1"
"1700","2013-12-01 09:09:38","2013-12-01 09:37:58","387","Centre St & Chambers St","40.71273266","-74.0046073","232","Cadman Plaza E & Tillary St","40.69597683","-73.99014892","17065","Customer",\N,"0"
"459","2013-12-01 09:09:40","2013-12-01 09:17:19","518","E 39 St & 2 Ave","40.74780373","-73.9734419","504","1 Ave & E 15 St","40.73221853","-73.98165557","16554","Subscriber","1984","1"
"544","2013-12-01 09:09:45","2013-12-01 09:18:49","438","St Marks Pl & 1 Ave","40.72779126","-73.98564945","345","W 13 St & 6 Ave","40.73649403","-73.99704374","15026","Subscriber","1976","1"
"218","2013-12-01 09:09:52","2013-12-01 09:13:30","410","Suffolk St & Stanton St","40.72066442","-73.98517977","311","Norfolk St & Broome St","40.7172274","-73.98802084","16729","Subscriber","1969","1"
"744","2013-12-01 09:09:56","2013-12-01 09:22:20","301","E 2 St & Avenue B","40.72217444","-73.98368779","528","2 Ave & E 31 St","40.74290902","-73.97706058","18338","Subscriber","1979","1"
"322","2013-12-01 09:10:05","2013-12-01 09:15:27","317","E 6 St & Avenue B","40.72453734","-73.98185424","446","W 24 St & 7 Ave","40.74487634","-73.99529885","17182","Subscriber","1960","1"
"61","2013-12-01 09:10:11","2013-12-01 09:11:12","356","Bialystoker Pl & Delancey St","40.71622644","-73.98261206","356","Bialystoker Pl & Delancey St","40.71622644","-73.98261206","16780","Subscriber","1971","1"
"487","2013-12-01 09:10:19","2013-12-01 09:18:26","253","W 13 St & 5 Ave","40.73543934","-73.99453948","253","W 13 St & 5 Ave","40.73543934","-73.99453948","17894","Customer",\N,"0"
"417","2013-12-01 09:10:25","2013-12-01 09:17:22","531","Forsyth St & Broome St","40.71893904","-73.99266288","301","E 2 St & Avenue B","40.72217444","-73.98368779","17536","Subscriber","1976","2"
"1155","2013-12-01 09:10:51","2013-12-01 09:30:06","501","FDR Drive & E 35 St","40.744219","-73.97121214","294","Washington Square E","40.73049393","-73.9957214","19701","Subscriber","1964","1"
"366","2013-12-01 09:10:56","2013-12-01 09:17:02","499","Broadway & W 60 St","40.76915505","-73.98191841","173","Broadway & W 49 St","40.76064679","-73.98442659","19357","Subscriber","1964","1"
"209","2013-12-01 09:11:08","2013-12-01 09:14:37","433","E 13 St & Avenue A","40.72955361","-73.98057249","317","E 6 St & Avenue B","40.72453734","-73.98185424","19380","Subscriber","1977","1"
"257","2013-12-01 09:11:13","2013-12-01 09:15:30","487","E 20 St & FDR Drive","40.73314259","-73.97573881","461","E 20 St & 2 Ave","40.73587678","-73.98205027","16462","Subscriber","1973","1"
"773","2013-12-01 09:11:21","2013-12-01 09:24:14","376","John St & William St","40.70862144","-74.00722156","521","8 Ave & W 31 St","40.75044999","-73.99481051","15185","Subscriber","1975","1"
"760","2013-12-01 09:11:22","2013-12-01 09:24:02","376","John St & William St","40.70862144","-74.00722156","375","Mercer St & Bleecker St","40.72679454","-73.99695094","19281","Subscriber","1979","2"
"1805","2013-12-01 09:11:45","2013-12-01 09:41:50","494","W 26 St & 8 Ave","40.74734825","-73.99723551","160","E 37 St & Lexington Ave","40.748238","-73.978311","17451","Subscriber","1956","1"
"182","2013-12-01 09:11:55","2013-12-01 09:14:57","545","E 23 St & 1 Ave","40.736502","-73.97809472","504","1 Ave & E 15 St","40.73221853","-73.98165557","16657","Subscriber","1990","2"
"1085","2013-12-01 09:11:57","2013-12-01 09:30:02","72","W 52 St & 11 Ave","40.76727216","-73.99392888","492","W 33 St & 7 Ave","40.75019995","-73.99093085","19911","Subscriber","1972","2"
"873","2013-12-01 09:11:59","2013-12-01 09:26:32","359","E 47 St & Park Ave","40.75510267","-73.97498696","294","Washington Square E","40.73049393","-73.9957214","16328","Subscriber","1982","1"
"774","2013-12-01 09:12:42","2013-12-01 09:25:36","291","Madison St & Montgomery St","40.713126","-73.984844","265","Stanton St & Chrystie St","40.72229346","-73.99147535","18508","Subscriber","1962","2"
"1289","2013-12-01 09:12:45","2013-12-01 09:34:14","249","Harrison St & Hudson St","40.71870987","-74.0090009","477","W 41 St & 8 Ave","40.75640548","-73.9900262","15684","Subscriber","1988","2"
"632","2013-12-01 09:12:46","2013-12-01 09:23:18","290","2 Ave & E 58 St","40.76020258","-73.96478473","519","Pershing Square N","40.75188406","-73.97770164","16545","Subscriber","1989","2"
"1711","2013-12-01 09:13:31","2013-12-01 09:42:02","494","W 26 St & 8 Ave","40.74734825","-73.99723551","160","E 37 St & Lexington Ave","40.748238","-73.978311","17291","Subscriber","1958","2"
"325","2013-12-01 09:13:31","2013-12-01 09:18:56","503","E 20 St & Park Ave","40.73827428","-73.98751968","545","E 23 St & 1 Ave","40.736502","-73.97809472","18717","Subscriber","1943","1"
"563","2013-12-01 09:13:40","2013-12-01 09:23:03","488","W 39 St & 9 Ave","40.75645824","-73.99372222","513","W 56 St & 10 Ave","40.768254","-73.988639","15606","Subscriber","1988","1"
"748","2013-12-01 09:13:52","2013-12-01 09:26:20","238","Bank St & Washington St","40.7361967","-74.00859207","531","Forsyth St & Broome St","40.71893904","-73.99266288","18029","Subscriber","1968","1"
"339","2013-12-01 09:13:54","2013-12-01 09:19:33","236","St Marks Pl & 2 Ave","40.7284186","-73.98713956","229","Great Jones St","40.72743423","-73.99379025","19577","Subscriber","1987","2"
"792","2013-12-01 09:13:55","2013-12-01 09:27:07","349","Rivington St & Ridge St","40.71850211","-73.98329859","362","Broadway & W 37 St","40.75172632","-73.98753523","17679","Subscriber","1976","2"
"106","2013-12-01 09:14:02","2013-12-01 09:15:48","497","E 17 St & Broadway","40.73704984","-73.99009296","503","E 20 St & Park Ave","40.73827428","-73.98751968","15802","Subscriber","1983","1"
"517","2013-12-01 09:14:05","2013-12-01 09:22:42","488","W 39 St & 9 Ave","40.75645824","-73.99372222","538","W 49 St & 5 Ave","40.75795248","-73.97787642","17258","Subscriber","1973","1"
"536","2013-12-01 09:14:08","2013-12-01 09:23:04","290","2 Ave & E 58 St","40.76020258","-73.96478473","499","Broadway & W 60 St","40.76915505","-73.98191841","18881","Subscriber","1980","1"
"503","2013-12-01 09:14:22","2013-12-01 09:22:45","350","Clinton St & Grand St","40.71559509","-73.9870295","330","Reade St & Broadway","40.71450451","-74.00562789","19016","Subscriber","1955","2"
"167","2013-12-01 09:14:53","2013-12-01 09:17:40","341","Stanton St & Mangin St","40.71782143","-73.97628939","342","Columbia St & Rivington St","40.71739973","-73.98016555","17035","Subscriber","1970","1"
"775","2013-12-01 09:14:54","2013-12-01 09:27:49","349","Rivington St & Ridge St","40.71850211","-73.98329859","382","University Pl & E 14 St","40.73492695","-73.99200509","19194","Subscriber","1971","1"
"486","2013-12-01 09:15:00","2013-12-01 09:23:06","358","Christopher St & Greenwich St","40.73291553","-74.00711384","470","W 20 St & 8 Ave","40.74345335","-74.00004031","18710","Subscriber","1976","1"
"736","2013-12-01 09:15:14","2013-12-01 09:27:30","320","Church St & Leonard St","40.71743998","-74.00583475","496","E 16 St & 5 Ave","40.73726186","-73.99238967","19564","Subscriber","1982","1"
"303","2013-12-01 09:15:17","2013-12-01 09:20:20","254","W 11 St & 6 Ave","40.73532427","-73.99800419","466","W 25 St & 6 Ave","40.74395411","-73.99144871","17665","Subscriber","1963","1"
"766","2013-12-01 09:15:30","2013-12-01 09:28:16","303","Mercer St & Spring St","40.72362738","-73.99949601","284","Greenwich Ave & 8 Ave","40.7390169121","-74.0026376103","16993","Subscriber","1951","2"
"460","2013-12-01 09:15:34","2013-12-01 09:23:14","153","E 40 St & 5 Ave","40.752062307","-73.9816324043","2021","W 45 St & 8 Ave","40.75929124","-73.98859651","18945","Subscriber","1966","1"
"524","2013-12-01 09:15:45","2013-12-01 09:24:29","359","E 47 St & Park Ave","40.75510267","-73.97498696","359","E 47 St & Park Ave","40.75510267","-73.97498696","17278","Subscriber","1988","1"
"914","2013-12-01 09:15:47","2013-12-01 09:31:01","356","Bialystoker Pl & Delancey St","40.71622644","-73.98261206","293","Lafayette St & E 8 St","40.73028666","-73.9907647","15004","Subscriber","1954","2"
"467","2013-12-01 09:16:15","2013-12-01 09:24:02","128","MacDougal St & Prince St","40.72710258","-74.00297088","253","W 13 St & 5 Ave","40.73543934","-73.99453948","17131","Subscriber","1983","2"
"951","2013-12-01 09:16:16","2013-12-01 09:32:07","468","Broadway & W 55 St","40.7652654","-73.98192338","442","W 27 St & 7 Ave","40.746647","-73.993915","17845","Subscriber","1958","1"
"1002","2013-12-01 09:16:38","2013-12-01 09:33:20","341","Stanton St & Mangin St","40.71782143","-73.97628939","291","Madison St & Montgomery St","40.713126","-73.984844","15116","Subscriber","1966","2"
"1570","2013-12-01 09:16:44","2013-12-01 09:42:54","387","Centre St & Chambers St","40.71273266","-74.0046073","387","Centre St & Chambers St","40.71273266","-74.0046073","19220","Customer",\N,"0"
"274","2013-12-01 09:16:48","2013-12-01 09:21:22","463","9 Ave & W 16 St","40.74206539","-74.00443172","346","Bank St & Hudson St","40.73652889","-74.00618026","18293","Subscriber","1959","1"
"1562","2013-12-01 09:16:59","2013-12-01 09:43:01","387","Centre St & Chambers St","40.71273266","-74.0046073","387","Centre St & Chambers St","40.71273266","-74.0046073","15273","Customer",\N,"0"
"637","2013-12-01 09:17:10","2013-12-01 09:27:47","507","E 25 St & 2 Ave","40.73912601","-73.97973776","527","E 33 St & 1 Ave","40.74315566","-73.97434726","20974","Subscriber","1944","1"
"186","2013-12-01 09:17:18","2013-12-01 09:20:24","447","8 Ave & W 52 St","40.76370739","-73.9851615","326","E 11 St & 1 Ave","40.72953837","-73.98426726","15340","Subscriber","1965","1"
"204","2013-12-01 09:17:20","2013-12-01 09:20:44","324","DeKalb Ave & Hudson Ave","40.689888","-73.981013","395","Bond St & Schermerhorn St","40.68807003","-73.98410637","17112","Subscriber","1982","1"
"456","2013-12-01 09:17:33","2013-12-01 09:25:09","388","W 26 St & 10 Ave","40.749717753","-74.002950346","495","W 47 St & 10 Ave","40.76269882","-73.99301222","17788","Subscriber","1956","1"
"235","2013-12-01 09:17:37","2013-12-01 09:21:32","483","E 12 St & 3 Ave","40.73223272","-73.98889957","253","W 13 St & 5 Ave","40.73543934","-73.99453948","16503","Subscriber","1974","2"
"483","2013-12-01 09:17:45","2013-12-01 09:25:48","504","1 Ave & E 15 St","40.73221853","-73.98165557","476","E 31 St & 3 Ave","40.74394314","-73.97966069","16554","Subscriber","1986","2"
"720","2013-12-01 09:17:54","2013-12-01 09:29:54","455","1 Ave & E 44 St","40.75001986","-73.96905301","493","W 45 St & 6 Ave","40.7568001","-73.98291153","15499","Customer",\N,"0"
"708","2013-12-01 09:17:56","2013-12-01 09:29:44","455","1 Ave & E 44 St","40.75001986","-73.96905301","493","W 45 St & 6 Ave","40.7568001","-73.98291153","18787","Customer",\N,"0"
"788","2013-12-01 09:18:28","2013-12-01 09:31:36","320","Church St & Leonard St","40.71743998","-74.00583475","320","Church St & Leonard St","40.71743998","-74.00583475","16282","Subscriber","1971","2"
"257","2013-12-01 09:18:57","2013-12-01 09:23:14","488","W 39 St & 9 Ave","40.75645824","-73.99372222","243","Fulton St & Rockwell Pl","40.687979","-73.978474","15209","Subscriber","1976","1"
"605","2013-12-01 09:19:04","2013-12-01 09:29:09","467","Dean St & 4 Ave","40.68312489","-73.97895137","399","Lafayette Ave & St James Pl","40.68851534","-73.9647628","19944","Subscriber","1985","1"
"1352","2013-12-01 09:19:15","2013-12-01 09:41:47","195","Liberty St & Broadway","40.70905623","-74.01043382","545","E 23 St & 1 Ave","40.736502","-73.97809472","18774","Subscriber","1988","1"
"392","2013-12-01 09:19:25","2013-12-01 09:25:57","302","Avenue D & E 3 St","40.72082834","-73.97793172","307","Canal St & Rutgers St","40.71427487","-73.98990025","19315","Subscriber","1978","1"
"342","2013-12-01 09:19:30","2013-12-01 09:25:12","472","E 32 St & Park Ave","40.7457121","-73.98194829","474","5 Ave & E 29 St","40.7451677","-73.98683077","18131","Subscriber","1976","2"
"352","2013-12-01 09:19:37","2013-12-01 09:25:29","284","Greenwich Ave & 8 Ave","40.7390169121","-74.0026376103","368","Carmine St & 6 Ave","40.73038599","-74.00214988","18700","Subscriber","1975","1"
"280","2013-12-01 09:19:38","2013-12-01 09:24:18","331","Pike St & Monroe St","40.71173107","-73.99193043","312","Allen St & E Houston St","40.722055","-73.989111","16211","Subscriber","1990","1"
"192","2013-12-01 09:19:44","2013-12-01 09:22:56","459","W 20 St & 11 Ave","40.746745","-74.007756","395","Bond St & Schermerhorn St","40.68807003","-73.98410637","20711","Subscriber","1982","2"
"448","2013-12-01 09:19:58","2013-12-01 09:27:26","349","Rivington St & Ridge St","40.71850211","-73.98329859","326","E 11 St & 1 Ave","40.72953837","-73.98426726","17484","Subscriber","1981","2"
"819","2013-12-01 09:20:13","2013-12-01 09:33:52","457","Broadway & W 58 St","40.76695317","-73.98169333","466","W 25 St & 6 Ave","40.74395411","-73.99144871","19117","Subscriber","1961","1"
"699","2013-12-01 09:20:41","2013-12-01 09:32:20","72","W 52 St & 11 Ave","40.76727216","-73.99392888","379","W 31 St & 7 Ave","40.749156","-73.9916","20783","Subscriber","1986","1"
"987","2013-12-01 09:20:50","2013-12-01 09:37:17","347","W Houston St & Hudson St","40.72873888","-74.00748842","524","W 43 St & 6 Ave","40.75527307","-73.98316936","17862","Subscriber","1955","1"
"384","2013-12-01 09:20:53","2013-12-01 09:27:17","414","Pearl St & Anchorage Pl","40.70281858","-73.98765762","233","Joralemon St & Adams St","40.69246277","-73.98963911","18372","Subscriber","1962","1"
"935","2013-12-01 09:21:20","2013-12-01 09:36:55","247","Perry St & Bleecker St","40.73535398","-74.00483091","515","W 43 St & 10 Ave","40.76009437","-73.99461843","19654","Subscriber","1983","1"
"1464","2013-12-01 09:21:23","2013-12-01 09:45:47","251","Mott St & Prince St","40.72317958","-73.99480012","517","Pershing Square S","40.75149263","-73.97798848","14644","Subscriber","1989","1"
"4444","2013-12-01 09:21:23","2013-12-01 10:35:27","281","Grand Army Plaza & Central Park S","40.7643971","-73.97371465","281","Grand Army Plaza & Central Park S","40.7643971","-73.97371465","18376","Customer",\N,"0"
"1494","2013-12-01 09:21:25","2013-12-01 09:46:19","502","Henry St & Grand St","40.714215","-73.981346","128","MacDougal St & Prince St","40.72710258","-74.00297088","14654","Subscriber","1952","1"
"1450","2013-12-01 09:21:25","2013-12-01 09:45:35","302","Avenue D & E 3 St","40.72082834","-73.97793172","428","E 3 St & 1 Ave","40.72467721","-73.98783413","19260","Subscriber","1990","2"
"1661","2013-12-01 09:21:40","2013-12-01 09:49:21","447","8 Ave & W 52 St","40.76370739","-73.9851615","402","Broadway & E 22 St","40.7403432","-73.98955109","16032","Subscriber","1949","1"
"4395","2013-12-01 09:21:41","2013-12-01 10:34:56","281","Grand Army Plaza & Central Park S","40.7643971","-73.97371465","281","Grand Army Plaza & Central Park S","40.7643971","-73.97371465","18162","Customer",\N,"0"
"1636","2013-12-01 09:21:42","2013-12-01 09:48:58","274","Lafayette Ave & Fort Greene Pl","40.68691865","-73.976682","473","Rivington St & Chrystie St","40.72110063","-73.9919254","17587","Customer",\N,"0"
"243","2013-12-01 09:21:42","2013-12-01 09:25:45","334","W 20 St & 7 Ave","40.74238787","-73.99726235","168","W 18 St & 6 Ave","40.73971301","-73.99456405","17581","Customer",\N,"0"
"1664","2013-12-01 09:21:45","2013-12-01 09:49:29","116","W 17 St & 8 Ave","40.74177603","-74.00149746","116","W 17 St & 8 Ave","40.74177603","-74.00149746","19376","Subscriber","1969","1"
"1611","2013-12-01 09:22:10","2013-12-01 09:49:01","274","Lafayette Ave & Fort Greene Pl","40.68691865","-73.976682","473","Rivington St & Chrystie St","40.72110063","-73.9919254","16985","Customer",\N,"0"
"813","2013-12-01 09:22:15","2013-12-01 09:35:48","546","E 30 St & Park Ave S","40.74444921","-73.98303529","168","W 18 St & 6 Ave","40.73971301","-73.99456405","18751","Subscriber","1985","1"
"1585","2013-12-01 09:22:33","2013-12-01 09:48:58","469","Broadway & W 53 St","40.76344058","-73.98268129","490","8 Ave & W 33 St","40.751551","-73.993934","19244","Customer",\N,"0"
"557","2013-12-01 09:22:35","2013-12-01 09:31:52","546","E 30 St & Park Ave S","40.74444921","-73.98303529","435","W 21 St & 6 Ave","40.74173969","-73.99415556","18825","Subscriber","1984","2"
"1155","2013-12-01 09:22:43","2013-12-01 09:41:58","168","W 18 St & 6 Ave","40.73971301","-73.99456405","525","W 34 St & 11 Ave","40.75594159","-74.0021163","18576","Subscriber","1972","2"
"718","2013-12-01 09:22:48","2013-12-01 09:34:46","280","E 10 St & 5 Ave","40.73331967","-73.99510132","521","8 Ave & W 31 St","40.75044999","-73.99481051","17627","Subscriber","1953","1"
"1528","2013-12-01 09:23:14","2013-12-01 09:48:42","469","Broadway & W 53 St","40.76344058","-73.98268129","490","8 Ave & W 33 St","40.751551","-73.993934","20664","Customer",\N,"0"
"262","2013-12-01 09:23:17","2013-12-01 09:27:39","509","9 Ave & W 22 St","40.7454973","-74.00197139","497","E 17 St & Broadway","40.73704984","-73.99009296","15106","Subscriber","1972","1"
"482","2013-12-01 09:23:32","2013-12-01 09:31:34","342","Columbia St & Rivington St","40.71739973","-73.98016555","295","Pike St & E Broadway","40.71406667","-73.99293911","17035","Subscriber","1958","2"
"387","2013-12-01 09:23:43","2013-12-01 09:30:10","305","E 58 St & 3 Ave","40.76095756","-73.96724467","164","E 47 St & 2 Ave","40.75323098","-73.97032517","17753","Subscriber","1967","2"
"249","2013-12-01 09:23:43","2013-12-01 09:27:52","325","E 19 St & 3 Ave","40.73624527","-73.98473765","402","Broadway & E 22 St","40.7403432","-73.98955109","17398","Subscriber","1976","1"
"410","2013-12-01 09:23:48","2013-12-01 09:30:38","360","William St & Pine St","40.70717936","-74.00887308","308","St James Pl & Oliver St","40.71307916","-73.99851193","20828","Subscriber","1977","1"
"335","2013-12-01 09:23:56","2013-12-01 09:29:31","251","Mott St & Prince St","40.72317958","-73.99480012","79","Franklin St & W Broadway","40.71911552","-74.00666661","17804","Subscriber","1965","1"
"854","2013-12-01 09:24:04","2013-12-01 09:38:18","540","Lexington Ave & E 26 St","40.74147286","-73.98320928","499","Broadway & W 60 St","40.76915505","-73.98191841","17879","Subscriber","1986","1"
"370","2013-12-01 09:24:06","2013-12-01 09:30:16","504","1 Ave & E 15 St","40.73221853","-73.98165557","497","E 17 St & Broadway","40.73704984","-73.99009296","17026","Subscriber","1977","2"
"166","2013-12-01 09:24:11","2013-12-01 09:26:57","280","E 10 St & 5 Ave","40.73331967","-73.99510132","497","E 17 St & Broadway","40.73704984","-73.99009296","17837","Subscriber","1973","2"
"243","2013-12-01 09:24:15","2013-12-01 09:28:18","494","W 26 St & 8 Ave","40.74734825","-73.99723551","509","9 Ave & W 22 St","40.7454973","-74.00197139","18263","Subscriber","1951","1"
"775","2013-12-01 09:24:18","2013-12-01 09:37:13","168","W 18 St & 6 Ave","40.73971301","-73.99456405","525","W 34 St & 11 Ave","40.75594159","-74.0021163","17869","Subscriber","1978","2"
"519","2013-12-01 09:24:19","2013-12-01 09:32:58","466","W 25 St & 6 Ave","40.74395411","-73.99144871","476","E 31 St & 3 Ave","40.74394314","-73.97966069","20361","Customer",\N,"0"
"757","2013-12-01 09:24:19","2013-12-01 09:36:56","241","DeKalb Ave & S Portland Ave","40.68981035","-73.97493121","2000","Front St & Washington St","40.70255088","-73.98940236","17537","Subscriber","1983","2"
"947","2013-12-01 09:24:26","2013-12-01 09:40:13","245","Myrtle Ave & St Edwards St","40.69327018","-73.97703874","437","Macon St & Nostrand Ave","40.6809833854","-73.9500479759","18969","Subscriber","1951","1"
"297","2013-12-01 09:24:29","2013-12-01 09:29:26","285","Broadway & E 14 St","40.73454567","-73.99074142","252","MacDougal St & Washington Sq","40.73226398","-73.99852205","17598","Subscriber","1983","1"
"1559","2013-12-01 09:24:30","2013-12-01 09:50:29","237","E 11 St & 2 Ave","40.73047309","-73.98672378","355","Bayard St & Baxter St","40.71602118","-73.99974372","18428","Subscriber","1975","2"
"376","2013-12-01 09:24:53","2013-12-01 09:31:09","285","Broadway & E 14 St","40.73454567","-73.99074142","445","E 10 St & Avenue A","40.72740794","-73.98142006","19018","Subscriber","1969","1"
"594","2013-12-01 09:25:00","2013-12-01 09:34:54","545","E 23 St & 1 Ave","40.736502","-73.97809472","334","W 20 St & 7 Ave","40.74238787","-73.99726235","20782","Subscriber","1974","1"
"187","2013-12-01 09:25:02","2013-12-01 09:28:09","405","Washington St & Gansevoort St","40.739323","-74.008119","284","Greenwich Ave & 8 Ave","40.7390169121","-74.0026376103","15649","Subscriber","1976","1"
"698","2013-12-01 09:25:06","2013-12-01 09:36:44","540","Lexington Ave & E 26 St","40.74147286","-73.98320928","223","W 13 St & 7 Ave","40.73781509","-73.99994661","15151","Customer",\N,"0"
"874","2013-12-01 09:25:13","2013-12-01 09:39:47","540","Lexington Ave & E 26 St","40.74147286","-73.98320928","281","Grand Army Plaza & Central Park S","40.7643971","-73.97371465","19553","Subscriber","1982","1"
"371","2013-12-01 09:25:15","2013-12-01 09:31:26","305","E 58 St & 3 Ave","40.76095756","-73.96724467","352","W 56 St & 6 Ave","40.76340613","-73.97722479","19506","Customer",\N,"0"
"373","2013-12-01 09:25:16","2013-12-01 09:31:29","301","E 2 St & Avenue B","40.72217444","-73.98368779","293","Lafayette St & E 8 St","40.73028666","-73.9907647","17004","Subscriber","1981","2"
"648","2013-12-01 09:25:22","2013-12-01 09:36:10","521","8 Ave & W 31 St","40.75044999","-73.99481051","528","2 Ave & E 31 St","40.74290902","-73.97706058","20651","Subscriber","1975","1"
"217","2013-12-01 09:25:31","2013-12-01 09:29:08","497","E 17 St & Broadway","40.73704984","-73.99009296","402","Broadway & E 22 St","40.7403432","-73.98955109","15758","Subscriber","1964","1"
"1285","2013-12-01 09:25:35","2013-12-01 09:47:00","403","E 2 St & 2 Ave","40.72502876","-73.99069656","2023","E 55 St & Lexington Ave","40.75968085","-73.97031366","16041","Subscriber","1958","2"
"1102","2013-12-01 09:25:35","2013-12-01 09:43:57","438","St Marks Pl & 1 Ave","40.72779126","-73.98564945","446","W 24 St & 7 Ave","40.74487634","-73.99529885","16348","Subscriber","1992","1"
"633","2013-12-01 09:25:37","2013-12-01 09:36:10","348","W Broadway & Spring St","40.72490985","-74.00154702","483","E 12 St & 3 Ave","40.73223272","-73.98889957","17563","Subscriber","1992","1"
"358","2013-12-01 09:25:39","2013-12-01 09:31:37","531","Forsyth St & Broome St","40.71893904","-73.99266288","361","Allen St & Hester St","40.71605866","-73.99190759","17942","Subscriber","1964","1"
"941","2013-12-01 09:25:42","2013-12-01 09:41:23","284","Greenwich Ave & 8 Ave","40.7390169121","-74.0026376103","504","1 Ave & E 15 St","40.73221853","-73.98165557","14560","Customer",\N,"0"
"508","2013-12-01 09:25:43","2013-12-01 09:34:11","515","W 43 St & 10 Ave","40.76009437","-73.99461843","486","Broadway & W 29 St","40.7462009","-73.98855723","16953","Subscriber","1962","1"
"679","2013-12-01 09:25:47","2013-12-01 09:37:06","322","Clinton St & Tillary St","40.696192","-73.991218","467","Dean St & 4 Ave","40.68312489","-73.97895137","20196","Subscriber","1972","1"
"768","2013-12-01 09:25:50","2013-12-01 09:38:38","212","W 16 St & The High Line","40.74334935","-74.00681753","319","Park Pl & Church St","40.71336124","-74.00937622","14795","Subscriber","1972","2"
"461","2013-12-01 09:25:53","2013-12-01 09:33:34","174","E 25 St & 1 Ave","40.7381765","-73.97738662","519","Pershing Square N","40.75188406","-73.97770164","16186","Subscriber","1992","1"
"692","2013-12-01 09:25:53","2013-12-01 09:37:25","518","E 39 St & 2 Ave","40.74780373","-73.9734419","237","E 11 St & 2 Ave","40.73047309","-73.98672378","18649","Subscriber","1982","2"
"172","2013-12-01 09:26:08","2013-12-01 09:29:00","441","E 52 St & 2 Ave","40.756014","-73.967416","522","E 51 St & Lexington Ave","40.75714758","-73.97207836","19709","Subscriber","1951","1"
"269","2013-12-01 09:26:09","2013-12-01 09:30:38","2003","1 Ave & E 18 St","40.73416059","-73.98024289","503","E 20 St & Park Ave","40.73827428","-73.98751968","18430","Subscriber","1980","2"
"503","2013-12-01 09:26:10","2013-12-01 09:34:33","477","W 41 St & 8 Ave","40.75640548","-73.9900262","228","E 48 St & 3 Ave","40.7546011026","-73.971878855","20873","Subscriber","1980","1"
"470","2013-12-01 09:26:23","2013-12-01 09:34:13","477","W 41 St & 8 Ave","40.75640548","-73.9900262","509","9 Ave & W 22 St","40.7454973","-74.00197139","18800","Subscriber","1958","1"
"971","2013-12-01 09:26:42","2013-12-01 09:42:53","304","Broadway & Battery Pl","40.70463334","-74.01361706","426","West St & Chambers St","40.71754834","-74.01322069","19070","Customer",\N,"0"
"1963","2013-12-01 09:26:43","2013-12-01 09:59:26","79","Franklin St & W Broadway","40.71911552","-74.00666661","3002","South End Ave & Liberty St","40.711512","-74.015756","20942","Customer",\N,"0"
"451","2013-12-01 09:27:00","2013-12-01 09:34:31","400","Pitt St & Stanton St","40.71926081","-73.98178024","295","Pike St & E Broadway","40.71406667","-73.99293911","20127","Subscriber","1957","1"
"169","2013-12-01 09:27:00","2013-12-01 09:29:49","477","W 41 St & 8 Ave","40.75640548","-73.9900262","243","Fulton St & Rockwell Pl","40.687979","-73.978474","15416","Subscriber","1990","1"
"244","2013-12-01 09:27:01","2013-12-01 09:31:05","498","Broadway & W 32 St","40.74854862","-73.98808416","444","Broadway & W 24 St","40.7423543","-73.98915076","18373","Subscriber","1984","1"
"422","2013-12-01 09:27:05","2013-12-01 09:34:07","432","E 7 St & Avenue A","40.72621788","-73.98379855","326","E 11 St & 1 Ave","40.72953837","-73.98426726","18514","Subscriber","1989","2"
"221","2013-12-01 09:27:20","2013-12-01 09:31:01","498","Broadway & W 32 St","40.74854862","-73.98808416","444","Broadway & W 24 St","40.7423543","-73.98915076","16055","Subscriber","1983","2"
"228","2013-12-01 09:27:28","2013-12-01 09:31:16","237","E 11 St & 2 Ave","40.73047309","-73.98672378","445","E 10 St & Avenue A","40.72740794","-73.98142006","20284","Subscriber","1981","2"
"1096","2013-12-01 09:27:29","2013-12-01 09:45:45","161","LaGuardia Pl & W 3 St","40.72917025","-73.99810231","2022","E 59 St & Sutton Pl","40.75849116","-73.95920622","16965","Subscriber","1978","1"
"913","2013-12-01 09:27:33","2013-12-01 09:42:46","223","W 13 St & 7 Ave","40.73781509","-73.99994661","380","W 4 St & 7 Ave S","40.73401143","-74.00293877","19094","Customer",\N,"0"
"347","2013-12-01 09:27:35","2013-12-01 09:33:22","276","Duane St & Greenwich St","40.71748752","-74.0104554","328","Watts St & Greenwich St","40.72405549","-74.00965965","14543","Subscriber","1953","1"
"503","2013-12-01 09:27:38","2013-12-01 09:36:01","346","Bank St & Hudson St","40.73652889","-74.00618026","328","Watts St & Greenwich St","40.72405549","-74.00965965","16883","Subscriber","1953","2"
"580","2013-12-01 09:27:46","2013-12-01 09:37:26","116","W 17 St & 8 Ave","40.74177603","-74.00149746","2004","6 Ave & Broome St","40.724399","-74.004704","16134","Subscriber","1978","2"
"86","2013-12-01 09:27:53","2013-12-01 09:29:19","363","West Thames St","40.70834698","-74.01713445","363","West Thames St","40.70834698","-74.01713445","17018","Subscriber","1978","2"
"574","2013-12-01 09:28:02","2013-12-01 09:37:36","247","Perry St & Bleecker St","40.73535398","-74.00483091","426","West St & Chambers St","40.71754834","-74.01322069","19120","Subscriber","1976","1"
"311","2013-12-01 09:28:08","2013-12-01 09:33:19","150","E 2 St & Avenue C","40.7208736","-73.98085795","445","E 10 St & Avenue A","40.72740794","-73.98142006","20772","Subscriber","1953","1"
"1996","2013-12-01 09:28:10","2013-12-01 10:01:26","363","West Thames St","40.70834698","-74.01713445","285","Broadway & E 14 St","40.73454567","-73.99074142","15737","Subscriber","1978","1"
"562","2013-12-01 09:28:10","2013-12-01 09:37:32","2012","E 27 St & 1 Ave","40.739445","-73.976806","453","W 22 St & 8 Ave","40.74475148","-73.99915362","15490","Subscriber","1981","1"
"1096","2013-12-01 09:28:10","2013-12-01 09:46:26","357","E 11 St & Broadway","40.73261787","-73.99158043","79","Franklin St & W Broadway","40.71911552","-74.00666661","15892","Subscriber","1965","1"
"854","2013-12-01 09:28:13","2013-12-01 09:42:27","223","W 13 St & 7 Ave","40.73781509","-73.99994661","380","W 4 St & 7 Ave S","40.73401143","-74.00293877","19416","Customer",\N,"0"
"447","2013-12-01 09:28:13","2013-12-01 09:35:40","360","William St & Pine St","40.70717936","-74.00887308","268","Howard St & Centre St","40.71910537","-73.99973337","19345","Subscriber","1956","1"
"674","2013-12-01 09:28:13","2013-12-01 09:39:27","290","2 Ave & E 58 St","40.76020258","-73.96478473","498","Broadway & W 32 St","40.74854862","-73.98808416","19734","Subscriber","1989","1"
"612","2013-12-01 09:28:19","2013-12-01 09:38:31","540","Lexington Ave & E 26 St","40.74147286","-73.98320928","305","E 58 St & 3 Ave","40.76095756","-73.96724467","14969","Subscriber","1978","2"
"2321","2013-12-01 09:28:21","2013-12-01 10:07:02","482","W 15 St & 7 Ave","40.73935542","-73.99931783","482","W 15 St & 7 Ave","40.73935542","-73.99931783","14636","Subscriber","1947","1"
"642","2013-12-01 09:28:22","2013-12-01 09:39:04","127","Barrow St & Hudson St","40.73172428","-74.00674436","462","W 22 St & 10 Ave","40.74691959","-74.00451887","18374","Subscriber","1969","2"
"230","2013-12-01 09:28:26","2013-12-01 09:32:16","404","9 Ave & W 14 St","40.7405826","-74.00550867","247","Perry St & Bleecker St","40.73535398","-74.00483091","16849","Subscriber","1968","1"
"487","2013-12-01 09:29:33","2013-12-01 09:37:40","488","W 39 St & 9 Ave","40.75645824","-73.99372222","434","9 Ave & W 18 St","40.74317449","-74.00366443","20233","Subscriber","1981","1"
"313","2013-12-01 09:29:39","2013-12-01 09:34:52","486","Broadway & W 29 St","40.7462009","-73.98855723","334","W 20 St & 7 Ave","40.74238787","-73.99726235","19021","Subscriber","1978","1"
"1902","2013-12-01 09:29:47","2013-12-01 10:01:29","363","West Thames St","40.70834698","-74.01713445","285","Broadway & E 14 St","40.73454567","-73.99074142","16101","Subscriber","1978","2"
"1020","2013-12-01 09:29:54","2013-12-01 09:46:54","511","E 14 St & Avenue B","40.72938685","-73.97772429","455","1 Ave & E 44 St","40.75001986","-73.96905301","18601","Subscriber","1960","2"
"1375","2013-12-01 09:30:00","2013-12-01 09:52:55","422","W 59 St & 10 Ave","40.770513","-73.988038","486","Broadway & W 29 St","40.7462009","-73.98855723","18257","Subscriber","1979","1"
"291","2013-12-01 09:30:16","2013-12-01 09:35:07","445","E 10 St & Avenue A","40.72740794","-73.98142006","293","Lafayette St & E 8 St","40.73028666","-73.9907647","18432","Subscriber","1967","2"
"311","2013-12-01 09:30:20","2013-12-01 09:35:31","432","E 7 St & Avenue A","40.72621788","-73.98379855","504","1 Ave & E 15 St","40.73221853","-73.98165557","16454","Subscriber","1992","2"
"618","2013-12-01 09:30:26","2013-12-01 09:40:44","2009","Catherine St & Monroe St","40.71117444","-73.99682619","259","South St & Whitehall St","40.70122128","-74.01234218","16957","Subscriber","1981","1"
"354","2013-12-01 09:30:30","2013-12-01 09:36:24","459","W 20 St & 11 Ave","40.746745","-74.007756","161","LaGuardia Pl & W 3 St","40.72917025","-73.99810231","17113","Subscriber","1971","1"
"598","2013-12-01 09:30:31","2013-12-01 09:40:29","503","E 20 St & Park Ave","40.73827428","-73.98751968","459","W 20 St & 11 Ave","40.746745","-74.007756","15802","Subscriber","1970","2"
"1098","2013-12-01 09:30:34","2013-12-01 09:48:52","302","Avenue D & E 3 St","40.72082834","-73.97793172","263","Elizabeth St & Hester St","40.71729","-73.996375","20624","Subscriber","1962","2"
"195","2013-12-01 09:30:34","2013-12-01 09:33:49","307","Canal St & Rutgers St","40.71427487","-73.98990025","356","Bialystoker Pl & Delancey St","40.71622644","-73.98261206","17168","Subscriber","1978","1"
"658","2013-12-01 09:30:41","2013-12-01 09:41:39","168","W 18 St & 6 Ave","40.73971301","-73.99456405","525","W 34 St & 11 Ave","40.75594159","-74.0021163","20534","Subscriber","1952","1"
"230","2013-12-01 09:31:11","2013-12-01 09:35:01","285","Broadway & E 14 St","40.73454567","-73.99074142","445","E 10 St & Avenue A","40.72740794","-73.98142006","16254","Subscriber","1981","1"
"311","2013-12-01 09:31:14","2013-12-01 09:36:25","453","W 22 St & 8 Ave","40.74475148","-73.99915362","168","W 18 St & 6 Ave","40.73971301","-73.99456405","15871","Subscriber","1989","2"
"297","2013-12-01 09:31:15","2013-12-01 09:36:12","453","W 22 St & 8 Ave","40.74475148","-73.99915362","168","W 18 St & 6 Ave","40.73971301","-73.99456405","19623","Subscriber","1989","1"
"203","2013-12-01 09:31:19","2013-12-01 09:34:42","466","W 25 St & 6 Ave","40.74395411","-73.99144871","402","Broadway & E 22 St","40.7403432","-73.98955109","20888","Subscriber","1965","1"
"447","2013-12-01 09:31:42","2013-12-01 09:39:09","310","State St & Smith St","40.68926942","-73.98912867","353","S Portland Ave & Hanson Pl","40.68539567","-73.97431458","20997","Subscriber","1978","1"
"478","2013-12-01 09:31:48","2013-12-01 09:39:46","423","W 54 St & 9 Ave","40.76584941","-73.98690506","488","W 39 St & 9 Ave","40.75645824","-73.99372222","16251","Subscriber","1985","1"
"356","2013-12-01 09:31:54","2013-12-01 09:37:50","349","Rivington St & Ridge St","40.71850211","-73.98329859","531","Forsyth St & Broome St","40.71893904","-73.99266288","15879","Subscriber","1986","1"
"970","2013-12-01 09:31:56","2013-12-01 09:48:06","545","E 23 St & 1 Ave","40.736502","-73.97809472","168","W 18 St & 6 Ave","40.73971301","-73.99456405","20806","Subscriber","1968","1"
"1075","2013-12-01 09:31:58","2013-12-01 09:49:53","402","Broadway & E 22 St","40.7403432","-73.98955109","195","Liberty St & Broadway","40.70905623","-74.01043382","18643","Subscriber","1966","1"
"1058","2013-12-01 09:32:07","2013-12-01 09:49:45","402","Broadway & E 22 St","40.7403432","-73.98955109","195","Liberty St & Broadway","40.70905623","-74.01043382","20914","Subscriber","1965","2"
"1070","2013-12-01 09:32:08","2013-12-01 09:49:58","518","E 39 St & 2 Ave","40.74780373","-73.9734419","168","W 18 St & 6 Ave","40.73971301","-73.99456405","16056","Subscriber","1984","2"
"265","2013-12-01 09:32:23","2013-12-01 09:36:48","368","Carmine St & 6 Ave","40.73038599","-74.00214988","375","Mercer St & Bleecker St","40.72679454","-73.99695094","20551","Subscriber","1955","1"
"627","2013-12-01 09:32:33","2013-12-01 09:43:00","301","E 2 St & Avenue B","40.72217444","-73.98368779","412","Forsyth St & Canal St","40.7158155","-73.99422366","15319","Subscriber","1966","2"
"355","2013-12-01 09:32:43","2013-12-01 09:38:38","144","Nassau St & Navy St","40.69839895","-73.98068914","274","Lafayette Ave & Fort Greene Pl","40.68691865","-73.976682","18948","Subscriber","1979","1"
"480","2013-12-01 09:33:04","2013-12-01 09:41:04","303","Mercer St & Spring St","40.72362738","-73.99949601","410","Suffolk St & Stanton St","40.72066442","-73.98517977","20580","Subscriber","1972","1"
"440","2013-12-01 09:33:18","2013-12-01 09:40:38","174","E 25 St & 1 Ave","40.7381765","-73.97738662","459","W 20 St & 11 Ave","40.746745","-74.007756","20011","Subscriber","1988","2"
"1566","2013-12-01 09:33:18","2013-12-01 09:59:24","497","E 17 St & Broadway","40.73704984","-73.99009296","72","W 52 St & 11 Ave","40.76727216","-73.99392888","18776","Subscriber","1977","2"
"405","2013-12-01 09:33:45","2013-12-01 09:40:30","348","W Broadway & Spring St","40.72490985","-74.00154702","382","University Pl & E 14 St","40.73492695","-73.99200509","17289","Subscriber","1988","2"
"679","2013-12-01 09:33:51","2013-12-01 09:45:10","297","E 15 St & 3 Ave","40.734232","-73.986923","446","W 24 St & 7 Ave","40.74487634","-73.99529885","19077","Subscriber","1980","1"
"1879","2013-12-01 09:34:10","2013-12-01 10:05:29","496","E 16 St & 5 Ave","40.73726186","-73.99238967","147","Greenwich St & Warren St","40.71542197","-74.01121978","19564","Subscriber","1982","1"
"411","2013-12-01 09:34:13","2013-12-01 09:41:04","459","W 20 St & 11 Ave","40.746745","-74.007756","496","E 16 St & 5 Ave","40.73726186","-73.99238967","15958","Subscriber","1976","1"
"1692","2013-12-01 09:34:18","2013-12-01 10:02:30","395","Bond St & Schermerhorn St","40.68807003","-73.98410637","395","Bond St & Schermerhorn St","40.68807003","-73.98410637","20711","Subscriber","1977","1"
"1273","2013-12-01 09:34:21","2013-12-01 09:55:34","2003","1 Ave & E 18 St","40.73416059","-73.98024289","479","9 Ave & W 45 St","40.76019252","-73.9912551","16882","Subscriber","1963","1"
"652","2013-12-01 09:34:27","2013-12-01 09:45:19","518","E 39 St & 2 Ave","40.74780373","-73.9734419","442","W 27 St & 7 Ave","40.746647","-73.993915","17575","Subscriber","1980","1"
"339","2013-12-01 09:34:28","2013-12-01 09:40:07","512","W 29 St & 9 Ave","40.7500727","-73.99839279","212","W 16 St & The High Line","40.74334935","-74.00681753","19863","Subscriber","1986","1"
"987","2013-12-01 09:34:30","2013-12-01 09:50:57","473","Rivington St & Chrystie St","40.72110063","-73.9919254","404","9 Ave & W 14 St","40.7405826","-74.00550867","20356","Subscriber","1985","1"
"1749","2013-12-01 09:34:34","2013-12-01 10:03:43","309","Murray St & West St","40.7149787","-74.013012","304","Broadway & Battery Pl","40.70463334","-74.01361706","18859","Customer",\N,"0"
"254","2013-12-01 09:34:41","2013-12-01 09:38:55","426","West St & Chambers St","40.71754834","-74.01322069","387","Centre St & Chambers St","40.71273266","-74.0046073","15706","Subscriber","1977","1"
"276","2013-12-01 09:34:49","2013-12-01 09:39:25","536","1 Ave & E 30 St","40.74144387","-73.97536082","518","E 39 St & 2 Ave","40.74780373","-73.9734419","18362","Subscriber","1990","2"
"1302","2013-12-01 09:34:54","2013-12-01 09:56:36","512","W 29 St & 9 Ave","40.7500727","-73.99839279","459","W 20 St & 11 Ave","40.746745","-74.007756","19168","Subscriber","1944","1"
"310","2013-12-01 09:34:58","2013-12-01 09:40:08","128","MacDougal St & Prince St","40.72710258","-74.00297088","2010","Grand St & Greene St","40.72165481","-74.00234737","16597","Subscriber","1981","2"
"399","2013-12-01 09:35:01","2013-12-01 09:41:40","251","Mott St & Prince St","40.72317958","-73.99480012","347","W Houston St & Hudson St","40.72873888","-74.00748842","16307","Subscriber","1983","1"
"327","2013-12-01 09:35:05","2013-12-01 09:40:32","393","E 5 St & Avenue C","40.72299208","-73.97995466","438","St Marks Pl & 1 Ave","40.72779126","-73.98564945","15567","Subscriber","1978","1"
"625","2013-12-01 09:35:15","2013-12-01 09:45:40","537","Lexington Ave & E 24 St","40.74025878","-73.98409214","518","E 39 St & 2 Ave","40.74780373","-73.9734419","15211","Subscriber","1988","1"
"4011","2013-12-01 09:35:16","2013-12-01 10:42:07","529","W 42 St & 8 Ave","40.7575699","-73.99098507","529","W 42 St & 8 Ave","40.7575699","-73.99098507","18989","Customer",\N,"0"
"159","2013-12-01 09:35:27","2013-12-01 09:38:06","441","E 52 St & 2 Ave","40.756014","-73.967416","522","E 51 St & Lexington Ave","40.75714758","-73.97207836","17073","Subscriber","1969","1"
"504","2013-12-01 09:35:42","2013-12-01 09:44:06","488","W 39 St & 9 Ave","40.75645824","-73.99372222","168","W 18 St & 6 Ave","40.73971301","-73.99456405","18557","Subscriber","1980","1"
"377","2013-12-01 09:35:51","2013-12-01 09:42:08","531","Forsyth St & Broome St","40.71893904","-73.99266288","300","Shevchenko Pl & E 6 St","40.728145","-73.990214","18029","Subscriber","1973","2"
"366","2013-12-01 09:36:04","2013-12-01 09:42:10","446","W 24 St & 7 Ave","40.74487634","-73.99529885","496","E 16 St & 5 Ave","40.73726186","-73.99238967","15899","Subscriber","1962","1"
"727","2013-12-01 09:36:06","2013-12-01 09:48:13","348","W Broadway & Spring St","40.72490985","-74.00154702","285","Broadway & E 14 St","40.73454567","-73.99074142","16592","Subscriber","1987","2"
"739","2013-12-01 09:36:06","2013-12-01 09:48:25","348","W Broadway & Spring St","40.72490985","-74.00154702","475","E 16 St & Irving Pl","40.73524276","-73.98758561","16894","Subscriber","1987","1"
"616","2013-12-01 09:36:11","2013-12-01 09:46:27","341","Stanton St & Mangin St","40.71782143","-73.97628939","307","Canal St & Rutgers St","40.71427487","-73.98990025","15362","Subscriber","1970","1"
"297","2013-12-01 09:36:12","2013-12-01 09:41:09","401","Allen St & Rivington St","40.72019576","-73.98997825","268","Howard St & Centre St","40.71910537","-73.99973337","17940","Subscriber","1978","2"
"3937","2013-12-01 09:36:19","2013-12-01 10:41:56","529","W 42 St & 8 Ave","40.7575699","-73.99098507","529","W 42 St & 8 Ave","40.7575699","-73.99098507","20187","Customer",\N,"0"
"619","2013-12-01 09:36:21","2013-12-01 09:46:40","368","Carmine St & 6 Ave","40.73038599","-74.00214988","346","Bank St & Hudson St","40.73652889","-74.00618026","18260","Customer",\N,"0"
"664","2013-12-01 09:36:23","2013-12-01 09:47:27","253","W 13 St & 5 Ave","40.73543934","-73.99453948","263","Elizabeth St & Hester St","40.71729","-73.996375","18994","Subscriber","1965","1"
"620","2013-12-01 09:36:24","2013-12-01 09:46:44","368","Carmine St & 6 Ave","40.73038599","-74.00214988","346","Bank St & Hudson St","40.73652889","-74.00618026","19007","Customer",\N,"0"
"308","2013-12-01 09:36:32","2013-12-01 09:41:40","285","Broadway & E 14 St","40.73454567","-73.99074142","335","Washington Pl & Broadway","40.72903917","-73.99404649","19601","Subscriber","1990","2"
"758","2013-12-01 09:36:51","2013-12-01 09:49:29","150","E 2 St & Avenue C","40.7208736","-73.98085795","471","Grand St & Havemeyer St","40.71286844","-73.95698119","19966","Subscriber","1984","1"
"1617","2013-12-01 09:36:55","2013-12-01 10:03:52","309","Murray St & West St","40.7149787","-74.013012","304","Broadway & Battery Pl","40.70463334","-74.01361706","17895","Customer",\N,"0"
"241","2013-12-01 09:37:18","2013-12-01 09:41:19","329","Greenwich St & N Moore St","40.72043411","-74.01020609","458","11 Ave & W 27 St","40.751396","-74.005226","16222","Subscriber","1978","1"
"663","2013-12-01 09:37:40","2013-12-01 09:48:43","462","W 22 St & 10 Ave","40.74691959","-74.00451887","472","E 32 St & Park Ave","40.7457121","-73.98194829","18769","Subscriber","1977","2"
"236","2013-12-01 09:37:44","2013-12-01 09:41:40","476","E 31 St & 3 Ave","40.74394314","-73.97966069","444","Broadway & W 24 St","40.7423543","-73.98915076","15981","Subscriber","1988","1"
"673","2013-12-01 09:37:49","2013-12-01 09:49:02","301","E 2 St & Avenue B","40.72217444","-73.98368779","412","Forsyth St & Canal St","40.7158155","-73.99422366","17536","Subscriber","1963","1"
"272","2013-12-01 09:38:09","2013-12-01 09:42:41","236","St Marks Pl & 2 Ave","40.7284186","-73.98713956","297","E 15 St & 3 Ave","40.734232","-73.986923","19721","Subscriber","1985","1"
"519","2013-12-01 09:38:10","2013-12-01 09:46:49","446","W 24 St & 7 Ave","40.74487634","-73.99529885","243","Fulton St & Rockwell Pl","40.687979","-73.978474","14725","Subscriber","1983","2"
"117","2013-12-01 09:38:11","2013-12-01 09:40:08","157","Henry St & Atlantic Ave","40.69089272","-73.99612349","143","Clinton St & Joralemon St","40.69239502","-73.99337909","20271","Subscriber","1970","1"
"804","2013-12-01 09:38:22","2013-12-01 09:51:46","241","DeKalb Ave & S Portland Ave","40.68981035","-73.97493121","143","Clinton St & Joralemon St","40.69239502","-73.99337909","17532","Subscriber","1980","2"
"1037","2013-12-01 09:38:26","2013-12-01 09:55:43","401","Allen St & Rivington St","40.72019576","-73.98997825","539","Metropolitan Ave & Bedford Ave","40.71534825","-73.96024116","18411","Subscriber","1983","2"
"1354","2013-12-01 09:38:29","2013-12-01 10:01:03","2006","Central Park S & 6 Ave","40.76590936","-73.97634151","212","W 16 St & The High Line","40.74334935","-74.00681753","19138","Subscriber","1985","1"
"520","2013-12-01 09:38:31","2013-12-01 09:47:11","496","E 16 St & 5 Ave","40.73726186","-73.99238967","325","E 19 St & 3 Ave","40.73624527","-73.98473765","20303","Subscriber","1966","1"
"178","2013-12-01 09:38:32","2013-12-01 09:41:30","253","W 13 St & 5 Ave","40.73543934","-73.99453948","223","W 13 St & 7 Ave","40.73781509","-73.99994661","19083","Subscriber","1961","2"
"165","2013-12-01 09:38:38","2013-12-01 09:41:23","471","Grand St & Havemeyer St","40.71286844","-73.95698119","539","Metropolitan Ave & Bedford Ave","40.71534825","-73.96024116","18228","Subscriber","1980","1"
"351","2013-12-01 09:38:38","2013-12-01 09:44:29","116","W 17 St & 8 Ave","40.74177603","-74.00149746","152","Warren St & Church St","40.71473993","-74.00910627","17929","Subscriber","1985","2"
"429","2013-12-01 09:38:40","2013-12-01 09:45:49","345","W 13 St & 6 Ave","40.73649403","-73.99704374","325","E 19 St & 3 Ave","40.73624527","-73.98473765","15703","Subscriber","1968","1"
"671","2013-12-01 09:38:42","2013-12-01 09:49:53","335","Washington Pl & Broadway","40.72903917","-73.99404649","267","Broadway & W 36 St","40.75097711","-73.98765428","16206","Subscriber","1953","1"
"1194","2013-12-01 09:38:44","2013-12-01 09:58:38","152","Warren St & Church St","40.71473993","-74.00910627","500","Broadway & W 51 St","40.76228826","-73.98336183","17068","Subscriber","1955","2"
"165","2013-12-01 09:39:04","2013-12-01 09:41:49","265","Stanton St & Chrystie St","40.72229346","-73.99147535","265","Stanton St & Chrystie St","40.72229346","-73.99147535","17887","Subscriber","1972","2"
"235","2013-12-01 09:39:12","2013-12-01 09:43:07","247","Perry St & Bleecker St","40.73535398","-74.00483091","383","Greenwich Ave & Charles St","40.735238","-74.000271","16849","Subscriber","1981","2"
"1347","2013-12-01 09:39:24","2013-12-01 10:01:51","308","St James Pl & Oliver St","40.71307916","-73.99851193","379","W 31 St & 7 Ave","40.749156","-73.9916","17977","Subscriber","1951","1"
"321","2013-12-01 09:39:28","2013-12-01 09:44:49","368","Carmine St & 6 Ave","40.73038599","-74.00214988","127","Barrow St & Hudson St","40.73172428","-74.00674436","16195","Subscriber","1981","1"
"160","2013-12-01 09:39:34","2013-12-01 09:42:14","416","Cumberland St & Lafayette Ave","40.68753406","-73.97265183","298","3 Ave & Schermerhorn St","40.68683208","-73.9796772","17644","Subscriber","1984","2"
"627","2013-12-01 09:39:48","2013-12-01 09:50:15","509","9 Ave & W 22 St","40.7454973","-74.00197139","497","E 17 St & Broadway","40.73704984","-73.99009296","20611","Subscriber","1982","1"
"618","2013-12-01 09:39:48","2013-12-01 09:50:06","352","W 56 St & 6 Ave","40.76340613","-73.97722479","497","E 17 St & Broadway","40.73704984","-73.99009296","20039","Subscriber","1982","2"
"418","2013-12-01 09:39:54","2013-12-01 09:46:52","325","E 19 St & 3 Ave","40.73624527","-73.98473765","433","E 13 St & Avenue A","40.72955361","-73.98057249","19941","Subscriber","1985","1"
"1025","2013-12-01 09:40:11","2013-12-01 09:57:16","508","W 46 St & 11 Ave","40.76341379","-73.99667444","466","W 25 St & 6 Ave","40.74395411","-73.99144871","16481","Subscriber","1983","2"
"702","2013-12-01 09:40:17","2013-12-01 09:51:59","478","11 Ave & W 41 St","40.76030096","-73.99884222","477","W 41 St & 8 Ave","40.75640548","-73.9900262","18109","Subscriber","1971","1"
"511","2013-12-01 09:40:18","2013-12-01 09:48:49","325","E 19 St & 3 Ave","40.73624527","-73.98473765","312","Allen St & E Houston St","40.722055","-73.989111","15867","Subscriber","1979","2"
"954","2013-12-01 09:40:28","2013-12-01 09:56:22","434","9 Ave & W 18 St","40.74317449","-74.00366443","438","St Marks Pl & 1 Ave","40.72779126","-73.98564945","20851","Subscriber","1981","1"
"569","2013-12-01 09:40:42","2013-12-01 09:50:11","317","E 6 St & Avenue B","40.72453734","-73.98185424","229","Great Jones St","40.72743423","-73.99379025","19380","Subscriber","1983","1"
"266","2013-12-01 09:40:53","2013-12-01 09:45:19","444","Broadway & W 24 St","40.7423543","-73.98915076","497","E 17 St & Broadway","40.73704984","-73.99009296","19729","Customer",\N,"0"
"2637","2013-12-01 09:41:02","2013-12-01 10:24:59","392","Jay St & Tech Pl","40.695065","-73.987167","500","Broadway & W 51 St","40.76228826","-73.98336183","20342","Subscriber","1978","1"
"297","2013-12-01 09:41:04","2013-12-01 09:46:01","263","Elizabeth St & Hester St","40.71729","-73.996375","82","St James Pl & Pearl St","40.71117416","-74.00016545","16602","Subscriber","1986","1"
"416","2013-12-01 09:41:05","2013-12-01 09:48:01","2008","Little West St & 1 Pl","40.70569254","-74.01677685","147","Greenwich St & Warren St","40.71542197","-74.01121978","15200","Subscriber","1963","2"
"273","2013-12-01 09:41:19","2013-12-01 09:45:52","263","Elizabeth St & Hester St","40.71729","-73.996375","82","St James Pl & Pearl St","40.71117416","-74.00016545","19984","Subscriber","1978","1"
"524","2013-12-01 09:41:21","2013-12-01 09:50:05","2003","1 Ave & E 18 St","40.73416059","-73.98024289","341","Stanton St & Mangin St","40.71782143","-73.97628939","18429","Subscriber","1985","1"
"274","2013-12-01 09:41:21","2013-12-01 09:45:55","402","Broadway & E 22 St","40.7403432","-73.98955109","466","W 25 St & 6 Ave","40.74395411","-73.99144871","20703","Subscriber","1965","1"
"311","2013-12-01 09:41:22","2013-12-01 09:46:33","426","West St & Chambers St","40.71754834","-74.01322069","79","Franklin St & W Broadway","40.71911552","-74.00666661","19726","Subscriber","1980","1"
"638","2013-12-01 09:41:36","2013-12-01 09:52:14","545","E 23 St & 1 Ave","40.736502","-73.97809472","482","W 15 St & 7 Ave","40.73935542","-73.99931783","18025","Subscriber","1972","1"
"499","2013-12-01 09:41:38","2013-12-01 09:49:57","449","W 52 St & 9 Ave","40.76461837","-73.98789473","524","W 43 St & 6 Ave","40.75527307","-73.98316936","18653","Subscriber","1982","1"
"516","2013-12-01 09:41:45","2013-12-01 09:50:21","373","Willoughby Ave & Walworth St","40.69331716","-73.95381995","120","Lexington Ave & Classon Ave","40.68676793","-73.95928168","17414","Subscriber","1984","1"
"257","2013-12-01 09:41:47","2013-12-01 09:46:04","482","W 15 St & 7 Ave","40.73935542","-73.99931783","346","Bank St & Hudson St","40.73652889","-74.00618026","20784","Subscriber","1965","1"
"453","2013-12-01 09:41:52","2013-12-01 09:49:25","236","St Marks Pl & 2 Ave","40.7284186","-73.98713956","265","Stanton St & Chrystie St","40.72229346","-73.99147535","16717","Subscriber","1954","2"
"259","2013-12-01 09:41:55","2013-12-01 09:46:14","517","Pershing Square S","40.75149263","-73.97798848","472","E 32 St & Park Ave","40.7457121","-73.98194829","16535","Subscriber","1986","1"
"298","2013-12-01 09:42:03","2013-12-01 09:47:01","444","Broadway & W 24 St","40.7423543","-73.98915076","507","E 25 St & 2 Ave","40.73912601","-73.97973776","14894","Subscriber","1969","1"
"1013","2013-12-01 09:42:26","2013-12-01 09:59:19","271","Ashland Pl & Hanson Pl","40.68528172","-73.97805813","258","DeKalb Ave & Vanderbilt Ave","40.68940747","-73.96885458","15556","Subscriber","1980","2"
"308","2013-12-01 09:42:39","2013-12-01 09:47:47","329","Greenwich St & N Moore St","40.72043411","-74.01020609","319","Park Pl & Church St","40.71336124","-74.00937622","18416","Subscriber","1980","2"
"570","2013-12-01 09:42:40","2013-12-01 09:52:10","293","Lafayette St & E 8 St","40.73028666","-73.9907647","358","Christopher St & Greenwich St","40.73291553","-74.00711384","19635","Subscriber","1989","2"
"459","2013-12-01 09:42:55","2013-12-01 09:50:34","503","E 20 St & Park Ave","40.73827428","-73.98751968","501","FDR Drive & E 35 St","40.744219","-73.97121214","20078","Subscriber","1967","1"
"249","2013-12-01 09:42:56","2013-12-01 09:47:05","331","Pike St & Monroe St","40.71173107","-73.99193043","82","St James Pl & Pearl St","40.71117416","-74.00016545","20767","Subscriber","1956","2"
"275","2013-12-01 09:42:58","2013-12-01 09:47:33","262","Washington Park","40.69178232","-73.97372989","324","DeKalb Ave & Hudson Ave","40.689888","-73.981013","16779","Subscriber","1970","2"
"527","2013-12-01 09:43:11","2013-12-01 09:51:58","293","Lafayette St & E 8 St","40.73028666","-73.9907647","358","Christopher St & Greenwich St","40.73291553","-74.00711384","17004","Subscriber","1950","1"
"535","2013-12-01 09:43:16","2013-12-01 09:52:11","380","W 4 St & 7 Ave S","40.73401143","-74.00293877","168","W 18 St & 6 Ave","40.73971301","-73.99456405","20741","Subscriber","1960","1"
"261","2013-12-01 09:43:41","2013-12-01 09:48:02","116","W 17 St & 8 Ave","40.74177603","-74.00149746","345","W 13 St & 6 Ave","40.73649403","-73.99704374","18220","Subscriber","1975","1"
"8339","2013-12-01 09:43:41","2013-12-01 12:02:40","453","W 22 St & 8 Ave","40.74475148","-73.99915362","453","W 22 St & 8 Ave","40.74475148","-73.99915362","15490","Customer",\N,"0"
"1150","2013-12-01 09:43:41","2013-12-01 10:02:51","307","Canal St & Rutgers St","40.71427487","-73.98990025","434","9 Ave & W 18 St","40.74317449","-74.00366443","20109","Subscriber","1966","1"
"536","2013-12-01 09:44:00","2013-12-01 09:52:56","521","8 Ave & W 31 St","40.75044999","-73.99481051","450","W 49 St & 8 Ave","40.76227205","-73.98788205","17627","Subscriber","1980","1"
"21070","2013-12-01 09:44:22","2013-12-01 15:35:32","407","Henry St & Poplar St","40.700469","-73.991454","387","Centre St & Chambers St","40.71273266","-74.0046073","16654","Customer",\N,"0"
"5211","2013-12-01 09:44:38","2013-12-01 11:11:29","426","West St & Chambers St","40.71754834","-74.01322069","499","Broadway & W 60 St","40.76915505","-73.98191841","19070","Customer",\N,"0"
"187","2013-12-01 09:44:38","2013-12-01 09:47:45","442","W 27 St & 7 Ave","40.746647","-73.993915","521","8 Ave & W 31 St","40.75044999","-73.99481051","16008","Subscriber","1980","1"
"457","2013-12-01 09:44:47","2013-12-01 09:52:24","521","8 Ave & W 31 St","40.75044999","-73.99481051","478","11 Ave & W 41 St","40.76030096","-73.99884222","15455","Subscriber","1984","1"
"2176","2013-12-01 09:44:57","2013-12-01 10:21:13","174","E 25 St & 1 Ave","40.7381765","-73.97738662","323","Lawrence St & Willoughby St","40.69236178","-73.98631746","18303","Subscriber","1973","2"
"250","2013-12-01 09:44:59","2013-12-01 09:49:09","402","Broadway & E 22 St","40.7403432","-73.98955109","334","W 20 St & 7 Ave","40.74238787","-73.99726235","16207","Subscriber","1975","1"
"593","2013-12-01 09:45:01","2013-12-01 09:54:54","212","W 16 St & The High Line","40.74334935","-74.00681753","466","W 25 St & 6 Ave","40.74395411","-73.99144871","18045","Subscriber","1974","1"
"504","2013-12-01 09:45:03","2013-12-01 09:53:27","302","Avenue D & E 3 St","40.72082834","-73.97793172","293","Lafayette St & E 8 St","40.73028666","-73.9907647","20336","Subscriber","1965","1"
"21122","2013-12-01 09:45:04","2013-12-01 15:37:06","407","Henry St & Poplar St","40.700469","-73.991454","387","Centre St & Chambers St","40.71273266","-74.0046073","19208","Customer",\N,"0"
"1754","2013-12-01 09:45:05","2013-12-01 10:14:19","127","Barrow St & Hudson St","40.73172428","-74.00674436","127","Barrow St & Hudson St","40.73172428","-74.00674436","20699","Subscriber","1981","1"
"587","2013-12-01 09:45:08","2013-12-01 09:54:55","212","W 16 St & The High Line","40.74334935","-74.00681753","466","W 25 St & 6 Ave","40.74395411","-73.99144871","19384","Subscriber","1976","2"
"186","2013-12-01 09:45:09","2013-12-01 09:48:15","350","Clinton St & Grand St","40.71559509","-73.9870295","342","Columbia St & Rivington St","40.71739973","-73.98016555","16159","Subscriber","1992","2"
"486","2013-12-01 09:45:10","2013-12-01 09:53:16","312","Allen St & E Houston St","40.722055","-73.989111","350","Clinton St & Grand St","40.71559509","-73.9870295","20567","Subscriber","1983","2"
"314","2013-12-01 09:45:13","2013-12-01 09:50:27","395","Bond St & Schermerhorn St","40.68807003","-73.98410637","324","DeKalb Ave & Hudson Ave","40.689888","-73.981013","17112","Subscriber","1982","1"
"288","2013-12-01 09:45:18","2013-12-01 09:50:06","285","Broadway & E 14 St","40.73454567","-73.99074142","223","W 13 St & 7 Ave","40.73781509","-73.99994661","17353","Subscriber","1980","1"
"393","2013-12-01 09:45:18","2013-12-01 09:51:51","254","W 11 St & 6 Ave","40.73532427","-73.99800419","404","9 Ave & W 14 St","40.7405826","-74.00550867","16885","Subscriber","1964","1"
"699","2013-12-01 09:45:19","2013-12-01 09:56:58","485","W 37 St & 5 Ave","40.75038009","-73.98338988","161","LaGuardia Pl & W 3 St","40.72917025","-73.99810231","17701","Subscriber","1985","1"
"748","2013-12-01 09:45:20","2013-12-01 09:57:48","512","W 29 St & 9 Ave","40.7500727","-73.99839279","500","Broadway & W 51 St","40.76228826","-73.98336183","16063","Subscriber","1980","1"
"469","2013-12-01 09:45:20","2013-12-01 09:53:09","420","Clermont Ave & Lafayette Ave","40.68764484","-73.96968902","364","Lafayette Ave & Classon Ave","40.68900443","-73.96023854","20981","Subscriber","1968","1"
"1693","2013-12-01 09:45:21","2013-12-01 10:13:34","467","Dean St & 4 Ave","40.68312489","-73.97895137","539","Metropolitan Ave & Bedford Ave","40.71534825","-73.96024116","16649","Customer",\N,"0"
"489","2013-12-01 09:45:49","2013-12-01 09:53:58","509","9 Ave & W 22 St","40.7454973","-74.00197139","168","W 18 St & 6 Ave","40.73971301","-73.99456405","18800","Subscriber","1948","1"
"343","2013-12-01 09:45:51","2013-12-01 09:51:34","161","LaGuardia Pl & W 3 St","40.72917025","-73.99810231","403","E 2 St & 2 Ave","40.72502876","-73.99069656","17113","Subscriber","1964","2"
"543","2013-12-01 09:46:16","2013-12-01 09:55:19","393","E 5 St & Avenue C","40.72299208","-73.97995466","393","E 5 St & Avenue C","40.72299208","-73.97995466","14896","Subscriber","1957","2"
"761","2013-12-01 09:46:25","2013-12-01 09:59:06","479","9 Ave & W 45 St","40.76019252","-73.9912551","2006","Central Park S & 6 Ave","40.76590936","-73.97634151","20175","Subscriber","1979","2"
"424","2013-12-01 09:46:35","2013-12-01 09:53:39","470","W 20 St & 8 Ave","40.74345335","-74.00004031","402","Broadway & E 22 St","40.7403432","-73.98955109","18710","Subscriber","1967","1"
"1579","2013-12-01 09:46:42","2013-12-01 10:13:01","368","Carmine St & 6 Ave","40.73038599","-74.00214988","128","MacDougal St & Prince St","40.72710258","-74.00297088","18504","Subscriber","1946","1"
"488","2013-12-01 09:46:42","2013-12-01 09:54:50","528","2 Ave & E 31 St","40.74290902","-73.97706058","236","St Marks Pl & 2 Ave","40.7284186","-73.98713956","18020","Subscriber","1984","2"
"795","2013-12-01 09:46:42","2013-12-01 09:59:57","260","Broad St & Bridge St","40.70365182","-74.01167797","3002","South End Ave & Liberty St","40.711512","-74.015756","18634","Customer",\N,"0"
"370","2013-12-01 09:46:50","2013-12-01 09:53:00","160","E 37 St & Lexington Ave","40.748238","-73.978311","465","Broadway & W 41 St","40.75513557","-73.98658032","17451","Subscriber","1989","1"
"310","2013-12-01 09:46:53","2013-12-01 09:52:03","146","Hudson St & Reade St","40.71625008","-74.0091059","316","Fulton St & William St","40.70955958","-74.00653609","18436","Subscriber","1956","1"
"420","2013-12-01 09:47:02","2013-12-01 09:54:02","422","W 59 St & 10 Ave","40.770513","-73.988038","347","W Houston St & Hudson St","40.72873888","-74.00748842","15017","Subscriber","1979","1"
"140","2013-12-01 09:47:08","2013-12-01 09:49:28","462","W 22 St & 10 Ave","40.74691959","-74.00451887","453","W 22 St & 8 Ave","40.74475148","-73.99915362","15029","Subscriber","1964","1"
"372","2013-12-01 09:47:12","2013-12-01 09:53:24","323","Lawrence St & Willoughby St","40.69236178","-73.98631746","127","Barrow St & Hudson St","40.73172428","-74.00674436","16759","Subscriber","1991","2"
"497","2013-12-01 09:47:13","2013-12-01 09:55:30","2009","Catherine St & Monroe St","40.71117444","-73.99682619","265","Stanton St & Chrystie St","40.72229346","-73.99147535","15650","Subscriber","1988","1"
"385","2013-12-01 09:47:17","2013-12-01 09:53:42","336","Sullivan St & Washington Sq","40.73047747","-73.99906065","237","E 11 St & 2 Ave","40.73047309","-73.98672378","18360","Subscriber","1971","1"
"289","2013-12-01 09:47:28","2013-12-01 09:52:17","472","E 32 St & Park Ave","40.7457121","-73.98194829","444","Broadway & W 24 St","40.7423543","-73.98915076","14895","Subscriber","1956","1"
"552","2013-12-01 09:47:32","2013-12-01 09:56:44","423","W 54 St & 9 Ave","40.76584941","-73.98690506","228","E 48 St & 3 Ave","40.7546011026","-73.971878855","15098","Subscriber","1972","2"
"8066","2013-12-01 09:47:42","2013-12-01 12:02:08","453","W 22 St & 8 Ave","40.74475148","-73.99915362","453","W 22 St & 8 Ave","40.74475148","-73.99915362","18527","Customer",\N,"0"
"1376","2013-12-01 09:47:54","2013-12-01 10:10:50","290","2 Ave & E 58 St","40.76020258","-73.96478473","459","W 20 St & 11 Ave","40.746745","-74.007756","18950","Customer",\N,"0"
"451","2013-12-01 09:47:59","2013-12-01 09:55:30","212","W 16 St & The High Line","40.74334935","-74.00681753","444","Broadway & W 24 St","40.7423543","-73.98915076","16422","Subscriber","1987","1"
"661","2013-12-01 09:48:00","2013-12-01 09:59:01","345","W 13 St & 6 Ave","40.73649403","-73.99704374","484","W 44 St & 5 Ave","40.75500254","-73.98014437","16177","Subscriber","1977","1"
"393","2013-12-01 09:48:04","2013-12-01 09:54:37","540","Lexington Ave & E 26 St","40.74147286","-73.98320928","446","W 24 St & 7 Ave","40.74487634","-73.99529885","17552","Subscriber","1982","2"
"805","2013-12-01 09:48:13","2013-12-01 10:01:38","427","State St","40.70251526","-74.01427023","295","Pike St & E Broadway","40.71406667","-73.99293911","15111","Subscriber","1981","1"
"222","2013-12-01 09:48:24","2013-12-01 09:52:06","2009","Catherine St & Monroe St","40.71117444","-73.99682619","386","Centre St & Worth St","40.71494807","-74.00234482","16084","Subscriber","1974","1"
"468","2013-12-01 09:48:33","2013-12-01 09:56:21","487","E 20 St & FDR Drive","40.73314259","-73.97573881","402","Broadway & E 22 St","40.7403432","-73.98955109","17545","Subscriber","1972","2"
"442","2013-12-01 09:48:36","2013-12-01 09:55:58","312","Allen St & E Houston St","40.722055","-73.989111","336","Sullivan St & Washington Sq","40.73047747","-73.99906065","19039","Subscriber","1984","1"
"734","2013-12-01 09:48:45","2013-12-01 10:00:59","518","E 39 St & 2 Ave","40.74780373","-73.9734419","477","W 41 St & 8 Ave","40.75640548","-73.9900262","16865","Subscriber","1987","1"
"274","2013-12-01 09:48:53","2013-12-01 09:53:27","428","E 3 St & 1 Ave","40.72467721","-73.98783413","422","W 59 St & 10 Ave","40.770513","-73.988038","19260","Subscriber","1983","2"
"512","2013-12-01 09:49:02","2013-12-01 09:57:34","415","Pearl St & Hanover Square","40.7047177","-74.00926027","146","Hudson St & Reade St","40.71625008","-74.0091059","19197","Subscriber","1957","1"
"270","2013-12-01 09:49:03","2013-12-01 09:53:33","335","Washington Pl & Broadway","40.72903917","-73.99404649","348","W Broadway & Spring St","40.72490985","-74.00154702","19601","Subscriber","1984","2"
"208","2013-12-01 09:49:03","2013-12-01 09:52:31","433","E 13 St & Avenue A","40.72955361","-73.98057249","483","E 12 St & 3 Ave","40.73223272","-73.98889957","16333","Subscriber","1963","1"
"356","2013-12-01 09:49:03","2013-12-01 09:54:59","433","E 13 St & Avenue A","40.72955361","-73.98057249","300","Shevchenko Pl & E 6 St","40.728145","-73.990214","15673","Subscriber","1970","1"
"1083","2013-12-01 09:49:03","2013-12-01 10:07:06","266","Avenue D & E 8 St","40.72368361","-73.97574813","296","Division St & Bowery","40.71413089","-73.9970468","20019","Subscriber","1961","1"
"1384","2013-12-01 09:49:06","2013-12-01 10:12:10","545","E 23 St & 1 Ave","40.736502","-73.97809472","315","South St & Gouverneur Ln","40.70355377","-74.00670227","19634","Subscriber","1953","1"
"557","2013-12-01 09:49:19","2013-12-01 09:58:36","301","E 2 St & Avenue B","40.72217444","-73.98368779","357","E 11 St & Broadway","40.73261787","-73.99158043","15518","Subscriber","1988","2"
"2166","2013-12-01 09:49:26","2013-12-01 10:25:32","2003","1 Ave & E 18 St","40.73416059","-73.98024289","2003","1 Ave & E 18 St","40.73416059","-73.98024289","17355","Subscriber","1993","1"
"327","2013-12-01 09:49:27","2013-12-01 09:54:54","254","W 11 St & 6 Ave","40.73532427","-73.99800419","403","E 2 St & 2 Ave","40.72502876","-73.99069656","19386","Subscriber","1977","1"
"303","2013-12-01 09:49:29","2013-12-01 09:54:32","518","E 39 St & 2 Ave","40.74780373","-73.9734419","228","E 48 St & 3 Ave","40.7546011026","-73.971878855","17173","Subscriber","1978","1"
"224","2013-12-01 09:49:29","2013-12-01 09:53:13","247","Perry St & Bleecker St","40.73535398","-74.00483091","345","W 13 St & 6 Ave","40.73649403","-73.99704374","18252","Subscriber","1968","1"
"297","2013-12-01 09:49:32","2013-12-01 09:54:29","328","Watts St & Greenwich St","40.72405549","-74.00965965","128","MacDougal St & Prince St","40.72710258","-74.00297088","18083","Subscriber","1962","2"
"372","2013-12-01 09:49:33","2013-12-01 09:55:45","312","Allen St & E Houston St","40.722055","-73.989111","375","Mercer St & Bleecker St","40.72679454","-73.99695094","15867","Subscriber","1993","1"
"723","2013-12-01 09:49:42","2013-12-01 10:01:45","174","E 25 St & 1 Ave","40.7381765","-73.97738662","168","W 18 St & 6 Ave","40.73971301","-73.99456405","17652","Customer",\N,"0"
"199","2013-12-01 09:49:46","2013-12-01 09:53:05","434","9 Ave & W 18 St","40.74317449","-74.00366443","453","W 22 St & 8 Ave","40.74475148","-73.99915362","19153","Subscriber","1963","1"
"412","2013-12-01 09:49:52","2013-12-01 09:56:44","356","Bialystoker Pl & Delancey St","40.71622644","-73.98261206","361","Allen St & Hester St","40.71605866","-73.99190759","20649","Subscriber","1969","1"
"710","2013-12-01 09:49:54","2013-12-01 10:01:44","174","E 25 St & 1 Ave","40.7381765","-73.97738662","168","W 18 St & 6 Ave","40.73971301","-73.99456405","17779","Customer",\N,"0"
"279","2013-12-01 09:49:54","2013-12-01 09:54:33","247","Perry St & Bleecker St","40.73535398","-74.00483091","127","Barrow St & Hudson St","40.73172428","-74.00674436","16726","Subscriber","1956","1"
"177","2013-12-01 09:50:00","2013-12-01 09:52:57","368","Carmine St & 6 Ave","40.73038599","-74.00214988","383","Greenwich Ave & Charles St","40.735238","-74.000271","18700","Subscriber","1960","2"
"1442","2013-12-01 09:50:02","2013-12-01 10:14:04","487","E 20 St & FDR Drive","40.73314259","-73.97573881","315","South St & Gouverneur Ln","40.70355377","-74.00670227","17362","Subscriber","1953","1"
"685","2013-12-01 09:50:03","2013-12-01 10:01:28","518","E 39 St & 2 Ave","40.74780373","-73.9734419","477","W 41 St & 8 Ave","40.75640548","-73.9900262","15211","Subscriber","1988","1"
"1000","2013-12-01 09:50:06","2013-12-01 10:06:46","509","9 Ave & W 22 St","40.7454973","-74.00197139","519","Pershing Square N","40.75188406","-73.97770164","14745","Subscriber","1964","1"
"1567","2013-12-01 09:50:08","2013-12-01 10:16:15","501","FDR Drive & E 35 St","40.744219","-73.97121214","337","Old Slip & Front St","40.7037992","-74.00838676","14825","Subscriber","1975","1"
"1088","2013-12-01 09:50:09","2013-12-01 10:08:17","322","Clinton St & Tillary St","40.696192","-73.991218","387","Centre St & Chambers St","40.71273266","-74.0046073","19493","Customer",\N,"0"
"276","2013-12-01 09:50:09","2013-12-01 09:54:45","461","E 20 St & 2 Ave","40.73587678","-73.98205027","236","St Marks Pl & 2 Ave","40.7284186","-73.98713956","16462","Subscriber","1976","1"
"339","2013-12-01 09:50:11","2013-12-01 09:55:50","512","W 29 St & 9 Ave","40.7500727","-73.99839279","470","W 20 St & 8 Ave","40.74345335","-74.00004031","14963","Subscriber","1969","1"
"347","2013-12-01 09:50:20","2013-12-01 09:56:07","529","W 42 St & 8 Ave","40.7575699","-73.99098507","152","Warren St & Church St","40.71473993","-74.00910627","15526","Subscriber","1990","2"
"1066","2013-12-01 09:50:25","2013-12-01 10:08:11","322","Clinton St & Tillary St","40.696192","-73.991218","387","Centre St & Chambers St","40.71273266","-74.0046073","18012","Customer",\N,"0"
"369","2013-12-01 09:50:26","2013-12-01 09:56:35","341","Stanton St & Mangin St","40.71782143","-73.97628939","394","E 9 St & Avenue C","40.72521311","-73.97768752","18429","Subscriber","1943","2"
"286","2013-12-01 09:50:30","2013-12-01 09:55:16","502","Henry St & Grand St","40.714215","-73.981346","295","Pike St & E Broadway","40.71406667","-73.99293911","19463","Subscriber","1990","2"
"513","2013-12-01 09:50:33","2013-12-01 09:59:06","391","Clark St & Henry St","40.69760127","-73.99344559","239","Willoughby St & Fleet St","40.69196566","-73.9813018","19839","Subscriber","1987","2"
"333","2013-12-01 09:50:36","2013-12-01 09:56:09","473","Rivington St & Chrystie St","40.72110063","-73.9919254","348","W Broadway & Spring St","40.72490985","-74.00154702","17473","Subscriber","1984","2"
"408","2013-12-01 09:50:58","2013-12-01 09:57:46","521","8 Ave & W 31 St","40.75044999","-73.99481051","478","11 Ave & W 41 St","40.76030096","-73.99884222","16008","Subscriber","1971","1"
"622","2013-12-01 09:51:01","2013-12-01 10:01:23","398","Atlantic Ave & Furman St","40.69165183","-73.9999786","279","Sands St & Gold St","40.69986937","-73.98271933","18678","Subscriber","1984","1"
"710","2013-12-01 09:51:04","2013-12-01 10:02:54","316","Fulton St & William St","40.70955958","-74.00653609","303","Mercer St & Spring St","40.72362738","-73.99949601","18559","Subscriber","1957","1"
"721","2013-12-01 09:51:10","2013-12-01 10:03:11","476","E 31 St & 3 Ave","40.74394314","-73.97966069","352","W 56 St & 6 Ave","40.76340613","-73.97722479","16554","Subscriber","1989","1"
"442","2013-12-01 09:51:17","2013-12-01 09:58:39","391","Clark St & Henry St","40.69760127","-73.99344559","239","Willoughby St & Fleet St","40.69196566","-73.9813018","14868","Subscriber","1979","1"
"478","2013-12-01 09:51:30","2013-12-01 09:59:28","466","W 25 St & 6 Ave","40.74395411","-73.99144871","212","W 16 St & The High Line","40.74334935","-74.00681753","19118","Subscriber","1967","1"
"572","2013-12-01 09:51:34","2013-12-01 10:01:06","152","Warren St & Church St","40.71473993","-74.00910627","358","Christopher St & Greenwich St","40.73291553","-74.00711384","17622","Subscriber","1966","1"
"422","2013-12-01 09:51:35","2013-12-01 09:58:37","275","Washington Ave & Greene Ave","40.68650065","-73.96563307","467","Dean St & 4 Ave","40.68312489","-73.97895137","15119","Subscriber","1979","1"
"803","2013-12-01 09:51:40","2013-12-01 10:05:03","445","E 10 St & Avenue A","40.72740794","-73.98142006","334","W 20 St & 7 Ave","40.74238787","-73.99726235","20772","Subscriber","1953","1"
"369","2013-12-01 09:51:42","2013-12-01 09:57:51","223","W 13 St & 7 Ave","40.73781509","-73.99994661","509","9 Ave & W 22 St","40.7454973","-74.00197139","20231","Subscriber","1968","1"
"479","2013-12-01 09:51:42","2013-12-01 09:59:41","515","W 43 St & 10 Ave","40.76009437","-73.99461843","462","W 22 St & 10 Ave","40.74691959","-74.00451887","16531","Subscriber","1974","1"
"408","2013-12-01 09:51:43","2013-12-01 09:58:31","509","9 Ave & W 22 St","40.7454973","-74.00197139","496","E 16 St & 5 Ave","40.73726186","-73.99238967","18554","Subscriber","1967","1"
"368","2013-12-01 09:51:52","2013-12-01 09:58:00","361","Allen St & Hester St","40.71605866","-73.99190759","428","E 3 St & 1 Ave","40.72467721","-73.98783413","17942","Subscriber","1966","1"
"165","2013-12-01 09:51:53","2013-12-01 09:54:38","160","E 37 St & Lexington Ave","40.748238","-73.978311","528","2 Ave & E 31 St","40.74290902","-73.97706058","16033","Subscriber","1983","1"
"587","2013-12-01 09:52:04","2013-12-01 10:01:51","545","E 23 St & 1 Ave","40.736502","-73.97809472","167","E 39 St & 3 Ave","40.7489006","-73.97604882","18774","Subscriber","1990","1"
"246","2013-12-01 09:52:14","2013-12-01 09:56:20","168","W 18 St & 6 Ave","40.73971301","-73.99456405","486","Broadway & W 29 St","40.7462009","-73.98855723","19622","Subscriber","1980","1"
"359","2013-12-01 09:52:20","2013-12-01 09:58:19","296","Division St & Bowery","40.71413089","-73.9970468","263","Elizabeth St & Hester St","40.71729","-73.996375","19212","Subscriber","1983","2"
"639","2013-12-01 09:52:26","2013-12-01 10:03:05","147","Greenwich St & Warren St","40.71542197","-74.01121978","363","West Thames St","40.70834698","-74.01713445","19766","Subscriber","1981","1"
"760","2013-12-01 09:52:39","2013-12-01 10:05:19","291","Madison St & Montgomery St","40.713126","-73.984844","265","Stanton St & Chrystie St","40.72229346","-73.99147535","15108","Subscriber","1959","1"
"581","2013-12-01 09:53:07","2013-12-01 10:02:48","143","Clinton St & Joralemon St","40.69239502","-73.99337909","391","Clark St & Henry St","40.69760127","-73.99344559","19525","Subscriber","1985","2"
"519","2013-12-01 09:53:13","2013-12-01 10:01:52","358","Christopher St & Greenwich St","40.73291553","-74.00711384","426","West St & Chambers St","40.71754834","-74.01322069","17004","Subscriber","1985","1"
"493","2013-12-01 09:53:14","2013-12-01 10:01:27","356","Bialystoker Pl & Delancey St","40.71622644","-73.98261206","403","E 2 St & 2 Ave","40.72502876","-73.99069656","19713","Subscriber","1973","1"
"620","2013-12-01 09:53:30","2013-12-01 10:03:50","503","E 20 St & Park Ave","40.73827428","-73.98751968","459","W 20 St & 11 Ave","40.746745","-74.007756","18921","Subscriber","1964","1"
"177","2013-12-01 09:53:50","2013-12-01 09:56:47","301","E 2 St & Avenue B","40.72217444","-73.98368779","312","Allen St & E Houston St","40.722055","-73.989111","17755","Subscriber","1970","1"
"550","2013-12-01 09:53:56","2013-12-01 10:03:06","143","Clinton St & Joralemon St","40.69239502","-73.99337909","391","Clark St & Henry St","40.69760127","-73.99344559","14589","Subscriber","1988","2"
"152","2013-12-01 09:54:05","2013-12-01 09:56:37","528","2 Ave & E 31 St","40.74290902","-73.97706058","518","E 39 St & 2 Ave","40.74780373","-73.9734419","20651","Subscriber","1991","1"
"231","2013-12-01 09:54:06","2013-12-01 09:57:57","151","Cleveland Pl & Spring St","40.7218158","-73.99720307","355","Bayard St & Baxter St","40.71602118","-73.99974372","14789","Subscriber","1961","1"
"297","2013-12-01 09:54:10","2013-12-01 09:59:07","450","W 49 St & 8 Ave","40.76227205","-73.98788205","477","W 41 St & 8 Ave","40.75640548","-73.9900262","17727","Subscriber","1970","1"
"1750","2013-12-01 09:54:22","2013-12-01 10:23:32","347","W Houston St & Hudson St","40.72873888","-74.00748842","514","12 Ave & W 40 St","40.76087502","-74.00277668","16307","Subscriber","1979","1"
"437","2013-12-01 09:54:26","2013-12-01 10:01:43","470","W 20 St & 8 Ave","40.74345335","-74.00004031","382","University Pl & E 14 St","40.73492695","-73.99200509","17616","Subscriber","1988","2"
"285","2013-12-01 09:54:30","2013-12-01 09:59:15","2009","Catherine St & Monroe St","40.71117444","-73.99682619","412","Forsyth St & Canal St","40.7158155","-73.99422366","19795","Subscriber","1995","1"
"805","2013-12-01 09:54:40","2013-12-01 10:08:05","433","E 13 St & Avenue A","40.72955361","-73.98057249","361","Allen St & Hester St","40.71605866","-73.99190759","19661","Subscriber","1965","2"
"112","2013-12-01 09:54:48","2013-12-01 09:56:40","459","W 20 St & 11 Ave","40.746745","-74.007756","509","9 Ave & W 22 St","40.7454973","-74.00197139","19605","Subscriber","1991","1"
"369","2013-12-01 09:54:50","2013-12-01 10:00:59","3002","South End Ave & Liberty St","40.711512","-74.015756","147","Greenwich St & Warren St","40.71542197","-74.01121978","19320","Subscriber","1989","1"
"92","2013-12-01 09:54:59","2013-12-01 09:56:31","253","W 13 St & 5 Ave","40.73543934","-73.99453948","253","W 13 St & 5 Ave","40.73543934","-73.99453948","18158","Subscriber","1969","1"
"1969","2013-12-01 09:55:08","2013-12-01 10:27:57","513","W 56 St & 10 Ave","40.768254","-73.988639","358","Christopher St & Greenwich St","40.73291553","-74.00711384","14775","Customer",\N,"0"
"324","2013-12-01 09:55:13","2013-12-01 10:00:37","2003","1 Ave & E 18 St","40.73416059","-73.98024289","403","E 2 St & 2 Ave","40.72502876","-73.99069656","19847","Subscriber","1984","1"
"572","2013-12-01 09:55:19","2013-12-01 10:04:51","253","W 13 St & 5 Ave","40.73543934","-73.99453948","476","E 31 St & 3 Ave","40.74394314","-73.97966069","14979","Subscriber","1980","2"
"1963","2013-12-01 09:55:40","2013-12-01 10:28:23","513","W 56 St & 10 Ave","40.768254","-73.988639","358","Christopher St & Greenwich St","40.73291553","-74.00711384","19915","Customer",\N,"0"
"596","2013-12-01 09:55:47","2013-12-01 10:05:43","309","Murray St & West St","40.7149787","-74.013012","263","Elizabeth St & Hester St","40.71729","-73.996375","16065","Subscriber","1979","1"
"265","2013-12-01 09:55:50","2013-12-01 10:00:15","164","E 47 St & 2 Ave","40.75323098","-73.97032517","456","E 53 St & Madison Ave","40.7597108","-73.97402311","16679","Subscriber","1969","1"
"486","2013-12-01 09:55:55","2013-12-01 10:04:01","410","Suffolk St & Stanton St","40.72066442","-73.98517977","326","E 11 St & 1 Ave","40.72953837","-73.98426726","20580","Subscriber","1955","1"
"635","2013-12-01 09:56:05","2013-12-01 10:06:40","372","Franklin Ave & Myrtle Ave","40.694528","-73.958089","253","W 13 St & 5 Ave","40.73543934","-73.99453948","16489","Subscriber","1973","1"
"1191","2013-12-01 09:56:08","2013-12-01 10:15:59","251","Mott St & Prince St","40.72317958","-73.99480012","330","Reade St & Broadway","40.71450451","-74.00562789","20241","Customer",\N,"0"
"673","2013-12-01 09:56:22","2013-12-01 10:07:35","341","Stanton St & Mangin St","40.71782143","-73.97628939","408","Market St & Cherry St","40.71076228","-73.99400398","15900","Subscriber","1955","1"
"436","2013-12-01 09:56:23","2013-12-01 10:03:39","238","Bank St & Washington St","40.7361967","-74.00859207","116","W 17 St & 8 Ave","40.74177603","-74.00149746","16180","Subscriber","1956","1"
"240","2013-12-01 09:56:33","2013-12-01 10:00:33","2021","W 45 St & 8 Ave","40.75929124","-73.98859651","515","W 43 St & 10 Ave","40.76009437","-73.99461843","18985","Subscriber","1965","2"
"1178","2013-12-01 09:56:33","2013-12-01 10:16:11","251","Mott St & Prince St","40.72317958","-73.99480012","330","Reade St & Broadway","40.71450451","-74.00562789","16277","Customer",\N,"0"
"1180","2013-12-01 09:56:48","2013-12-01 10:16:28","253","W 13 St & 5 Ave","40.73543934","-73.99453948","402","Broadway & E 22 St","40.7403432","-73.98955109","17894","Subscriber","1969","1"
"1049","2013-12-01 09:57:16","2013-12-01 10:14:45","289","Monroe St & Classon Ave","40.6845683","-73.95881081","395","Bond St & Schermerhorn St","40.68807003","-73.98410637","15422","Subscriber","1984","1"
"147","2013-12-01 09:57:25","2013-12-01 09:59:52","474","5 Ave & E 29 St","40.7451677","-73.98683077","486","Broadway & W 29 St","40.7462009","-73.98855723","17986","Subscriber","1963","1"
"409","2013-12-01 09:57:28","2013-12-01 10:04:17","290","2 Ave & E 58 St","40.76020258","-73.96478473","538","W 49 St & 5 Ave","40.75795248","-73.97787642","14790","Subscriber","1948","1"
"693","2013-12-01 09:57:31","2013-12-01 10:09:04","341","Stanton St & Mangin St","40.71782143","-73.97628939","296","Division St & Bowery","40.71413089","-73.9970468","19918","Subscriber","1988","1"
"838","2013-12-01 09:57:45","2013-12-01 10:11:43","379","W 31 St & 7 Ave","40.749156","-73.9916","223","W 13 St & 7 Ave","40.73781509","-73.99994661","17909","Subscriber","1953","1"
"415","2013-12-01 09:57:47","2013-12-01 10:04:42","212","W 16 St & The High Line","40.74334935","-74.00681753","168","W 18 St & 6 Ave","40.73971301","-73.99456405","17032","Subscriber","1968","1"
"354","2013-12-01 09:58:03","2013-12-01 10:03:57","308","St James Pl & Oliver St","40.71307916","-73.99851193","360","William St & Pine St","40.70717936","-74.00887308","20828","Subscriber","1977","1"
"163","2013-12-01 09:58:12","2013-12-01 10:00:55","293","Lafayette St & E 8 St","40.73028666","-73.9907647","285","Broadway & E 14 St","40.73454567","-73.99074142","17970","Subscriber","1985","1"
"421","2013-12-01 09:58:13","2013-12-01 10:05:14","479","9 Ave & W 45 St","40.76019252","-73.9912551","490","8 Ave & W 33 St","40.751551","-73.993934","20085","Subscriber","1984","1"
"131","2013-12-01 09:58:17","2013-12-01 10:00:28","362","Broadway & W 37 St","40.75172632","-73.98753523","382","University Pl & E 14 St","40.73492695","-73.99200509","20293","Subscriber","1986","1"
"369","2013-12-01 09:58:23","2013-12-01 10:04:32","509","9 Ave & W 22 St","40.7454973","-74.00197139","497","E 17 St & Broadway","40.73704984","-73.99009296","19267","Subscriber","1956","1"
"2680","2013-12-01 09:58:33","2013-12-01 10:43:13","446","W 24 St & 7 Ave","40.74487634","-73.99529885","345","W 13 St & 6 Ave","40.73649403","-73.99704374","19077","Subscriber","1980","1"
"329","2013-12-01 09:58:43","2013-12-01 10:04:12","390","Duffield St & Willoughby St","40.69221589","-73.9842844","271","Ashland Pl & Hanson Pl","40.68528172","-73.97805813","19308","Subscriber","1980","1"
"556","2013-12-01 09:58:45","2013-12-01 10:08:01","218","Gallatin Pl & Livingston St","40.69028437","-73.98707105","157","Henry St & Atlantic Ave","40.69089272","-73.99612349","16564","Subscriber","1977","1"
"814","2013-12-01 09:59:27","2013-12-01 10:13:01","382","University Pl & E 14 St","40.73492695","-73.99200509","520","W 52 St & 5 Ave","40.75992262","-73.97648516","16043","Subscriber","1990","1"
"769","2013-12-01 09:59:30","2013-12-01 10:12:19","258","DeKalb Ave & Vanderbilt Ave","40.68940747","-73.96885458","271","Ashland Pl & Hanson Pl","40.68528172","-73.97805813","15556","Subscriber","1980","2"
"219","2013-12-01 09:59:36","2013-12-01 10:03:15","386","Centre St & Worth St","40.71494807","-74.00234482","82","St James Pl & Pearl St","40.71117416","-74.00016545","18995","Subscriber","1970","2"
"1138","2013-12-01 10:00:00","2013-12-01 10:18:58","537","Lexington Ave & E 24 St","40.74025878","-73.98409214","502","Henry St & Grand St","40.714215","-73.981346","15785","Subscriber","1971","1"
"1065","2013-12-01 10:00:35","2013-12-01 10:18:20","423","W 54 St & 9 Ave","40.76584941","-73.98690506","127","Barrow St & Hudson St","40.73172428","-74.00674436","17853","Subscriber","1980","1"
"171","2013-12-01 10:00:38","2013-12-01 10:03:29","147","Greenwich St & Warren St","40.71542197","-74.01121978","387","Centre St & Chambers St","40.71273266","-74.0046073","15688","Subscriber","1965","1"
"174","2013-12-01 10:00:45","2013-12-01 10:03:39","147","Greenwich St & Warren St","40.71542197","-74.01121978","329","Greenwich St & N Moore St","40.72043411","-74.01020609","18393","Subscriber","1957","2"
"77","2013-12-01 10:00:54","2013-12-01 10:02:11","2003","1 Ave & E 18 St","40.73416059","-73.98024289","504","1 Ave & E 15 St","40.73221853","-73.98165557","18381","Subscriber","1970","1"
"244","2013-12-01 10:01:04","2013-12-01 10:05:08","498","Broadway & W 32 St","40.74854862","-73.98808416","524","W 43 St & 6 Ave","40.75527307","-73.98316936","20834","Subscriber","1987","1"
"294","2013-12-01 10:01:08","2013-12-01 10:06:02","380","W 4 St & 7 Ave S","40.73401143","-74.00293877","319","Park Pl & Church St","40.71336124","-74.00937622","15642","Subscriber","1947","1"
"347","2013-12-01 10:01:21","2013-12-01 10:07:08","426","West St & Chambers St","40.71754834","-74.01322069","347","W Houston St & Hudson St","40.72873888","-74.00748842","14608","Subscriber","1982","1"
"614","2013-12-01 10:01:25","2013-12-01 10:11:39","453","W 22 St & 8 Ave","40.74475148","-73.99915362","388","W 26 St & 10 Ave","40.749717753","-74.002950346","19153","Subscriber","1947","1"
"403","2013-12-01 10:01:33","2013-12-01 10:08:16","488","W 39 St & 9 Ave","40.75645824","-73.99372222","450","W 49 St & 8 Ave","40.76227205","-73.98788205","19133","Subscriber","1988","2"
"730","2013-12-01 10:01:48","2013-12-01 10:13:58","422","W 59 St & 10 Ave","40.770513","-73.988038","488","W 39 St & 9 Ave","40.75645824","-73.99372222","17478","Subscriber","1974","2"
"294","2013-12-01 10:01:56","2013-12-01 10:06:50","293","Lafayette St & E 8 St","40.73028666","-73.9907647","394","E 9 St & Avenue C","40.72521311","-73.97768752","20336","Subscriber","1985","2"
"263","2013-12-01 10:02:19","2013-12-01 10:06:42","482","W 15 St & 7 Ave","40.73935542","-73.99931783","459","W 20 St & 11 Ave","40.746745","-74.007756","18025","Subscriber","1968","2"
"1541","2013-12-01 10:02:22","2013-12-01 10:28:03","523","W 38 St & 8 Ave","40.75466591","-73.99138152","257","Lispenard St & Broadway","40.71939226","-74.00247214","19065","Customer",\N,"0"
"719","2013-12-01 10:02:22","2013-12-01 10:14:21","375","Mercer St & Bleecker St","40.72679454","-73.99695094","486","Broadway & W 29 St","40.7462009","-73.98855723","15589","Subscriber","1983","1"
"337","2013-12-01 10:02:42","2013-12-01 10:08:19","531","Forsyth St & Broome St","40.71893904","-73.99266288","2009","Catherine St & Monroe St","40.71117444","-73.99682619","20135","Subscriber","1967","1"
"267","2013-12-01 10:03:01","2013-12-01 10:07:28","386","Centre St & Worth St","40.71494807","-74.00234482","263","Elizabeth St & Hester St","40.71729","-73.996375","17152","Subscriber","1986","2"
"576","2013-12-01 10:03:03","2013-12-01 10:12:39","379","W 31 St & 7 Ave","40.749156","-73.9916","450","W 49 St & 8 Ave","40.76227205","-73.98788205","17977","Subscriber","1953","1"
"161","2013-12-01 10:03:11","2013-12-01 10:05:52","285","Broadway & E 14 St","40.73454567","-73.99074142","345","W 13 St & 6 Ave","40.73649403","-73.99704374","16101","Subscriber","1975","1"
"544","2013-12-01 10:03:14","2013-12-01 10:12:18","426","West St & Chambers St","40.71754834","-74.01322069","346","Bank St & Hudson St","40.73652889","-74.00618026","19435","Subscriber","1979","1"
"586","2013-12-01 10:03:14","2013-12-01 10:13:00","128","MacDougal St & Prince St","40.72710258","-74.00297088","466","W 25 St & 6 Ave","40.74395411","-73.99144871","20652","Subscriber","1953","1"
"210","2013-12-01 10:03:15","2013-12-01 10:06:45","294","Washington Square E","40.73049393","-73.9957214","375","Mercer St & Bleecker St","40.72679454","-73.99695094","16630","Subscriber","1934","1"
"1011","2013-12-01 10:03:18","2013-12-01 10:20:09","259","South St & Whitehall St","40.70122128","-74.01234218","417","Barclay St & Church St","40.71291224","-74.01020234","16960","Customer",\N,"0"
"361","2013-12-01 10:03:25","2013-12-01 10:09:26","335","Washington Pl & Broadway","40.72903917","-73.99404649","303","Mercer St & Spring St","40.72362738","-73.99949601","15852","Subscriber","1969","2"
"277","2013-12-01 10:03:35","2013-12-01 10:08:12","174","E 25 St & 1 Ave","40.7381765","-73.97738662","528","2 Ave & E 31 St","40.74290902","-73.97706058","19939","Subscriber","1947","1"
"276","2013-12-01 10:03:38","2013-12-01 10:08:14","545","E 23 St & 1 Ave","40.736502","-73.97809472","528","2 Ave & E 31 St","40.74290902","-73.97706058","19551","Subscriber","1965","1"
"198","2013-12-01 10:03:45","2013-12-01 10:07:03","448","W 37 St & 10 Ave","40.75660359","-73.9979009","515","W 43 St & 10 Ave","40.76009437","-73.99461843","16117","Subscriber","1982","1"
"683","2013-12-01 10:04:11","2013-12-01 10:15:34","173","Broadway & W 49 St","40.76064679","-73.98442659","173","Broadway & W 49 St","40.76064679","-73.98442659","17558","Subscriber","1976","1"
"3121","2013-12-01 10:04:23","2013-12-01 10:56:24","439","E 4 St & 2 Ave","40.7262807","-73.98978041","439","E 4 St & 2 Ave","40.7262807","-73.98978041","17585","Subscriber","1977","1"
"307","2013-12-01 10:04:25","2013-12-01 10:09:32","2004","6 Ave & Broome St","40.724399","-74.004704","323","Lawrence St & Willoughby St","40.69236178","-73.98631746","16134","Subscriber","1976","1"
"607","2013-12-01 10:04:28","2013-12-01 10:14:35","319","Park Pl & Church St","40.71336124","-74.00937622","238","Bank St & Washington St","40.7361967","-74.00859207","14795","Subscriber","1976","1"
"602","2013-12-01 10:04:30","2013-12-01 10:14:32","285","Broadway & E 14 St","40.73454567","-73.99074142","225","W 14 St & The High Line","40.74195138","-74.00803013","16867","Subscriber","1976","2"
"826","2013-12-01 10:04:36","2013-12-01 10:18:22","511","E 14 St & Avenue B","40.72938685","-73.97772429","444","Broadway & W 24 St","40.7423543","-73.98915076","18238","Subscriber","1979","2"
"1221","2013-12-01 10:04:52","2013-12-01 10:25:13","437","Macon St & Nostrand Ave","40.6809833854","-73.9500479759","314","Montague St & Clinton St","40.69424674","-73.99215922","20002","Subscriber","1951","1"
"324","2013-12-01 10:04:57","2013-12-01 10:10:21","377","6 Ave & Canal St","40.72243797","-74.00566443","152","Warren St & Church St","40.71473993","-74.00910627","18865","Subscriber","1956","1"
"1279","2013-12-01 10:05:07","2013-12-01 10:26:26","143","Clinton St & Joralemon St","40.69239502","-73.99337909","195","Liberty St & Broadway","40.70905623","-74.01043382","20271","Subscriber","1970","2"
"486","2013-12-01 10:05:11","2013-12-01 10:13:17","317","E 6 St & Avenue B","40.72453734","-73.98185424","303","Mercer St & Spring St","40.72362738","-73.99949601","18010","Subscriber","1987","1"
"623","2013-12-01 10:05:14","2013-12-01 10:15:37","422","W 59 St & 10 Ave","40.770513","-73.988038","281","Grand Army Plaza & Central Park S","40.7643971","-73.97371465","19582","Subscriber","1952","1"
"920","2013-12-01 10:05:15","2013-12-01 10:20:35","249","Harrison St & Hudson St","40.71870987","-74.0090009","249","Harrison St & Hudson St","40.71870987","-74.0090009","15261","Subscriber","1970","1"
"207","2013-12-01 10:05:19","2013-12-01 10:08:46","464","E 56 St & 3 Ave","40.75934501","-73.96759673","2022","E 59 St & Sutton Pl","40.75849116","-73.95920622","15015","Subscriber","1955","1"
"2103","2013-12-01 10:05:26","2013-12-01 10:40:29","291","Madison St & Montgomery St","40.713126","-73.984844","167","E 39 St & 3 Ave","40.7489006","-73.97604882","16215","Subscriber","1969","1"
"487","2013-12-01 10:05:48","2013-12-01 10:13:55","265","Stanton St & Chrystie St","40.72229346","-73.99147535","340","Madison St & Clinton St","40.71269042","-73.98776323","15650","Subscriber","1990","1"
"959","2013-12-01 10:06:00","2013-12-01 10:21:59","364","Lafayette Ave & Classon Ave","40.68900443","-73.96023854","217","Old Fulton St","40.70277159","-73.99383605","16365","Subscriber","1980","1"
"478","2013-12-01 10:06:12","2013-12-01 10:14:10","251","Mott St & Prince St","40.72317958","-73.99480012","438","St Marks Pl & 1 Ave","40.72779126","-73.98564945","15065","Subscriber","1986","1"
"265","2013-12-01 10:06:17","2013-12-01 10:10:42","449","W 52 St & 9 Ave","40.76461837","-73.98789473","236","St Marks Pl & 2 Ave","40.7284186","-73.98713956","17963","Subscriber","1976","1"
"218","2013-12-01 10:06:26","2013-12-01 10:10:04","453","W 22 St & 8 Ave","40.74475148","-73.99915362","442","W 27 St & 7 Ave","40.746647","-73.993915","15029","Subscriber","1957","1"
"454","2013-12-01 10:06:41","2013-12-01 10:14:15","345","W 13 St & 6 Ave","40.73649403","-73.99704374","368","Carmine St & 6 Ave","40.73038599","-74.00214988","16640","Subscriber","1989","2"
"1450","2013-12-01 10:06:43","2013-12-01 10:30:53","417","Barclay St & Church St","40.71291224","-74.01020234","304","Broadway & Battery Pl","40.70463334","-74.01361706","14946","Subscriber","1982","1"
"802","2013-12-01 10:06:47","2013-12-01 10:20:09","507","E 25 St & 2 Ave","40.73912601","-73.97973776","151","Cleveland Pl & Spring St","40.7218158","-73.99720307","20018","Subscriber","1964","2"
"161","2013-12-01 10:06:50","2013-12-01 10:09:31","403","E 2 St & 2 Ave","40.72502876","-73.99069656","293","Lafayette St & E 8 St","40.73028666","-73.9907647","14800","Subscriber","1984","1"
"496","2013-12-01 10:06:51","2013-12-01 10:15:07","496","E 16 St & 5 Ave","40.73726186","-73.99238967","303","Mercer St & Spring St","40.72362738","-73.99949601","18554","Subscriber","1983","1"
"763","2013-12-01 10:06:55","2013-12-01 10:19:38","119","Park Ave & St Edwards St","40.69608941","-73.97803415","296","Division St & Bowery","40.71413089","-73.9970468","19059","Subscriber","1993","1"
"410","2013-12-01 10:06:58","2013-12-01 10:13:48","512","W 29 St & 9 Ave","40.7500727","-73.99839279","477","W 41 St & 8 Ave","40.75640548","-73.9900262","16416","Subscriber","1981","1"
"254","2013-12-01 10:07:10","2013-12-01 10:11:24","334","W 20 St & 7 Ave","40.74238787","-73.99726235","497","E 17 St & Broadway","40.73704984","-73.99009296","16207","Subscriber","1971","1"
"929","2013-12-01 10:07:18","2013-12-01 10:22:47","308","St James Pl & Oliver St","40.71307916","-73.99851193","380","W 4 St & 7 Ave S","40.73401143","-74.00293877","16943","Subscriber","1985","2"
"745","2013-12-01 10:07:21","2013-12-01 10:19:46","502","Henry St & Grand St","40.714215","-73.981346","502","Henry St & Grand St","40.714215","-73.981346","15950","Subscriber","1976","1"
"595","2013-12-01 10:07:22","2013-12-01 10:17:17","478","11 Ave & W 41 St","40.76030096","-73.99884222","459","W 20 St & 11 Ave","40.746745","-74.007756","17193","Subscriber","1978","1"
"483","2013-12-01 10:07:24","2013-12-01 10:15:27","280","E 10 St & 5 Ave","40.73331967","-73.99510132","161","LaGuardia Pl & W 3 St","40.72917025","-73.99810231","17284","Subscriber","1962","2"
"304","2013-12-01 10:07:30","2013-12-01 10:12:34","497","E 17 St & Broadway","40.73704984","-73.99009296","334","W 20 St & 7 Ave","40.74238787","-73.99726235","19729","Subscriber","1964","1"
"348","2013-12-01 10:07:32","2013-12-01 10:13:20","293","Lafayette St & E 8 St","40.73028666","-73.9907647","280","E 10 St & 5 Ave","40.73331967","-73.99510132","18225","Subscriber","1964","1"
"383","2013-12-01 10:07:33","2013-12-01 10:13:56","546","E 30 St & Park Ave S","40.74444921","-73.98303529","546","E 30 St & Park Ave S","40.74444921","-73.98303529","15266","Customer",\N,"0"
"360","2013-12-01 10:07:35","2013-12-01 10:13:35","509","9 Ave & W 22 St","40.7454973","-74.00197139","466","W 25 St & 6 Ave","40.74395411","-73.99144871","17070","Subscriber","1962","1"
"474","2013-12-01 10:07:38","2013-12-01 10:15:32","528","2 Ave & E 31 St","40.74290902","-73.97706058","438","St Marks Pl & 1 Ave","40.72779126","-73.98564945","16033","Subscriber","1974","1"
"363","2013-12-01 10:07:42","2013-12-01 10:13:45","382","University Pl & E 14 St","40.73492695","-73.99200509","236","St Marks Pl & 2 Ave","40.7284186","-73.98713956","20343","Subscriber","1977","2"
"437","2013-12-01 10:08:02","2013-12-01 10:15:19","228","E 48 St & 3 Ave","40.7546011026","-73.971878855","281","Grand Army Plaza & Central Park S","40.7643971","-73.97371465","18546","Subscriber","1966","1"
"362","2013-12-01 10:08:12","2013-12-01 10:14:14","307","Canal St & Rutgers St","40.71427487","-73.98990025","410","Suffolk St & Stanton St","40.72066442","-73.98517977","19315","Subscriber","1981","1"
"1118","2013-12-01 10:08:16","2013-12-01 10:26:54","531","Forsyth St & Broome St","40.71893904","-73.99266288","540","Lexington Ave & E 26 St","40.74147286","-73.98320928","15879","Subscriber","1967","1"
"971","2013-12-01 10:08:17","2013-12-01 10:24:28","457","Broadway & W 58 St","40.76695317","-73.98169333","477","W 41 St & 8 Ave","40.75640548","-73.9900262","19154","Subscriber","1980","1"
"1003","2013-12-01 10:08:26","2013-12-01 10:25:09","393","E 5 St & Avenue C","40.72299208","-73.97995466","368","Carmine St & 6 Ave","40.73038599","-74.00214988","17850","Subscriber","1983","1"
"714","2013-12-01 10:08:29","2013-12-01 10:20:23","354","Emerson Pl & Myrtle Ave","40.69363137","-73.96223558","314","Montague St & Clinton St","40.69424674","-73.99215922","17740","Subscriber","1982","1"
"487","2013-12-01 10:08:33","2013-12-01 10:16:40","524","W 43 St & 6 Ave","40.75527307","-73.98316936","478","11 Ave & W 41 St","40.76030096","-73.99884222","18653","Subscriber","1983","1"
"341","2013-12-01 10:08:33","2013-12-01 10:14:14","522","E 51 St & Lexington Ave","40.75714758","-73.97207836","519","Pershing Square N","40.75188406","-73.97770164","17471","Subscriber","1984","2"
"847","2013-12-01 10:08:43","2013-12-01 10:22:50","305","E 58 St & 3 Ave","40.76095756","-73.96724467","281","Grand Army Plaza & Central Park S","40.7643971","-73.97371465","15973","Customer",\N,"0"
"1088","2013-12-01 10:09:08","2013-12-01 10:27:16","281","Grand Army Plaza & Central Park S","40.7643971","-73.97371465","527","E 33 St & 1 Ave","40.74315566","-73.97434726","18867","Subscriber","1976","1"
"658","2013-12-01 10:09:10","2013-12-01 10:20:08","164","E 47 St & 2 Ave","40.75323098","-73.97032517","529","W 42 St & 8 Ave","40.7575699","-73.99098507","18944","Subscriber","1989","1"
"855","2013-12-01 10:09:17","2013-12-01 10:23:32","263","Elizabeth St & Hester St","40.71729","-73.996375","459","W 20 St & 11 Ave","40.746745","-74.007756","20624","Subscriber","1975","2"
"302","2013-12-01 10:09:25","2013-12-01 10:14:27","546","E 30 St & Park Ave S","40.74444921","-73.98303529","546","E 30 St & Park Ave S","40.74444921","-73.98303529","17752","Customer",\N,"0"
"281","2013-12-01 10:09:39","2013-12-01 10:14:20","247","Perry St & Bleecker St","40.73535398","-74.00483091","435","W 21 St & 6 Ave","40.74173969","-73.99415556","16995","Subscriber","1983","1"
"357","2013-12-01 10:09:44","2013-12-01 10:15:41","519","Pershing Square N","40.75188406","-73.97770164","367","E 53 St & Lexington Ave","40.75828065","-73.97069431","20016","Subscriber","1970","1"
"215","2013-12-01 10:09:49","2013-12-01 10:13:24","445","E 10 St & Avenue A","40.72740794","-73.98142006","504","1 Ave & E 15 St","40.73221853","-73.98165557","19995","Subscriber","1975","1"
"501","2013-12-01 10:09:50","2013-12-01 10:18:11","379","W 31 St & 7 Ave","40.749156","-73.9916","503","E 20 St & Park Ave","40.73827428","-73.98751968","18810","Subscriber","1987","1"
"687","2013-12-01 10:09:52","2013-12-01 10:21:19","517","Pershing Square S","40.75149263","-73.97798848","280","E 10 St & 5 Ave","40.73331967","-73.99510132","19608","Subscriber","1986","1"
"387","2013-12-01 10:09:57","2013-12-01 10:16:24","2003","1 Ave & E 18 St","40.73416059","-73.98024289","497","E 17 St & Broadway","40.73704984","-73.99009296","16255","Subscriber","1953","1"
"325","2013-12-01 10:09:58","2013-12-01 10:15:23","152","Warren St & Church St","40.71473993","-74.00910627","523","W 38 St & 8 Ave","40.75466591","-73.99138152","15526","Subscriber","1971","1"
"121","2013-12-01 10:09:59","2013-12-01 10:12:00","502","Henry St & Grand St","40.714215","-73.981346","350","Clinton St & Grand St","40.71559509","-73.9870295","20802","Subscriber","1986","1"
"609","2013-12-01 10:10:02","2013-12-01 10:20:11","502","Henry St & Grand St","40.714215","-73.981346","229","Great Jones St","40.72743423","-73.99379025","17257","Subscriber","1967","1"
"924","2013-12-01 10:10:03","2013-12-01 10:25:27","423","W 54 St & 9 Ave","40.76584941","-73.98690506","521","8 Ave & W 31 St","40.75044999","-73.99481051","18856","Subscriber","1979","2"
"191","2013-12-01 10:10:32","2013-12-01 10:13:43","382","University Pl & E 14 St","40.73492695","-73.99200509","223","W 13 St & 7 Ave","40.73781509","-73.99994661","15389","Subscriber","1983","1"
"2269","2013-12-01 10:10:38","2013-12-01 10:48:27","510","W 51 St & 6 Ave","40.7606597","-73.98042047","281","Grand Army Plaza & Central Park S","40.7643971","-73.97371465","14623","Customer",\N,"0"
"2268","2013-12-01 10:10:41","2013-12-01 10:48:29","510","W 51 St & 6 Ave","40.7606597","-73.98042047","281","Grand Army Plaza & Central Park S","40.7643971","-73.97371465","18660","Customer",\N,"0"
"270","2013-12-01 10:10:44","2013-12-01 10:15:14","428","E 3 St & 1 Ave","40.72467721","-73.98783413","504","1 Ave & E 15 St","40.73221853","-73.98165557","17942","Subscriber","1954","2"
"522","2013-12-01 10:10:50","2013-12-01 10:19:32","435","W 21 St & 6 Ave","40.74173969","-73.99415556","546","E 30 St & Park Ave S","40.74444921","-73.98303529","19674","Subscriber","1985","1"
"217","2013-12-01 10:11:17","2013-12-01 10:14:54","499","Broadway & W 60 St","40.76915505","-73.98191841","449","W 52 St & 9 Ave","40.76461837","-73.98789473","17832","Subscriber","1965","1"
"1836","2013-12-01 10:11:20","2013-12-01 10:41:56","494","W 26 St & 8 Ave","40.74734825","-73.99723551","509","9 Ave & W 22 St","40.7454973","-74.00197139","17019","Subscriber","1960","2"
"338","2013-12-01 10:11:21","2013-12-01 10:16:59","216","Columbia Heights & Cranberry St","40.70037867","-73.99548059","143","Clinton St & Joralemon St","40.69239502","-73.99337909","15184","Subscriber","1978","1"
"158","2013-12-01 10:11:24","2013-12-01 10:14:02","153","E 40 St & 5 Ave","40.752062307","-73.9816324043","519","Pershing Square N","40.75188406","-73.97770164","15575","Subscriber","1962","1"
"374","2013-12-01 10:11:29","2013-12-01 10:17:43","446","W 24 St & 7 Ave","40.74487634","-73.99529885","345","W 13 St & 6 Ave","40.73649403","-73.99704374","16348","Subscriber","1973","2"
"186","2013-12-01 10:11:34","2013-12-01 10:14:40","546","E 30 St & Park Ave S","40.74444921","-73.98303529","526","E 33 St & 5 Ave","40.74765947","-73.98490707","14940","Subscriber","1971","1"
"829","2013-12-01 10:11:38","2013-12-01 10:25:27","297","E 15 St & 3 Ave","40.734232","-73.986923","465","Broadway & W 41 St","40.75513557","-73.98658032","17138","Subscriber","1993","1"
"340","2013-12-01 10:11:51","2013-12-01 10:17:31","477","W 41 St & 8 Ave","40.75640548","-73.9900262","510","W 51 St & 6 Ave","40.7606597","-73.98042047","18624","Subscriber","1977","1"
"335","2013-12-01 10:12:15","2013-12-01 10:17:50","536","1 Ave & E 30 St","40.74144387","-73.97536082","472","E 32 St & Park Ave","40.7457121","-73.98194829","18367","Customer",\N,"0"
"672","2013-12-01 10:12:20","2013-12-01 10:23:32","315","South St & Gouverneur Ln","40.70355377","-74.00670227","426","West St & Chambers St","40.71754834","-74.01322069","19634","Subscriber","1953","1"
"689","2013-12-01 10:12:21","2013-12-01 10:23:50","317","E 6 St & Avenue B","40.72453734","-73.98185424","474","5 Ave & E 29 St","40.7451677","-73.98683077","16940","Subscriber","1988","1"
"356","2013-12-01 10:12:21","2013-12-01 10:18:17","383","Greenwich Ave & Charles St","40.735238","-74.000271","509","9 Ave & W 22 St","40.7454973","-74.00197139","17294","Subscriber","1979","1"
"181","2013-12-01 10:12:25","2013-12-01 10:15:26","461","E 20 St & 2 Ave","40.73587678","-73.98205027","503","E 20 St & Park Ave","40.73827428","-73.98751968","19443","Subscriber","1968","1"
"830","2013-12-01 10:12:25","2013-12-01 10:26:15","237","E 11 St & 2 Ave","40.73047309","-73.98672378","462","W 22 St & 10 Ave","40.74691959","-74.00451887","18360","Subscriber","1954","1"
"502","2013-12-01 10:12:26","2013-12-01 10:20:48","518","E 39 St & 2 Ave","40.74780373","-73.9734419","317","E 6 St & Avenue B","40.72453734","-73.98185424","15440","Subscriber","1977","1"
"1171","2013-12-01 10:12:28","2013-12-01 10:31:59","3002","South End Ave & Liberty St","40.711512","-74.015756","348","W Broadway & Spring St","40.72490985","-74.00154702","18690","Customer",\N,"0"
"755","2013-12-01 10:12:52","2013-12-01 10:25:27","265","Stanton St & Chrystie St","40.72229346","-73.99147535","356","Bialystoker Pl & Delancey St","40.71622644","-73.98261206","16717","Subscriber","1954","2"
"817","2013-12-01 10:12:52","2013-12-01 10:26:29","455","1 Ave & E 44 St","40.75001986","-73.96905301","449","W 52 St & 9 Ave","40.76461837","-73.98789473","17084","Subscriber","1985","2"
"1062","2013-12-01 10:12:56","2013-12-01 10:30:38","285","Broadway & E 14 St","40.73454567","-73.99074142","352","W 56 St & 6 Ave","40.76340613","-73.97722479","15737","Subscriber","1978","1"
"190","2013-12-01 10:13:07","2013-12-01 10:16:17","497","E 17 St & Broadway","40.73704984","-73.99009296","450","W 49 St & 8 Ave","40.76227205","-73.98788205","14878","Subscriber","1971","1"
"450","2013-12-01 10:13:14","2013-12-01 10:20:44","346","Bank St & Hudson St","40.73652889","-74.00618026","458","11 Ave & W 27 St","40.751396","-74.005226","19590","Subscriber","1970","1"
"172","2013-12-01 10:13:15","2013-12-01 10:16:07","405","Washington St & Gansevoort St","40.739323","-74.008119","247","Perry St & Bleecker St","40.73535398","-74.00483091","15482","Subscriber","1977","1"
"1079","2013-12-01 10:13:15","2013-12-01 10:31:14","120","Lexington Ave & Classon Ave","40.68676793","-73.95928168","143","Clinton St & Joralemon St","40.69239502","-73.99337909","16342","Subscriber","1988","2"
"1206","2013-12-01 10:13:16","2013-12-01 10:33:22","254","W 11 St & 6 Ave","40.73532427","-73.99800419","225","W 14 St & The High Line","40.74195138","-74.00803013","18545","Customer",\N,"0"
"1049","2013-12-01 10:13:24","2013-12-01 10:30:53","280","E 10 St & 5 Ave","40.73331967","-73.99510132","355","Bayard St & Baxter St","40.71602118","-73.99974372","16051","Subscriber","1981","1"
"1184","2013-12-01 10:13:24","2013-12-01 10:33:08","254","W 11 St & 6 Ave","40.73532427","-73.99800419","225","W 14 St & The High Line","40.74195138","-74.00803013","14944","Customer",\N,"0"
"314","2013-12-01 10:13:26","2013-12-01 10:18:40","502","Henry St & Grand St","40.714215","-73.981346","331","Pike St & Monroe St","40.71173107","-73.99193043","15583","Subscriber","1963","1"
"283","2013-12-01 10:13:31","2013-12-01 10:18:14","412","Forsyth St & Canal St","40.7158155","-73.99422366","268","Howard St & Centre St","40.71910537","-73.99973337","20295","Subscriber","1966","1"
"351","2013-12-01 10:13:43","2013-12-01 10:19:34","79","Franklin St & W Broadway","40.71911552","-74.00666661","426","West St & Chambers St","40.71754834","-74.01322069","18806","Subscriber","1975","1"
"1313","2013-12-01 10:13:52","2013-12-01 10:35:45","330","Reade St & Broadway","40.71450451","-74.00562789","462","W 22 St & 10 Ave","40.74691959","-74.00451887","15324","Subscriber","1963","2"
"121","2013-12-01 10:13:53","2013-12-01 10:15:54","329","Greenwich St & N Moore St","40.72043411","-74.01020609","276","Duane St & Greenwich St","40.71748752","-74.0104554","18846","Subscriber","1964","2"
"864","2013-12-01 10:14:04","2013-12-01 10:28:28","514","12 Ave & W 40 St","40.76087502","-74.00277668","515","W 43 St & 10 Ave","40.76009437","-73.99461843","16500","Subscriber","1969","1"
"289","2013-12-01 10:14:25","2013-12-01 10:19:14","379","W 31 St & 7 Ave","40.749156","-73.9916","472","E 32 St & Park Ave","40.7457121","-73.98194829","20783","Subscriber","1966","1"
"1487","2013-12-01 10:14:26","2013-12-01 10:39:13","244","Willoughby Ave & Hall St","40.69196035","-73.96536851","497","E 17 St & Broadway","40.73704984","-73.99009296","17903","Subscriber","1982","1"
"807","2013-12-01 10:14:28","2013-12-01 10:27:55","3002","South End Ave & Liberty St","40.711512","-74.015756","308","St James Pl & Oliver St","40.71307916","-73.99851193","20942","Subscriber","1967","2"
"113","2013-12-01 10:14:29","2013-12-01 10:16:22","398","Atlantic Ave & Furman St","40.69165183","-73.9999786","398","Atlantic Ave & Furman St","40.69165183","-73.9999786","15299","Subscriber","1984","1"
"281","2013-12-01 10:14:45","2013-12-01 10:19:26","487","E 20 St & FDR Drive","40.73314259","-73.97573881","504","1 Ave & E 15 St","40.73221853","-73.98165557","18780","Subscriber","1958","2"
"2171","2013-12-01 10:14:52","2013-12-01 10:51:03","157","Henry St & Atlantic Ave","40.69089272","-73.99612349","545","E 23 St & 1 Ave","40.736502","-73.97809472","15459","Subscriber","1977","2"
"1710","2013-12-01 10:14:54","2013-12-01 10:43:24","315","South St & Gouverneur Ln","40.70355377","-74.00670227","487","E 20 St & FDR Drive","40.73314259","-73.97573881","17362","Subscriber","1953","1"
"303","2013-12-01 10:14:56","2013-12-01 10:19:59","527","E 33 St & 1 Ave","40.74315566","-73.97434726","546","E 30 St & Park Ave S","40.74444921","-73.98303529","19023","Subscriber","1974","1"
"320","2013-12-01 10:15:02","2013-12-01 10:20:22","276","Duane St & Greenwich St","40.71748752","-74.0104554","257","Lispenard St & Broadway","40.71939226","-74.00247214","16303","Subscriber","1935","1"
"4373","2013-12-01 10:15:03","2013-12-01 11:27:56","253","W 13 St & 5 Ave","40.73543934","-73.99453948","218","Gallatin Pl & Livingston St","40.69028437","-73.98707105","16868","Customer",\N,"0"
"234","2013-12-01 10:15:06","2013-12-01 10:19:00","376","John St & William St","40.70862144","-74.00722156","534","Water - Whitehall Plaza","40.70255065","-74.0127234","16047","Subscriber","1971","1"
"1032","2013-12-01 10:15:13","2013-12-01 10:32:25","448","W 37 St & 10 Ave","40.75660359","-73.9979009","458","11 Ave & W 27 St","40.751396","-74.005226","17982","Customer",\N,"0"
"537","2013-12-01 10:15:15","2013-12-01 10:24:12","462","W 22 St & 10 Ave","40.74691959","-74.00451887","495","W 47 St & 10 Ave","40.76269882","-73.99301222","16531","Subscriber","1974","1"
"76","2013-12-01 10:15:16","2013-12-01 10:16:32","442","W 27 St & 7 Ave","40.746647","-73.993915","446","W 24 St & 7 Ave","40.74487634","-73.99529885","16911","Subscriber","1980","1"
"461","2013-12-01 10:15:20","2013-12-01 10:23:01","161","LaGuardia Pl & W 3 St","40.72917025","-73.99810231","503","E 20 St & Park Ave","40.73827428","-73.98751968","17701","Subscriber","1989","1"
"164","2013-12-01 10:15:22","2013-12-01 10:18:06","494","W 26 St & 8 Ave","40.74734825","-73.99723551","521","8 Ave & W 31 St","40.75044999","-73.99481051","19225","Subscriber","1984","2"
"983","2013-12-01 10:15:24","2013-12-01 10:31:47","448","W 37 St & 10 Ave","40.75660359","-73.9979009","470","W 20 St & 8 Ave","40.74345335","-74.00004031","18676","Customer",\N,"0"
"601","2013-12-01 10:15:25","2013-12-01 10:25:26","486","Broadway & W 29 St","40.7462009","-73.98855723","223","W 13 St & 7 Ave","40.73781509","-73.99994661","19604","Subscriber","1994","1"
"493","2013-12-01 10:15:33","2013-12-01 10:23:46","453","W 22 St & 8 Ave","40.74475148","-73.99915362","496","E 16 St & 5 Ave","40.73726186","-73.99238967","19060","Subscriber","1970","2"
"514","2013-12-01 10:15:33","2013-12-01 10:24:07","453","W 22 St & 8 Ave","40.74475148","-73.99915362","496","E 16 St & 5 Ave","40.73726186","-73.99238967","17539","Subscriber","1963","1"
"534","2013-12-01 10:15:39","2013-12-01 10:24:33","435","W 21 St & 6 Ave","40.74173969","-73.99415556","510","W 51 St & 6 Ave","40.7606597","-73.98042047","16995","Subscriber","1960","1"
"558","2013-12-01 10:15:47","2013-12-01 10:25:05","499","Broadway & W 60 St","40.76915505","-73.98191841","243","Fulton St & Rockwell Pl","40.687979","-73.978474","15671","Subscriber","1973","1"
"561","2013-12-01 10:15:49","2013-12-01 10:25:10","278","Concord St & Bridge St","40.69766564","-73.98476437","395","Bond St & Schermerhorn St","40.68807003","-73.98410637","15870","Subscriber","1988","2"
"339","2013-12-01 10:16:00","2013-12-01 10:21:39","545","E 23 St & 1 Ave","40.736502","-73.97809472","402","Broadway & E 22 St","40.7403432","-73.98955109","19501","Subscriber","1982","1"
"267","2013-12-01 10:16:01","2013-12-01 10:20:28","449","W 52 St & 9 Ave","40.76461837","-73.98789473","520","W 52 St & 5 Ave","40.75992262","-73.97648516","18258","Subscriber","1968","1"
"1126","2013-12-01 10:16:06","2013-12-01 10:34:52","152","Warren St & Church St","40.71473993","-74.00910627","540","Lexington Ave & E 26 St","40.74147286","-73.98320928","18099","Subscriber","1967","1"
"362","2013-12-01 10:16:14","2013-12-01 10:22:16","368","Carmine St & 6 Ave","40.73038599","-74.00214988","116","W 17 St & 8 Ave","40.74177603","-74.00149746","16640","Subscriber","1975","1"
"1617","2013-12-01 10:16:27","2013-12-01 10:43:24","290","2 Ave & E 58 St","40.76020258","-73.96478473","268","Howard St & Centre St","40.71910537","-73.99973337","18529","Subscriber","1990","2"
"414","2013-12-01 10:16:32","2013-12-01 10:23:26","168","W 18 St & 6 Ave","40.73971301","-73.99456405","294","Washington Square E","40.73049393","-73.9957214","20806","Subscriber","1987","2"
"470","2013-12-01 10:16:33","2013-12-01 10:24:23","285","Broadway & E 14 St","40.73454567","-73.99074142","510","W 51 St & 6 Ave","40.7606597","-73.98042047","19492","Subscriber","1965","2"
"448","2013-12-01 10:16:33","2013-12-01 10:24:01","410","Suffolk St & Stanton St","40.72066442","-73.98517977","504","1 Ave & E 15 St","40.73221853","-73.98165557","19412","Subscriber","1987","1"
"1193","2013-12-01 10:16:38","2013-12-01 10:36:31","518","E 39 St & 2 Ave","40.74780373","-73.9734419","263","Elizabeth St & Hester St","40.71729","-73.996375","20651","Subscriber","1984","2"
"1010","2013-12-01 10:16:39","2013-12-01 10:33:29","448","W 37 St & 10 Ave","40.75660359","-73.9979009","470","W 20 St & 8 Ave","40.74345335","-74.00004031","17486","Customer",\N,"0"
"532","2013-12-01 10:16:42","2013-12-01 10:25:34","380","W 4 St & 7 Ave S","40.73401143","-74.00293877","251","Mott St & Prince St","40.72317958","-73.99480012","19503","Subscriber","1984","2"
"1158","2013-12-01 10:16:44","2013-12-01 10:36:02","518","E 39 St & 2 Ave","40.74780373","-73.9734419","263","Elizabeth St & Hester St","40.71729","-73.996375","19183","Subscriber","1985","1"
"968","2013-12-01 10:16:53","2013-12-01 10:33:01","448","W 37 St & 10 Ave","40.75660359","-73.9979009","470","W 20 St & 8 Ave","40.74345335","-74.00004031","15427","Customer",\N,"0"
"566","2013-12-01 10:16:55","2013-12-01 10:26:21","297","E 15 St & 3 Ave","40.734232","-73.986923","531","Forsyth St & Broome St","40.71893904","-73.99266288","17174","Subscriber","1962","2"
"162","2013-12-01 10:17:03","2013-12-01 10:19:45","487","E 20 St & FDR Drive","40.73314259","-73.97573881","545","E 23 St & 1 Ave","40.736502","-73.97809472","17135","Subscriber","1987","1"
"1027","2013-12-01 10:17:14","2013-12-01 10:34:21","401","Allen St & Rivington St","40.72019576","-73.98997825","375","Mercer St & Bleecker St","40.72679454","-73.99695094","17660","Subscriber","1964","1"
"535","2013-12-01 10:17:23","2013-12-01 10:26:18","403","E 2 St & 2 Ave","40.72502876","-73.99069656","527","E 33 St & 1 Ave","40.74315566","-73.97434726","19847","Subscriber","1988","1"
"574","2013-12-01 10:17:30","2013-12-01 10:27:04","432","E 7 St & Avenue A","40.72621788","-73.98379855","285","Broadway & E 14 St","40.73454567","-73.99074142","18578","Subscriber","1948","1"
"387","2013-12-01 10:17:38","2013-12-01 10:24:05","433","E 13 St & Avenue A","40.72955361","-73.98057249","497","E 17 St & Broadway","40.73704984","-73.99009296","17888","Subscriber","1983","1"
"495","2013-12-01 10:17:39","2013-12-01 10:25:54","294","Washington Square E","40.73049393","-73.9957214","403","E 2 St & 2 Ave","40.72502876","-73.99069656","16328","Subscriber","1962","1"
"196","2013-12-01 10:17:40","2013-12-01 10:20:56","470","W 20 St & 8 Ave","40.74345335","-74.00004031","435","W 21 St & 6 Ave","40.74173969","-73.99415556","19346","Subscriber","1974","1"
"203","2013-12-01 10:17:42","2013-12-01 10:21:05","482","W 15 St & 7 Ave","40.73935542","-73.99931783","453","W 22 St & 8 Ave","40.74475148","-73.99915362","18449","Subscriber","1966","1"
"480","2013-12-01 10:17:43","2013-12-01 10:25:43","294","Washington Square E","40.73049393","-73.9957214","403","E 2 St & 2 Ave","40.72502876","-73.99069656","16821","Subscriber","1979","2"
"1858","2013-12-01 10:17:46","2013-12-01 10:48:44","290","2 Ave & E 58 St","40.76020258","-73.96478473","257","Lispenard St & Broadway","40.71939226","-74.00247214","16174","Subscriber","1985","2"
"322","2013-12-01 10:17:47","2013-12-01 10:23:09","325","E 19 St & 3 Ave","40.73624527","-73.98473765","487","E 20 St & FDR Drive","40.73314259","-73.97573881","15679","Subscriber","1963","1"
"492","2013-12-01 10:17:57","2013-12-01 10:26:09","446","W 24 St & 7 Ave","40.74487634","-73.99529885","459","W 20 St & 11 Ave","40.746745","-74.007756","16749","Subscriber","1957","1"
"316","2013-12-01 10:18:02","2013-12-01 10:23:18","365","Fulton St & Grand Ave","40.68223166","-73.9614583","274","Lafayette Ave & Fort Greene Pl","40.68691865","-73.976682","16684","Subscriber","1985","2"
"160","2013-12-01 10:18:06","2013-12-01 10:20:46","469","Broadway & W 53 St","40.76344058","-73.98268129","450","W 49 St & 8 Ave","40.76227205","-73.98788205","19140","Subscriber","1973","1"
"945","2013-12-01 10:18:09","2013-12-01 10:33:54","2003","1 Ave & E 18 St","40.73416059","-73.98024289","379","W 31 St & 7 Ave","40.749156","-73.9916","19614","Subscriber","1983","1"
"685","2013-12-01 10:18:24","2013-12-01 10:29:49","479","9 Ave & W 45 St","40.76019252","-73.9912551","137","E 56 St & Madison Ave","40.761628","-73.972924","16314","Customer",\N,"0"
"949","2013-12-01 10:18:27","2013-12-01 10:34:16","341","Stanton St & Mangin St","40.71782143","-73.97628939","263","Elizabeth St & Hester St","40.71729","-73.996375","20379","Subscriber","1963","1"
"858","2013-12-01 10:18:33","2013-12-01 10:32:51","368","Carmine St & 6 Ave","40.73038599","-74.00214988","361","Allen St & Hester St","40.71605866","-73.99190759","17142","Subscriber","1979","2"
"276","2013-12-01 10:18:41","2013-12-01 10:23:17","300","Shevchenko Pl & E 6 St","40.728145","-73.990214","312","Allen St & E Houston St","40.722055","-73.989111","16996","Subscriber","1985","1"
"826","2013-12-01 10:18:48","2013-12-01 10:32:34","513","W 56 St & 10 Ave","40.768254","-73.988639","490","8 Ave & W 33 St","40.751551","-73.993934","18616","Subscriber","1963","1"
"830","2013-12-01 10:18:56","2013-12-01 10:32:46","368","Carmine St & 6 Ave","40.73038599","-74.00214988","361","Allen St & Hester St","40.71605866","-73.99190759","17171","Subscriber","1981","1"
"188","2013-12-01 10:18:56","2013-12-01 10:22:04","473","Rivington St & Chrystie St","40.72110063","-73.9919254","312","Allen St & E Houston St","40.722055","-73.989111","17587","Subscriber","1965","1"
"775","2013-12-01 10:18:58","2013-12-01 10:31:53","361","Allen St & Hester St","40.71605866","-73.99190759","253","W 13 St & 5 Ave","40.73543934","-73.99453948","17613","Subscriber","1965","1"
"451","2013-12-01 10:19:05","2013-12-01 10:26:36","503","E 20 St & Park Ave","40.73827428","-73.98751968","482","W 15 St & 7 Ave","40.73935542","-73.99931783","18810","Subscriber","1941","1"
"349","2013-12-01 10:19:05","2013-12-01 10:24:54","435","W 21 St & 6 Ave","40.74173969","-73.99415556","434","9 Ave & W 18 St","40.74317449","-74.00366443","14574","Subscriber","1972","2"
"340","2013-12-01 10:19:08","2013-12-01 10:24:48","435","W 21 St & 6 Ave","40.74173969","-73.99415556","434","9 Ave & W 18 St","40.74317449","-74.00366443","17950","Subscriber","1973","1"
"504","2013-12-01 10:19:15","2013-12-01 10:27:39","417","Barclay St & Church St","40.71291224","-74.01020234","386","Centre St & Worth St","40.71494807","-74.00234482","15276","Subscriber","1977","1"
"1271","2013-12-01 10:19:26","2013-12-01 10:40:37","82","St James Pl & Pearl St","40.71117416","-74.00016545","335","Washington Pl & Broadway","40.72903917","-73.99404649","16708","Subscriber","1991","2"
"1717","2013-12-01 10:19:32","2013-12-01 10:48:09","152","Warren St & Church St","40.71473993","-74.00910627","293","Lafayette St & E 8 St","40.73028666","-73.9907647","18865","Customer",\N,"0"
"548","2013-12-01 10:19:50","2013-12-01 10:28:58","152","Warren St & Church St","40.71473993","-74.00910627","368","Carmine St & 6 Ave","40.73038599","-74.00214988","18349","Subscriber","1987","1"
"1623","2013-12-01 10:19:54","2013-12-01 10:46:57","82","St James Pl & Pearl St","40.71117416","-74.00016545","524","W 43 St & 6 Ave","40.75527307","-73.98316936","15468","Subscriber","1977","1"
"452","2013-12-01 10:20:01","2013-12-01 10:27:33","116","W 17 St & 8 Ave","40.74177603","-74.00149746","503","E 20 St & Park Ave","40.73827428","-73.98751968","19625","Subscriber","1962","2"
"182","2013-12-01 10:20:02","2013-12-01 10:23:04","426","West St & Chambers St","40.71754834","-74.01322069","152","Warren St & Church St","40.71473993","-74.00910627","18749","Subscriber","1978","2"
"811","2013-12-01 10:20:07","2013-12-01 10:33:38","412","Forsyth St & Canal St","40.7158155","-73.99422366","414","Pearl St & Anchorage Pl","40.70281858","-73.98765762","19388","Subscriber","1974","2"
"430","2013-12-01 10:20:10","2013-12-01 10:27:20","499","Broadway & W 60 St","40.76915505","-73.98191841","479","9 Ave & W 45 St","40.76019252","-73.9912551","14886","Subscriber","1974","2"
"339","2013-12-01 10:20:16","2013-12-01 10:25:55","337","Old Slip & Front St","40.7037992","-74.00838676","304","Broadway & Battery Pl","40.70463334","-74.01361706","14825","Subscriber","1975","1"
"395","2013-12-01 10:20:24","2013-12-01 10:26:59","380","W 4 St & 7 Ave S","40.73401143","-74.00293877","303","Mercer St & Spring St","40.72362738","-73.99949601","18492","Subscriber","1970","1"
"261","2013-12-01 10:20:31","2013-12-01 10:24:52","285","Broadway & E 14 St","40.73454567","-73.99074142","294","Washington Square E","40.73049393","-73.9957214","17715","Subscriber","1984","2"
"297","2013-12-01 10:20:32","2013-12-01 10:25:29","116","W 17 St & 8 Ave","40.74177603","-74.00149746","521","8 Ave & W 31 St","40.75044999","-73.99481051","16180","Subscriber","1975","2"
"543","2013-12-01 10:20:39","2013-12-01 10:29:42","328","Watts St & Greenwich St","40.72405549","-74.00965965","346","Bank St & Hudson St","40.73652889","-74.00618026","14543","Subscriber","1975","2"
"1088","2013-12-01 10:20:42","2013-12-01 10:38:50","366","Clinton Ave & Myrtle Ave","40.693261","-73.968896","2002","Wythe Ave & Metropolitan Ave","40.716887","-73.963198","17657","Subscriber","1982","2"
"188","2013-12-01 10:20:52","2013-12-01 10:24:00","306","Cliff St & Fulton St","40.70823502","-74.00530063","376","John St & William St","40.70862144","-74.00722156","19461","Subscriber","1978","1"
"797","2013-12-01 10:21:00","2013-12-01 10:34:17","442","W 27 St & 7 Ave","40.746647","-73.993915","377","6 Ave & Canal St","40.72243797","-74.00566443","20692","Subscriber","1955","1"
"1139","2013-12-01 10:21:04","2013-12-01 10:40:03","282","Kent Ave & S 11 St","40.70827295","-73.96834101","311","Norfolk St & Broome St","40.7172274","-73.98802084","18369","Subscriber","1953","1"
"541","2013-12-01 10:21:06","2013-12-01 10:30:07","263","Elizabeth St & Hester St","40.71729","-73.996375","400","Pitt St & Stanton St","40.71926081","-73.98178024","15967","Subscriber","1986","1"
"3967","2013-12-01 10:21:07","2013-12-01 11:27:14","455","1 Ave & E 44 St","40.75001986","-73.96905301","2006","Central Park S & 6 Ave","40.76590936","-73.97634151","18092","Customer",\N,"0"
"180","2013-12-01 10:21:09","2013-12-01 10:24:09","326","E 11 St & 1 Ave","40.72953837","-73.98426726","439","E 4 St & 2 Ave","40.7262807","-73.98978041","17484","Subscriber","1964","1"
"279","2013-12-01 10:21:09","2013-12-01 10:25:48","417","Barclay St & Church St","40.71291224","-74.01020234","363","West Thames St","40.70834698","-74.01713445","16960","Subscriber","1983","1"
"1552","2013-12-01 10:21:10","2013-12-01 10:47:02","426","West St & Chambers St","40.71754834","-74.01322069","459","W 20 St & 11 Ave","40.746745","-74.007756","18820","Customer",\N,"0"
"1539","2013-12-01 10:21:10","2013-12-01 10:46:49","426","West St & Chambers St","40.71754834","-74.01322069","459","W 20 St & 11 Ave","40.746745","-74.007756","16633","Subscriber","1965","1"
"1027","2013-12-01 10:21:10","2013-12-01 10:38:17","507","E 25 St & 2 Ave","40.73912601","-73.97973776","293","Lafayette St & E 8 St","40.73028666","-73.9907647","15353","Subscriber","1988","2"
"1043","2013-12-01 10:21:19","2013-12-01 10:38:42","341","Stanton St & Mangin St","40.71782143","-73.97628939","527","E 33 St & 1 Ave","40.74315566","-73.97434726","16634","Subscriber","1989","1"
"477","2013-12-01 10:21:39","2013-12-01 10:29:36","328","Watts St & Greenwich St","40.72405549","-74.00965965","346","Bank St & Hudson St","40.73652889","-74.00618026","20589","Subscriber","1974","1"
"333","2013-12-01 10:21:42","2013-12-01 10:27:15","346","Bank St & Hudson St","40.73652889","-74.00618026","168","W 18 St & 6 Ave","40.73971301","-73.99456405","18293","Subscriber","1973","1"
"804","2013-12-01 10:21:42","2013-12-01 10:35:06","128","MacDougal St & Prince St","40.72710258","-74.00297088","3002","South End Ave & Liberty St","40.711512","-74.015756","16834","Subscriber","1978","1"
"381","2013-12-01 10:21:47","2013-12-01 10:28:08","354","Emerson Pl & Myrtle Ave","40.69363137","-73.96223558","373","Willoughby Ave & Walworth St","40.69331716","-73.95381995","16559","Subscriber","1973","2"
"961","2013-12-01 10:21:48","2013-12-01 10:37:49","411","E 6 St & Avenue D","40.72228087","-73.97668709","380","W 4 St & 7 Ave S","40.73401143","-74.00293877","18848","Subscriber","1984","1"
"1147","2013-12-01 10:21:49","2013-12-01 10:40:56","472","E 32 St & Park Ave","40.7457121","-73.98194829","367","E 53 St & Lexington Ave","40.75828065","-73.97069431","20915","Customer",\N,"0"
"431","2013-12-01 10:22:02","2013-12-01 10:29:13","335","Washington Pl & Broadway","40.72903917","-73.99404649","128","MacDougal St & Prince St","40.72710258","-74.00297088","19163","Subscriber","1978","2"
"1085","2013-12-01 10:22:10","2013-12-01 10:40:15","472","E 32 St & Park Ave","40.7457121","-73.98194829","367","E 53 St & Lexington Ave","40.75828065","-73.97069431","17752","Customer",\N,"0"
"228","2013-12-01 10:22:20","2013-12-01 10:26:08","290","2 Ave & E 58 St","40.76020258","-73.96478473","522","E 51 St & Lexington Ave","40.75714758","-73.97207836","17192","Subscriber","1983","1"
"326","2013-12-01 10:22:36","2013-12-01 10:28:02","285","Broadway & E 14 St","40.73454567","-73.99074142","482","W 15 St & 7 Ave","40.73935542","-73.99931783","16802","Subscriber","1963","1"
"351","2013-12-01 10:22:39","2013-12-01 10:28:30","366","Clinton Ave & Myrtle Ave","40.693261","-73.968896","324","DeKalb Ave & Hudson Ave","40.689888","-73.981013","15229","Subscriber","1980","2"
"622","2013-12-01 10:22:39","2013-12-01 10:33:01","394","E 9 St & Avenue C","40.72521311","-73.97768752","382","University Pl & E 14 St","40.73492695","-73.99200509","18429","Subscriber","1978","1"
"500","2013-12-01 10:22:42","2013-12-01 10:31:02","503","E 20 St & Park Ave","40.73827428","-73.98751968","379","W 31 St & 7 Ave","40.749156","-73.9916","19443","Subscriber","1987","1"
"561","2013-12-01 10:22:45","2013-12-01 10:32:06","336","Sullivan St & Washington Sq","40.73047747","-73.99906065","405","Washington St & Gansevoort St","40.739323","-74.008119","19039","Subscriber","1954","1"
"396","2013-12-01 10:22:46","2013-12-01 10:29:22","127","Barrow St & Hudson St","40.73172428","-74.00674436","470","W 20 St & 8 Ave","40.74345335","-74.00004031","19101","Subscriber","1977","2"
"178","2013-12-01 10:22:50","2013-12-01 10:25:48","476","E 31 St & 3 Ave","40.74394314","-73.97966069","528","2 Ave & E 31 St","40.74290902","-73.97706058","14762","Subscriber","1989","1"
"1128","2013-12-01 10:22:53","2013-12-01 10:41:41","380","W 4 St & 7 Ave S","40.73401143","-74.00293877","328","Watts St & Greenwich St","40.72405549","-74.00965965","16401","Customer",\N,"0"
"978","2013-12-01 10:22:57","2013-12-01 10:39:15","487","E 20 St & FDR Drive","40.73314259","-73.97573881","348","W Broadway & Spring St","40.72490985","-74.00154702","17140","Subscriber","1983","2"
"271","2013-12-01 10:23:18","2013-12-01 10:27:49","380","W 4 St & 7 Ave S","40.73401143","-74.00293877","405","Washington St & Gansevoort St","40.739323","-74.008119","16943","Subscriber","1977","1"
"3565","2013-12-01 10:23:26","2013-12-01 11:22:51","508","W 46 St & 11 Ave","40.76341379","-73.99667444","304","Broadway & Battery Pl","40.70463334","-74.01361706","18213","Customer",\N,"0"
"884","2013-12-01 10:23:30","2013-12-01 10:38:14","364","Lafayette Ave & Classon Ave","40.68900443","-73.96023854","392","Jay St & Tech Pl","40.695065","-73.987167","14615","Subscriber","1974","2"
"924","2013-12-01 10:23:39","2013-12-01 10:39:03","346","Bank St & Hudson St","40.73652889","-74.00618026","376","John St & William St","40.70862144","-74.00722156","19539","Subscriber","1960","1"
"511","2013-12-01 10:23:40","2013-12-01 10:32:11","450","W 49 St & 8 Ave","40.76227205","-73.98788205","318","E 43 St & Vanderbilt Ave","40.75320159","-73.9779874","18321","Subscriber","1986","1"
"1605","2013-12-01 10:23:44","2013-12-01 10:50:29","514","12 Ave & W 40 St","40.76087502","-74.00277668","161","LaGuardia Pl & W 3 St","40.72917025","-73.99810231","20751","Subscriber","1979","1"
"545","2013-12-01 10:23:46","2013-12-01 10:32:51","330","Reade St & Broadway","40.71450451","-74.00562789","417","Barclay St & Church St","40.71291224","-74.01020234","16277","Customer",\N,"0"
"540","2013-12-01 10:23:48","2013-12-01 10:32:48","402","Broadway & E 22 St","40.7403432","-73.98955109","465","Broadway & W 41 St","40.75513557","-73.98658032","19481","Subscriber","1961","1"
"740","2013-12-01 10:23:53","2013-12-01 10:36:13","358","Christopher St & Greenwich St","40.73291553","-74.00711384","496","E 16 St & 5 Ave","40.73726186","-73.99238967","19638","Subscriber","1956","2"
"3530","2013-12-01 10:23:54","2013-12-01 11:22:44","508","W 46 St & 11 Ave","40.76341379","-73.99667444","304","Broadway & Battery Pl","40.70463334","-74.01361706","15388","Customer",\N,"0"
"487","2013-12-01 10:23:59","2013-12-01 10:32:06","151","Cleveland Pl & Spring St","40.7218158","-73.99720307","248","Laight St & Hudson St","40.72185379","-74.00771779","19533","Subscriber","1979","1"
"358","2013-12-01 10:23:59","2013-12-01 10:29:57","545","E 23 St & 1 Ave","40.736502","-73.97809472","402","Broadway & E 22 St","40.7403432","-73.98955109","17135","Subscriber","1977","1"
"809","2013-12-01 10:24:00","2013-12-01 10:37:29","494","W 26 St & 8 Ave","40.74734825","-73.99723551","294","Washington Square E","40.73049393","-73.9957214","19920","Subscriber","1990","2"
"534","2013-12-01 10:24:03","2013-12-01 10:32:57","276","Duane St & Greenwich St","40.71748752","-74.0104554","263","Elizabeth St & Hester St","40.71729","-73.996375","14771","Subscriber","1963","2"
"314","2013-12-01 10:24:23","2013-12-01 10:29:37","326","E 11 St & 1 Ave","40.72953837","-73.98426726","450","W 49 St & 8 Ave","40.76227205","-73.98788205","20580","Subscriber","1980","2"
"396","2013-12-01 10:24:25","2013-12-01 10:31:01","492","W 33 St & 7 Ave","40.75019995","-73.99093085","153","E 40 St & 5 Ave","40.752062307","-73.9816324043","17953","Subscriber","1960","1"
"858","2013-12-01 10:24:30","2013-12-01 10:38:48","515","W 43 St & 10 Ave","40.76009437","-73.99461843","540","Lexington Ave & E 26 St","40.74147286","-73.98320928","19034","Subscriber","1984","1"
"321","2013-12-01 10:24:44","2013-12-01 10:30:05","496","E 16 St & 5 Ave","40.73726186","-73.99238967","504","1 Ave & E 15 St","40.73221853","-73.98165557","20186","Subscriber","1953","1"
"9270","2013-12-01 10:24:50","2013-12-01 12:59:20","160","E 37 St & Lexington Ave","40.748238","-73.978311","375","Mercer St & Bleecker St","40.72679454","-73.99695094","20638","Subscriber","1977","1"
"449","2013-12-01 10:24:51","2013-12-01 10:32:20","526","E 33 St & 5 Ave","40.74765947","-73.98490707","373","Willoughby Ave & Walworth St","40.69331716","-73.95381995","17423","Subscriber","1986","1"
"209","2013-12-01 10:24:52","2013-12-01 10:28:21","486","Broadway & W 29 St","40.7462009","-73.98855723","444","Broadway & W 24 St","40.7423543","-73.98915076","14905","Subscriber","1983","2"
"521","2013-12-01 10:24:53","2013-12-01 10:33:34","509","9 Ave & W 22 St","40.7454973","-74.00197139","297","E 15 St & 3 Ave","40.734232","-73.986923","18263","Subscriber","1976","1"
"472","2013-12-01 10:24:55","2013-12-01 10:32:47","315","South St & Gouverneur Ln","40.70355377","-74.00670227","363","West Thames St","40.70834698","-74.01713445","15682","Subscriber","1975","1"
"729","2013-12-01 10:25:00","2013-12-01 10:37:09","497","E 17 St & Broadway","40.73704984","-73.99009296","531","Forsyth St & Broome St","40.71893904","-73.99266288","15803","Subscriber","1958","1"
"354","2013-12-01 10:25:06","2013-12-01 10:31:00","497","E 17 St & Broadway","40.73704984","-73.99009296","334","W 20 St & 7 Ave","40.74238787","-73.99726235","19267","Subscriber","1986","1"
"863","2013-12-01 10:25:13","2013-12-01 10:39:36","347","W Houston St & Hudson St","40.72873888","-74.00748842","260","Broad St & Bridge St","40.70365182","-74.01167797","19263","Subscriber","1974","1"
"230","2013-12-01 10:25:14","2013-12-01 10:29:04","395","Bond St & Schermerhorn St","40.68807003","-73.98410637","459","W 20 St & 11 Ave","40.746745","-74.007756","18098","Subscriber","1982","2"
"360","2013-12-01 10:25:15","2013-12-01 10:31:15","327","Vesey Pl & River Terrace","40.7153379","-74.01658354","328","Watts St & Greenwich St","40.72405549","-74.00965965","19047","Subscriber","1978","2"
"303","2013-12-01 10:25:16","2013-12-01 10:30:19","509","9 Ave & W 22 St","40.7454973","-74.00197139","168","W 18 St & 6 Ave","40.73971301","-73.99456405","16625","Subscriber","1967","1"
"381","2013-12-01 10:25:32","2013-12-01 10:31:53","151","Cleveland Pl & Spring St","40.7218158","-73.99720307","483","E 12 St & 3 Ave","40.73223272","-73.98889957","19968","Subscriber","1958","1"
"536","2013-12-01 10:25:34","2013-12-01 10:34:30","358","Christopher St & Greenwich St","40.73291553","-74.00711384","293","Lafayette St & E 8 St","40.73028666","-73.9907647","16103","Subscriber","1983","1"
"390","2013-12-01 10:25:59","2013-12-01 10:32:29","212","W 16 St & The High Line","40.74334935","-74.00681753","453","W 22 St & 8 Ave","40.74475148","-73.99915362","16466","Subscriber","1984","2"
"2265","2013-12-01 10:26:00","2013-12-01 11:03:45","499","Broadway & W 60 St","40.76915505","-73.98191841","2003","1 Ave & E 18 St","40.73416059","-73.98024289","17833","Subscriber","1947","2"
"404","2013-12-01 10:26:01","2013-12-01 10:32:45","280","E 10 St & 5 Ave","40.73331967","-73.99510132","284","Greenwich Ave & 8 Ave","40.7390169121","-74.0026376103","19608","Subscriber","1980","1"
"714","2013-12-01 10:26:03","2013-12-01 10:37:57","450","W 49 St & 8 Ave","40.76227205","-73.98788205","546","E 30 St & Park Ave S","40.74444921","-73.98303529","14878","Subscriber","1971","1"
"426","2013-12-01 10:26:06","2013-12-01 10:33:12","3002","South End Ave & Liberty St","40.711512","-74.015756","387","Centre St & Chambers St","40.71273266","-74.0046073","17247","Subscriber","1972","1"
"70","2013-12-01 10:26:15","2013-12-01 10:27:25","2003","1 Ave & E 18 St","40.73416059","-73.98024289","2003","1 Ave & E 18 St","40.73416059","-73.98024289","17571","Subscriber","1988","2"
"775","2013-12-01 10:26:16","2013-12-01 10:39:11","515","W 43 St & 10 Ave","40.76009437","-73.99461843","284","Greenwich Ave & 8 Ave","40.7390169121","-74.0026376103","18103","Subscriber","1980","1"
"602","2013-12-01 10:26:23","2013-12-01 10:36:25","247","Perry St & Bleecker St","40.73535398","-74.00483091","303","Mercer St & Spring St","40.72362738","-73.99949601","15482","Subscriber","1984","1"
"667","2013-12-01 10:26:24","2013-12-01 10:37:31","358","Christopher St & Greenwich St","40.73291553","-74.00711384","250","Lafayette St & Jersey St","40.72456089","-73.99565293","18286","Subscriber","1983","1"
"321","2013-12-01 10:26:43","2013-12-01 10:32:04","284","Greenwich Ave & 8 Ave","40.7390169121","-74.0026376103","446","W 24 St & 7 Ave","40.74487634","-73.99529885","19663","Subscriber","1960","1"
"499","2013-12-01 10:26:43","2013-12-01 10:35:02","458","11 Ave & W 27 St","40.751396","-74.005226","151","Cleveland Pl & Spring St","40.7218158","-73.99720307","19590","Subscriber","1985","2"
"95","2013-12-01 10:26:43","2013-12-01 10:28:18","500","Broadway & W 51 St","40.76228826","-73.98336183","500","Broadway & W 51 St","40.76228826","-73.98336183","20342","Subscriber","1978","1"
"330","2013-12-01 10:26:46","2013-12-01 10:32:16","475","E 16 St & Irving Pl","40.73524276","-73.98758561","402","Broadway & E 22 St","40.7403432","-73.98955109","20835","Subscriber","1973","1"
"265","2013-12-01 10:26:53","2013-12-01 10:31:18","509","9 Ave & W 22 St","40.7454973","-74.00197139","403","E 2 St & 2 Ave","40.72502876","-73.99069656","20231","Subscriber","1984","1"
"408","2013-12-01 10:26:55","2013-12-01 10:33:43","2004","6 Ave & Broome St","40.724399","-74.004704","531","Forsyth St & Broome St","40.71893904","-73.99266288","16999","Subscriber","1982","1"
"481","2013-12-01 10:27:11","2013-12-01 10:35:12","356","Bialystoker Pl & Delancey St","40.71622644","-73.98261206","412","Forsyth St & Canal St","40.7158155","-73.99422366","19576","Subscriber","1951","1"
"759","2013-12-01 10:27:16","2013-12-01 10:39:55","342","Columbia St & Rivington St","40.71739973","-73.98016555","263","Elizabeth St & Hester St","40.71729","-73.996375","15083","Subscriber","1963","2"
"408","2013-12-01 10:27:19","2013-12-01 10:34:07","340","Madison St & Clinton St","40.71269042","-73.98776323","265","Stanton St & Chrystie St","40.72229346","-73.99147535","15650","Subscriber","1987","1"
"623","2013-12-01 10:27:20","2013-12-01 10:37:43","325","E 19 St & 3 Ave","40.73624527","-73.98473765","470","W 20 St & 8 Ave","40.74345335","-74.00004031","15703","Subscriber","1983","1"
"509","2013-12-01 10:27:20","2013-12-01 10:35:49","477","W 41 St & 8 Ave","40.75640548","-73.9900262","456","E 53 St & Madison Ave","40.7597108","-73.97402311","19154","Subscriber","1964","1"
"499","2013-12-01 10:27:22","2013-12-01 10:35:41","402","Broadway & E 22 St","40.7403432","-73.98955109","336","Sullivan St & Washington Sq","40.73047747","-73.99906065","19971","Subscriber","1967","1"
"253","2013-12-01 10:27:26","2013-12-01 10:31:39","265","Stanton St & Chrystie St","40.72229346","-73.99147535","531","Forsyth St & Broome St","40.71893904","-73.99266288","18508","Subscriber","1965","2"
"1130","2013-12-01 10:27:26","2013-12-01 10:46:16","223","W 13 St & 7 Ave","40.73781509","-73.99994661","153","E 40 St & 5 Ave","40.752062307","-73.9816324043","20916","Subscriber","1962","1"
"1502","2013-12-01 10:27:28","2013-12-01 10:52:30","432","E 7 St & Avenue A","40.72621788","-73.98379855","499","Broadway & W 60 St","40.76915505","-73.98191841","20900","Subscriber","1984","1"
"755","2013-12-01 10:27:30","2013-12-01 10:40:05","349","Rivington St & Ridge St","40.71850211","-73.98329859","280","E 10 St & 5 Ave","40.73331967","-73.99510132","18798","Subscriber","1945","1"
"966","2013-12-01 10:27:40","2013-12-01 10:43:46","293","Lafayette St & E 8 St","40.73028666","-73.9907647","320","Church St & Leonard St","40.71743998","-74.00583475","18432","Subscriber","1964","1"
"439","2013-12-01 10:27:45","2013-12-01 10:35:04","446","W 24 St & 7 Ave","40.74487634","-73.99529885","540","Lexington Ave & E 26 St","40.74147286","-73.98320928","16442","Subscriber","1982","2"
"356","2013-12-01 10:27:45","2013-12-01 10:33:41","401","Allen St & Rivington St","40.72019576","-73.98997825","151","Cleveland Pl & Spring St","40.7218158","-73.99720307","16028","Subscriber","1988","2"
"658","2013-12-01 10:27:48","2013-12-01 10:38:46","427","State St","40.70251526","-74.01427023","377","6 Ave & Canal St","40.72243797","-74.00566443","19580","Subscriber","1963","1"
"1235","2013-12-01 10:27:53","2013-12-01 10:48:28","454","E 51 St & 1 Ave","40.75455731","-73.96592976","294","Washington Square E","40.73049393","-73.9957214","19748","Subscriber","1966","1"
"978","2013-12-01 10:27:54","2013-12-01 10:44:12","293","Lafayette St & E 8 St","40.73028666","-73.9907647","320","Church St & Leonard St","40.71743998","-74.00583475","14800","Subscriber","1971","2"
"181","2013-12-01 10:28:01","2013-12-01 10:31:02","329","Greenwich St & N Moore St","40.72043411","-74.01020609","147","Greenwich St & Warren St","40.71542197","-74.01121978","15170","Subscriber","1963","1"
"336","2013-12-01 10:28:02","2013-12-01 10:33:38","304","Broadway & Battery Pl","40.70463334","-74.01361706","316","Fulton St & William St","40.70955958","-74.00653609","14825","Subscriber","1975","1"
"2226","2013-12-01 10:28:02","2013-12-01 11:05:08","150","E 2 St & Avenue C","40.7208736","-73.98085795","251","Mott St & Prince St","40.72317958","-73.99480012","20046","Subscriber","1973","1"
"203","2013-12-01 10:28:18","2013-12-01 10:31:41","391","Clark St & Henry St","40.69760127","-73.99344559","157","Henry St & Atlantic Ave","40.69089272","-73.99612349","19790","Subscriber","1969","1"
"249","2013-12-01 10:28:27","2013-12-01 10:32:36","518","E 39 St & 2 Ave","40.74780373","-73.9734419","528","2 Ave & E 31 St","40.74290902","-73.97706058","20329","Subscriber","1990","2"
"1180","2013-12-01 10:28:29","2013-12-01 10:48:09","152","Warren St & Church St","40.71473993","-74.00910627","293","Lafayette St & E 8 St","40.73028666","-73.9907647","17904","Customer",\N,"0"
"246","2013-12-01 10:28:30","2013-12-01 10:32:36","350","Clinton St & Grand St","40.71559509","-73.9870295","401","Allen St & Rivington St","40.72019576","-73.98997825","20567","Subscriber","1988","1"
"182","2013-12-01 10:28:37","2013-12-01 10:31:39","2023","E 55 St & Lexington Ave","40.75968085","-73.97031366","359","E 47 St & Park Ave","40.75510267","-73.97498696","16041","Subscriber","1978","1"
"212","2013-12-01 10:28:43","2013-12-01 10:32:15","346","Bank St & Hudson St","40.73652889","-74.00618026","116","W 17 St & 8 Ave","40.74177603","-74.00149746","19423","Subscriber","1965","1"
"337","2013-12-01 10:28:48","2013-12-01 10:34:25","79","Franklin St & W Broadway","40.71911552","-74.00666661","417","Barclay St & Church St","40.71291224","-74.01020234","17804","Subscriber","1962","2"
"589","2013-12-01 10:28:53","2013-12-01 10:38:42","531","Forsyth St & Broome St","40.71893904","-73.99266288","537","Lexington Ave & E 24 St","40.74025878","-73.98409214","19605","Subscriber","1979","1"
"279","2013-12-01 10:28:56","2013-12-01 10:33:35","276","Duane St & Greenwich St","40.71748752","-74.0104554","327","Vesey Pl & River Terrace","40.7153379","-74.01658354","16743","Subscriber","1951","2"
"453","2013-12-01 10:28:57","2013-12-01 10:36:30","492","W 33 St & 7 Ave","40.75019995","-73.99093085","223","W 13 St & 7 Ave","40.73781509","-73.99994661","18394","Subscriber","1983","1"
"1036","2013-12-01 10:29:00","2013-12-01 10:46:16","466","W 25 St & 6 Ave","40.74395411","-73.99144871","508","W 46 St & 11 Ave","40.76341379","-73.99667444","16481","Subscriber","1983","2"
"523","2013-12-01 10:29:01","2013-12-01 10:37:44","511","E 14 St & Avenue B","40.72938685","-73.97772429","497","E 17 St & Broadway","40.73704984","-73.99009296","16149","Subscriber","1987","2"
"982","2013-12-01 10:29:26","2013-12-01 10:45:48","274","Lafayette Ave & Fort Greene Pl","40.68691865","-73.976682","143","Clinton St & Joralemon St","40.69239502","-73.99337909","18966","Subscriber","1949","2"
"257","2013-12-01 10:29:27","2013-12-01 10:33:44","518","E 39 St & 2 Ave","40.74780373","-73.9734419","528","2 Ave & E 31 St","40.74290902","-73.97706058","18464","Subscriber","1988","1"
"1542","2013-12-01 10:29:35","2013-12-01 10:55:17","464","E 56 St & 3 Ave","40.75934501","-73.96759673","212","W 16 St & The High Line","40.74334935","-74.00681753","14915","Subscriber","1987","2"
"1072","2013-12-01 10:29:36","2013-12-01 10:47:28","281","Grand Army Plaza & Central Park S","40.7643971","-73.97371465","519","Pershing Square N","40.75188406","-73.97770164","19983","Customer",\N,"0"
"303","2013-12-01 10:29:38","2013-12-01 10:34:41","322","Clinton St & Tillary St","40.696192","-73.991218","430","York St & Jay St","40.7014851","-73.98656928","19115","Subscriber","1981","1"
"2251","2013-12-01 10:29:38","2013-12-01 11:07:09","2008","Little West St & 1 Pl","40.70569254","-74.01677685","405","Washington St & Gansevoort St","40.739323","-74.008119","16021","Subscriber","1974","1"
"456","2013-12-01 10:29:45","2013-12-01 10:37:21","294","Washington Square E","40.73049393","-73.9957214","79","Franklin St & W Broadway","40.71911552","-74.00666661","18909","Subscriber","1953","1"
"1073","2013-12-01 10:29:45","2013-12-01 10:47:38","527","E 33 St & 1 Ave","40.74315566","-73.97434726","525","W 34 St & 11 Ave","40.75594159","-74.0021163","18867","Subscriber","1975","2"
"352","2013-12-01 10:29:48","2013-12-01 10:35:40","528","2 Ave & E 31 St","40.74290902","-73.97706058","174","E 25 St & 1 Ave","40.7381765","-73.97738662","19939","Subscriber","1947","1"
"393","2013-12-01 10:30:03","2013-12-01 10:36:36","482","W 15 St & 7 Ave","40.73935542","-73.99931783","497","E 17 St & Broadway","40.73704984","-73.99009296","16802","Subscriber","1962","2"
"1140","2013-12-01 10:30:16","2013-12-01 10:49:16","518","E 39 St & 2 Ave","40.74780373","-73.9734419","509","9 Ave & W 22 St","40.7454973","-74.00197139","18154","Subscriber","1969","1"
"3143","2013-12-01 10:30:23","2013-12-01 11:22:46","508","W 46 St & 11 Ave","40.76341379","-73.99667444","304","Broadway & Battery Pl","40.70463334","-74.01361706","15231","Customer",\N,"0"
"289","2013-12-01 10:30:24","2013-12-01 10:35:13","326","E 11 St & 1 Ave","40.72953837","-73.98426726","285","Broadway & E 14 St","40.73454567","-73.99074142","16431","Subscriber","1984","2"
"2211","2013-12-01 10:30:27","2013-12-01 11:07:18","426","West St & Chambers St","40.71754834","-74.01322069","487","E 20 St & FDR Drive","40.73314259","-73.97573881","16953","Subscriber","1963","1"
"458","2013-12-01 10:30:34","2013-12-01 10:38:12","513","W 56 St & 10 Ave","40.768254","-73.988639","479","9 Ave & W 45 St","40.76019252","-73.9912551","15606","Subscriber","1954","1"
"365","2013-12-01 10:30:38","2013-12-01 10:36:43","236","St Marks Pl & 2 Ave","40.7284186","-73.98713956","161","LaGuardia Pl & W 3 St","40.72917025","-73.99810231","16930","Subscriber","1987","1"
"733","2013-12-01 10:30:47","2013-12-01 10:43:00","466","W 25 St & 6 Ave","40.74395411","-73.99144871","128","MacDougal St & Prince St","40.72710258","-74.00297088","20652","Subscriber","1953","1"
"542","2013-12-01 10:30:52","2013-12-01 10:39:54","472","E 32 St & Park Ave","40.7457121","-73.98194829","285","Broadway & E 14 St","40.73454567","-73.99074142","18367","Subscriber","1973","2"
"3125","2013-12-01 10:30:52","2013-12-01 11:22:57","508","W 46 St & 11 Ave","40.76341379","-73.99667444","304","Broadway & Battery Pl","40.70463334","-74.01361706","19510","Customer",\N,"0"
"1058","2013-12-01 10:30:55","2013-12-01 10:48:33","472","E 32 St & Park Ave","40.7457121","-73.98194829","404","9 Ave & W 14 St","40.7405826","-74.00550867","16807","Subscriber","1974","1"
"672","2013-12-01 10:31:07","2013-12-01 10:42:19","515","W 43 St & 10 Ave","40.76009437","-73.99461843","524","W 43 St & 6 Ave","40.75527307","-73.98316936","19654","Subscriber","1942","1"
"625","2013-12-01 10:31:11","2013-12-01 10:41:36","328","Watts St & Greenwich St","40.72405549","-74.00965965","355","Bayard St & Baxter St","40.71602118","-73.99974372","16883","Subscriber","1953","2"
"724","2013-12-01 10:31:24","2013-12-01 10:43:28","545","E 23 St & 1 Ave","40.736502","-73.97809472","349","Rivington St & Ridge St","40.71850211","-73.98329859","17557","Subscriber","1970","1"
"770","2013-12-01 10:31:31","2013-12-01 10:44:21","505","6 Ave & W 33 St","40.74901271","-73.98848395","2006","Central Park S & 6 Ave","40.76590936","-73.97634151","18344","Subscriber","1966","2"
"401","2013-12-01 10:31:37","2013-12-01 10:38:18","250","Lafayette St & Jersey St","40.72456089","-73.99565293","79","Franklin St & W Broadway","40.71911552","-74.00666661","15869","Subscriber","1956","1"
"166","2013-12-01 10:31:39","2013-12-01 10:34:25","323","Lawrence St & Willoughby St","40.69236178","-73.98631746","310","State St & Smith St","40.68926942","-73.98912867","18303","Subscriber","1986","1"
"419","2013-12-01 10:31:49","2013-12-01 10:38:48","403","E 2 St & 2 Ave","40.72502876","-73.99069656","253","W 13 St & 5 Ave","40.73543934","-73.99453948","19651","Subscriber","1989","1"
"832","2013-12-01 10:31:49","2013-12-01 10:45:41","504","1 Ave & E 15 St","40.73221853","-73.98165557","412","Forsyth St & Canal St","40.7158155","-73.99422366","16125","Subscriber","1967","2"
"425","2013-12-01 10:31:49","2013-12-01 10:38:54","403","E 2 St & 2 Ave","40.72502876","-73.99069656","253","W 13 St & 5 Ave","40.73543934","-73.99453948","17113","Subscriber","1981","2"
"703","2013-12-01 10:31:59","2013-12-01 10:43:42","284","Greenwich Ave & 8 Ave","40.7390169121","-74.0026376103","326","E 11 St & 1 Ave","40.72953837","-73.98426726","17078","Subscriber","1978","1"
"809","2013-12-01 10:32:09","2013-12-01 10:45:38","504","1 Ave & E 15 St","40.73221853","-73.98165557","412","Forsyth St & Canal St","40.7158155","-73.99422366","18852","Subscriber","1965","1"
"491","2013-12-01 10:32:18","2013-12-01 10:40:29","417","Barclay St & Church St","40.71291224","-74.01020234","79","Franklin St & W Broadway","40.71911552","-74.00666661","15270","Customer",\N,"0"
"1825","2013-12-01 10:32:19","2013-12-01 11:02:44","137","E 56 St & Madison Ave","40.761628","-73.972924","523","W 38 St & 8 Ave","40.75466591","-73.99138152","20949","Customer",\N,"0"
"573","2013-12-01 10:32:44","2013-12-01 10:42:17","146","Hudson St & Reade St","40.71625008","-74.0091059","303","Mercer St & Spring St","40.72362738","-73.99949601","19782","Subscriber","1981","1"
"788","2013-12-01 10:32:48","2013-12-01 10:45:56","128","MacDougal St & Prince St","40.72710258","-74.00297088","465","Broadway & W 41 St","40.75513557","-73.98658032","19415","Subscriber","1971","1"
"217","2013-12-01 10:33:03","2013-12-01 10:36:40","391","Clark St & Henry St","40.69760127","-73.99344559","157","Henry St & Atlantic Ave","40.69089272","-73.99612349","15456","Subscriber","1987","2"
"537","2013-12-01 10:33:03","2013-12-01 10:42:00","459","W 20 St & 11 Ave","40.746745","-74.007756","336","Sullivan St & Washington Sq","40.73047747","-73.99906065","18950","Subscriber","1989","1"
"656","2013-12-01 10:33:03","2013-12-01 10:43:59","450","W 49 St & 8 Ave","40.76227205","-73.98788205","263","Elizabeth St & Hester St","40.71729","-73.996375","20580","Subscriber","1979","1"
"399","2013-12-01 10:33:08","2013-12-01 10:39:47","394","E 9 St & Avenue C","40.72521311","-73.97768752","293","Lafayette St & E 8 St","40.73028666","-73.9907647","16866","Subscriber","1950","1"
"447","2013-12-01 10:33:13","2013-12-01 10:40:40","238","Bank St & Washington St","40.7361967","-74.00859207","168","W 18 St & 6 Ave","40.73971301","-73.99456405","20698","Subscriber","1973","1"
"199","2013-12-01 10:33:14","2013-12-01 10:36:33","391","Clark St & Henry St","40.69760127","-73.99344559","157","Henry St & Atlantic Ave","40.69089272","-73.99612349","16899","Subscriber","1986","1"
"172","2013-12-01 10:33:18","2013-12-01 10:36:10","416","Cumberland St & Lafayette Ave","40.68753406","-73.97265183","271","Ashland Pl & Hanson Pl","40.68528172","-73.97805813","15236","Subscriber","1978","1"
"618","2013-12-01 10:33:26","2013-12-01 10:43:44","453","W 22 St & 8 Ave","40.74475148","-73.99915362","253","W 13 St & 5 Ave","40.73543934","-73.99453948","15777","Subscriber","1984","1"
"483","2013-12-01 10:33:32","2013-12-01 10:41:35","405","Washington St & Gansevoort St","40.739323","-74.008119","348","W Broadway & Spring St","40.72490985","-74.00154702","16943","Subscriber","1986","1"
"585","2013-12-01 10:33:40","2013-12-01 10:43:25","453","W 22 St & 8 Ave","40.74475148","-73.99915362","253","W 13 St & 5 Ave","40.73543934","-73.99453948","16466","Subscriber","1985","2"
"230","2013-12-01 10:34:00","2013-12-01 10:37:50","375","Mercer St & Bleecker St","40.72679454","-73.99695094","300","Shevchenko Pl & E 6 St","40.728145","-73.990214","19565","Subscriber","1983","1"
"303","2013-12-01 10:34:03","2013-12-01 10:39:06","405","Washington St & Gansevoort St","40.739323","-74.008119","368","Carmine St & 6 Ave","40.73038599","-74.00214988","16017","Subscriber","1976","1"
"783","2013-12-01 10:34:22","2013-12-01 10:47:25","503","E 20 St & Park Ave","40.73827428","-73.98751968","367","E 53 St & Lexington Ave","40.75828065","-73.97069431","17246","Subscriber","1988","2"
"723","2013-12-01 10:34:23","2013-12-01 10:46:26","72","W 52 St & 11 Ave","40.76727216","-73.99392888","352","W 56 St & 6 Ave","40.76340613","-73.97722479","16704","Subscriber","1962","2"
"325","2013-12-01 10:34:24","2013-12-01 10:39:49","311","Norfolk St & Broome St","40.7172274","-73.98802084","265","Stanton St & Chrystie St","40.72229346","-73.99147535","16166","Subscriber","1980","1"
"439","2013-12-01 10:34:28","2013-12-01 10:41:47","454","E 51 St & 1 Ave","40.75455731","-73.96592976","528","2 Ave & E 31 St","40.74290902","-73.97706058","17561","Subscriber","1969","1"
"401","2013-12-01 10:34:31","2013-12-01 10:41:12","511","E 14 St & Avenue B","40.72938685","-73.97772429","297","E 15 St & 3 Ave","40.734232","-73.986923","15473","Subscriber","1970","1"
"557","2013-12-01 10:34:31","2013-12-01 10:43:48","127","Barrow St & Hudson St","40.73172428","-74.00674436","435","W 21 St & 6 Ave","40.74173969","-73.99415556","20699","Subscriber","1980","1"
"1531","2013-12-01 10:34:37","2013-12-01 11:00:08","363","West Thames St","40.70834698","-74.01713445","237","E 11 St & 2 Ave","40.73047309","-73.98672378","14985","Subscriber","1959","1"
"798","2013-12-01 10:34:37","2013-12-01 10:47:55","335","Washington Pl & Broadway","40.72903917","-73.99404649","463","9 Ave & W 16 St","40.74206539","-74.00443172","18194","Subscriber","1981","1"
"884","2013-12-01 10:34:41","2013-12-01 10:49:25","251","Mott St & Prince St","40.72317958","-73.99480012","486","Broadway & W 29 St","40.7462009","-73.98855723","16204","Subscriber","1990","1"
"471","2013-12-01 10:34:45","2013-12-01 10:42:36","466","W 25 St & 6 Ave","40.74395411","-73.99144871","254","W 11 St & 6 Ave","40.73532427","-73.99800419","17187","Subscriber","1963","1"
"769","2013-12-01 10:34:46","2013-12-01 10:47:35","464","E 56 St & 3 Ave","40.75934501","-73.96759673","499","Broadway & W 60 St","40.76915505","-73.98191841","18687","Customer",\N,"0"
"334","2013-12-01 10:34:54","2013-12-01 10:40:28","311","Norfolk St & Broome St","40.7172274","-73.98802084","458","11 Ave & W 27 St","40.751396","-74.005226","19889","Subscriber","1974","2"
"276","2013-12-01 10:34:55","2013-12-01 10:39:31","244","Willoughby Ave & Hall St","40.69196035","-73.96536851","384","Fulton St & Waverly Ave","40.68317813","-73.9659641","15620","Subscriber","1979","1"
"748","2013-12-01 10:35:01","2013-12-01 10:47:29","411","E 6 St & Avenue D","40.72228087","-73.97668709","483","E 12 St & 3 Ave","40.73223272","-73.98889957","18614","Subscriber","1961","1"
"418","2013-12-01 10:35:06","2013-12-01 10:42:04","410","Suffolk St & Stanton St","40.72066442","-73.98517977","295","Pike St & E Broadway","40.71406667","-73.99293911","19315","Subscriber","1975","1"
"780","2013-12-01 10:35:11","2013-12-01 10:48:11","254","W 11 St & 6 Ave","40.73532427","-73.99800419","317","E 6 St & Avenue B","40.72453734","-73.98185424","17819","Subscriber","1982","1"
"247","2013-12-01 10:35:17","2013-12-01 10:39:24","435","W 21 St & 6 Ave","40.74173969","-73.99415556","453","W 22 St & 8 Ave","40.74475148","-73.99915362","20191","Subscriber","1989","1"
"237","2013-12-01 10:35:26","2013-12-01 10:39:23","435","W 21 St & 6 Ave","40.74173969","-73.99415556","453","W 22 St & 8 Ave","40.74475148","-73.99915362","19346","Subscriber","1989","2"
"471","2013-12-01 10:35:28","2013-12-01 10:43:19","382","University Pl & E 14 St","40.73492695","-73.99200509","459","W 20 St & 11 Ave","40.746745","-74.007756","19507","Subscriber","1979","1"
"591","2013-12-01 10:35:31","2013-12-01 10:45:22","405","Washington St & Gansevoort St","40.739323","-74.008119","435","W 21 St & 6 Ave","40.74173969","-73.99415556","15142","Subscriber","1965","2"
"1255","2013-12-01 10:35:32","2013-12-01 10:56:27","475","E 16 St & Irving Pl","40.73524276","-73.98758561","394","E 9 St & Avenue C","40.72521311","-73.97768752","15535","Subscriber","1965","1"
"794","2013-12-01 10:35:37","2013-12-01 10:48:51","482","W 15 St & 7 Ave","40.73935542","-73.99931783","151","Cleveland Pl & Spring St","40.7218158","-73.99720307","14636","Subscriber","1947","1"
"230","2013-12-01 10:35:39","2013-12-01 10:39:29","258","DeKalb Ave & Vanderbilt Ave","40.68940747","-73.96885458","324","DeKalb Ave & Hudson Ave","40.689888","-73.981013","16618","Subscriber","1955","1"
"477","2013-12-01 10:35:42","2013-12-01 10:43:39","263","Elizabeth St & Hester St","40.71729","-73.996375","295","Pike St & E Broadway","40.71406667","-73.99293911","20576","Subscriber","1983","2"
"765","2013-12-01 10:35:43","2013-12-01 10:48:28","335","Washington Pl & Broadway","40.72903917","-73.99404649","463","9 Ave & W 16 St","40.74206539","-74.00443172","15738","Subscriber","1978","2"
"569","2013-12-01 10:35:59","2013-12-01 10:45:28","340","Madison St & Clinton St","40.71269042","-73.98776323","340","Madison St & Clinton St","40.71269042","-73.98776323","20014","Subscriber","1963","1"
"467","2013-12-01 10:36:00","2013-12-01 10:43:47","307","Canal St & Rutgers St","40.71427487","-73.98990025","432","E 7 St & Avenue A","40.72621788","-73.98379855","18744","Subscriber","1962","2"
"809","2013-12-01 10:36:04","2013-12-01 10:49:33","462","W 22 St & 10 Ave","40.74691959","-74.00451887","538","W 49 St & 5 Ave","40.75795248","-73.97787642","18105","Subscriber","1983","2"
"114","2013-12-01 10:36:05","2013-12-01 10:37:59","406","Hicks St & Montague St","40.69512845","-73.99595065","391","Clark St & Henry St","40.69760127","-73.99344559","17614","Subscriber","1983","1"
"486","2013-12-01 10:36:15","2013-12-01 10:44:21","457","Broadway & W 58 St","40.76695317","-73.98169333","484","W 44 St & 5 Ave","40.75500254","-73.98014437","20524","Subscriber","1967","1"
"627","2013-12-01 10:36:16","2013-12-01 10:46:43","265","Stanton St & Chrystie St","40.72229346","-73.99147535","223","W 13 St & 7 Ave","40.73781509","-73.99994661","15108","Subscriber","1987","1"
"667","2013-12-01 10:36:17","2013-12-01 10:47:24","464","E 56 St & 3 Ave","40.75934501","-73.96759673","499","Broadway & W 60 St","40.76915505","-73.98191841","18046","Customer",\N,"0"
"390","2013-12-01 10:36:18","2013-12-01 10:42:48","435","W 21 St & 6 Ave","40.74173969","-73.99415556","512","W 29 St & 9 Ave","40.7500727","-73.99839279","15113","Subscriber","1974","1"
"241","2013-12-01 10:36:19","2013-12-01 10:40:20","412","Forsyth St & Canal St","40.7158155","-73.99422366","307","Canal St & Rutgers St","40.71427487","-73.98990025","16913","Subscriber","1985","1"
"486","2013-12-01 10:36:20","2013-12-01 10:44:26","490","8 Ave & W 33 St","40.751551","-73.993934","484","W 44 St & 5 Ave","40.75500254","-73.98014437","18363","Subscriber","1973","1"
"258","2013-12-01 10:36:26","2013-12-01 10:40:44","473","Rivington St & Chrystie St","40.72110063","-73.9919254","361","Allen St & Hester St","40.71605866","-73.99190759","15962","Subscriber","1984","2"
"985","2013-12-01 10:36:35","2013-12-01 10:53:00","332","Cherry St","40.71219906","-73.97948148","445","E 10 St & Avenue A","40.72740794","-73.98142006","19904","Subscriber","1965","2"
"123","2013-12-01 10:36:37","2013-12-01 10:38:40","368","Carmine St & 6 Ave","40.73038599","-74.00214988","369","Washington Pl & 6 Ave","40.73224119","-74.00026394","18168","Subscriber","1981","1"
"1161","2013-12-01 10:36:56","2013-12-01 10:56:17","263","Elizabeth St & Hester St","40.71729","-73.996375","444","Broadway & W 24 St","40.7423543","-73.98915076","18994","Subscriber","1981","1"
"517","2013-12-01 10:36:58","2013-12-01 10:45:35","488","W 39 St & 9 Ave","40.75645824","-73.99372222","458","11 Ave & W 27 St","40.751396","-74.005226","19837","Subscriber","1993","1"
"669","2013-12-01 10:37:07","2013-12-01 10:48:16","316","Fulton St & William St","40.70955958","-74.00653609","2010","Grand St & Greene St","40.72165481","-74.00234737","14825","Subscriber","1975","1"
"412","2013-12-01 10:37:08","2013-12-01 10:44:00","502","Henry St & Grand St","40.714215","-73.981346","428","E 3 St & 1 Ave","40.72467721","-73.98783413","17155","Subscriber","1976","1"
"729","2013-12-01 10:37:13","2013-12-01 10:49:22","242","Flushing Ave & Carlton Ave","40.69788349","-73.97350332","2002","Wythe Ave & Metropolitan Ave","40.716887","-73.963198","17595","Subscriber","1984","1"
"413","2013-12-01 10:37:16","2013-12-01 10:44:09","527","E 33 St & 1 Ave","40.74315566","-73.97434726","379","W 31 St & 7 Ave","40.749156","-73.9916","20683","Subscriber","1989","1"
"756","2013-12-01 10:37:17","2013-12-01 10:49:53","476","E 31 St & 3 Ave","40.74394314","-73.97966069","336","Sullivan St & Washington Sq","40.73047747","-73.99906065","14979","Subscriber","1985","1"
"144","2013-12-01 10:37:19","2013-12-01 10:39:43","3002","South End Ave & Liberty St","40.711512","-74.015756","327","Vesey Pl & River Terrace","40.7153379","-74.01658354","16834","Subscriber","1977","1"
"270","2013-12-01 10:37:22","2013-12-01 10:41:52","146","Hudson St & Reade St","40.71625008","-74.0091059","327","Vesey Pl & River Terrace","40.7153379","-74.01658354","19795","Subscriber","1979","2"
"488","2013-12-01 10:37:23","2013-12-01 10:45:31","360","William St & Pine St","40.70717936","-74.00887308","152","Warren St & Church St","40.71473993","-74.00910627","15058","Subscriber","1981","1"
"729","2013-12-01 10:37:25","2013-12-01 10:49:34","242","Flushing Ave & Carlton Ave","40.69788349","-73.97350332","2002","Wythe Ave & Metropolitan Ave","40.716887","-73.963198","15817","Subscriber","1978","2"
"295","2013-12-01 10:37:26","2013-12-01 10:42:21","307","Canal St & Rutgers St","40.71427487","-73.98990025","401","Allen St & Rivington St","40.72019576","-73.98997825","15362","Subscriber","1972","1"
"304","2013-12-01 10:37:35","2013-12-01 10:42:39","335","Washington Pl & Broadway","40.72903917","-73.99404649","303","Mercer St & Spring St","40.72362738","-73.99949601","19975","Subscriber","1989","1"
"358","2013-12-01 10:37:42","2013-12-01 10:43:40","435","W 21 St & 6 Ave","40.74173969","-73.99415556","247","Perry St & Bleecker St","40.73535398","-74.00483091","14853","Subscriber","1983","1"
"436","2013-12-01 10:37:49","2013-12-01 10:45:05","327","Vesey Pl & River Terrace","40.7153379","-74.01658354","147","Greenwich St & Warren St","40.71542197","-74.01121978","20803","Subscriber","1976","1"
"431","2013-12-01 10:38:00","2013-12-01 10:45:11","465","Broadway & W 41 St","40.75513557","-73.98658032","486","Broadway & W 29 St","40.7462009","-73.98855723","16683","Subscriber","1957","2"
"1734","2013-12-01 10:38:00","2013-12-01 11:06:54","511","E 14 St & Avenue B","40.72938685","-73.97772429","259","South St & Whitehall St","40.70122128","-74.01234218","19909","Subscriber","1956","1"
"78","2013-12-01 10:38:02","2013-12-01 10:39:20","404","9 Ave & W 14 St","40.7405826","-74.00550867","404","9 Ave & W 14 St","40.7405826","-74.00550867","16637","Customer",\N,"0"
"343","2013-12-01 10:38:10","2013-12-01 10:43:53","116","W 17 St & 8 Ave","40.74177603","-74.00149746","346","Bank St & Hudson St","40.73652889","-74.00618026","16640","Subscriber","1965","1"
"358","2013-12-01 10:38:10","2013-12-01 10:44:08","326","E 11 St & 1 Ave","40.72953837","-73.98426726","336","Sullivan St & Washington Sq","40.73047747","-73.99906065","18514","Subscriber","1990","1"
"419","2013-12-01 10:38:12","2013-12-01 10:45:11","405","Washington St & Gansevoort St","40.739323","-74.008119","347","W Houston St & Hudson St","40.72873888","-74.00748842","20331","Subscriber","1969","2"
"284","2013-12-01 10:38:22","2013-12-01 10:43:06","394","E 9 St & Avenue C","40.72521311","-73.97768752","326","E 11 St & 1 Ave","40.72953837","-73.98426726","18992","Subscriber","1992","2"
"561","2013-12-01 10:38:31","2013-12-01 10:47:52","331","Pike St & Monroe St","40.71173107","-73.99193043","316","Fulton St & William St","40.70955958","-74.00653609","15935","Subscriber","1962","2"
"855","2013-12-01 10:38:32","2013-12-01 10:52:47","300","Shevchenko Pl & E 6 St","40.728145","-73.990214","285","Broadway & E 14 St","40.73454567","-73.99074142","20021","Subscriber","1985","1"
"170","2013-12-01 10:38:39","2013-12-01 10:41:29","314","Montague St & Clinton St","40.69424674","-73.99215922","157","Henry St & Atlantic Ave","40.69089272","-73.99612349","20297","Subscriber","1980","1"
"587","2013-12-01 10:38:40","2013-12-01 10:48:27","361","Allen St & Hester St","40.71605866","-73.99190759","303","Mercer St & Spring St","40.72362738","-73.99949601","17142","Subscriber","1984","2"
"244","2013-12-01 10:38:42","2013-12-01 10:42:46","293","Lafayette St & E 8 St","40.73028666","-73.9907647","383","Greenwich Ave & Charles St","40.735238","-74.000271","19804","Subscriber","1985","1"
"629","2013-12-01 10:38:45","2013-12-01 10:49:14","488","W 39 St & 9 Ave","40.75645824","-73.99372222","457","Broadway & W 58 St","40.76695317","-73.98169333","17478","Subscriber","1973","1"
"455","2013-12-01 10:38:50","2013-12-01 10:46:25","285","Broadway & E 14 St","40.73454567","-73.99074142","336","Sullivan St & Washington Sq","40.73047747","-73.99906065","19627","Subscriber","1951","1"
"974","2013-12-01 10:38:52","2013-12-01 10:55:06","152","Warren St & Church St","40.71473993","-74.00910627","499","Broadway & W 60 St","40.76915505","-73.98191841","17929","Subscriber","1956","1"
"202","2013-12-01 10:39:05","2013-12-01 10:42:27","228","E 48 St & 3 Ave","40.7546011026","-73.971878855","518","E 39 St & 2 Ave","40.74780373","-73.9734419","17439","Subscriber","1978","1"
"246","2013-12-01 10:39:19","2013-12-01 10:43:25","161","LaGuardia Pl & W 3 St","40.72917025","-73.99810231","382","University Pl & E 14 St","40.73492695","-73.99200509","14947","Subscriber","1960","1"
"433","2013-12-01 10:39:21","2013-12-01 10:46:34","223","W 13 St & 7 Ave","40.73781509","-73.99994661","377","6 Ave & Canal St","40.72243797","-74.00566443","19604","Subscriber","1984","1"
"755","2013-12-01 10:39:23","2013-12-01 10:51:58","494","W 26 St & 8 Ave","40.74734825","-73.99723551","528","2 Ave & E 31 St","40.74290902","-73.97706058","15218","Subscriber","1963","1"
"278","2013-12-01 10:39:29","2013-12-01 10:44:07","446","W 24 St & 7 Ave","40.74487634","-73.99529885","212","W 16 St & The High Line","40.74334935","-74.00681753","16667","Subscriber","1984","1"
"540","2013-12-01 10:39:33","2013-12-01 10:48:33","127","Barrow St & Hudson St","40.73172428","-74.00674436","404","9 Ave & W 14 St","40.7405826","-74.00550867","16195","Subscriber","1983","1"
"1089","2013-12-01 10:39:33","2013-12-01 10:57:42","291","Madison St & Montgomery St","40.713126","-73.984844","223","W 13 St & 7 Ave","40.73781509","-73.99994661","15116","Subscriber","1988","2"
"453","2013-12-01 10:39:37","2013-12-01 10:47:10","479","9 Ave & W 45 St","40.76019252","-73.9912551","514","12 Ave & W 40 St","40.76087502","-74.00277668","17608","Subscriber","1951","1"
"348","2013-12-01 10:39:42","2013-12-01 10:45:30","495","W 47 St & 10 Ave","40.76269882","-73.99301222","488","W 39 St & 9 Ave","40.75645824","-73.99372222","16531","Subscriber","1989","1"
"502","2013-12-01 10:39:47","2013-12-01 10:48:09","260","Broad St & Bridge St","40.70365182","-74.01167797","146","Hudson St & Reade St","40.71625008","-74.0091059","16289","Subscriber","1970","1"
"147","2013-12-01 10:39:51","2013-12-01 10:42:18","322","Clinton St & Tillary St","40.696192","-73.991218","233","Joralemon St & Adams St","40.69246277","-73.98963911","17144","Subscriber","1955","1"
"590","2013-12-01 10:39:58","2013-12-01 10:49:48","438","St Marks Pl & 1 Ave","40.72779126","-73.98564945","402","Broadway & E 22 St","40.7403432","-73.98955109","18174","Subscriber","1974","1"
"374","2013-12-01 10:40:01","2013-12-01 10:46:15","496","E 16 St & 5 Ave","40.73726186","-73.99238967","435","W 21 St & 6 Ave","40.74173969","-73.99415556","19638","Subscriber","1956","2"
"552","2013-12-01 10:40:03","2013-12-01 10:49:15","500","Broadway & W 51 St","40.76228826","-73.98336183","480","W 53 St & 10 Ave","40.76669671","-73.99061728","14832","Subscriber","1982","1"
"2169","2013-12-01 10:40:03","2013-12-01 11:16:12","160","E 37 St & Lexington Ave","40.748238","-73.978311","291","Madison St & Montgomery St","40.713126","-73.984844","16575","Subscriber","1944","2"
"196","2013-12-01 10:40:10","2013-12-01 10:43:26","474","5 Ave & E 29 St","40.7451677","-73.98683077","472","E 32 St & Park Ave","40.7457121","-73.98194829","16940","Subscriber","1960","1"
"507","2013-12-01 10:40:10","2013-12-01 10:48:37","404","9 Ave & W 14 St","40.7405826","-74.00550867","168","W 18 St & 6 Ave","40.73971301","-73.99456405","16637","Customer",\N,"0"
"499","2013-12-01 10:40:13","2013-12-01 10:48:32","404","9 Ave & W 14 St","40.7405826","-74.00550867","168","W 18 St & 6 Ave","40.73971301","-73.99456405","18608","Customer",\N,"0"
"200","2013-12-01 10:40:17","2013-12-01 10:43:37","474","5 Ave & E 29 St","40.7451677","-73.98683077","472","E 32 St & Park Ave","40.7457121","-73.98194829","19730","Subscriber","1964","1"
"406","2013-12-01 10:40:21","2013-12-01 10:47:07","334","W 20 St & 7 Ave","40.74238787","-73.99726235","537","Lexington Ave & E 24 St","40.74025878","-73.98409214","19021","Subscriber","1984","1"
"1283","2013-12-01 10:40:21","2013-12-01 11:01:44","470","W 20 St & 8 Ave","40.74345335","-74.00004031","263","Elizabeth St & Hester St","40.71729","-73.996375","14963","Subscriber","1983","2"
"2068","2013-12-01 10:40:26","2013-12-01 11:14:54","160","E 37 St & Lexington Ave","40.748238","-73.978311","291","Madison St & Montgomery St","40.713126","-73.984844","16363","Subscriber","1948","1"
"1322","2013-12-01 10:40:29","2013-12-01 11:02:31","306","Cliff St & Fulton St","40.70823502","-74.00530063","315","South St & Gouverneur Ln","40.70355377","-74.00670227","20618","Subscriber","1951","2"
"684","2013-12-01 10:40:36","2013-12-01 10:52:00","457","Broadway & W 58 St","40.76695317","-73.98169333","488","W 39 St & 9 Ave","40.75645824","-73.99372222","16325","Subscriber","1965","1"
"623","2013-12-01 10:40:40","2013-12-01 10:51:03","233","Joralemon St & Adams St","40.69246277","-73.98963911","313","Washington Ave & Park Ave","40.69610226","-73.96751037","16809","Subscriber","1979","1"
"426","2013-12-01 10:40:45","2013-12-01 10:47:51","346","Bank St & Hudson St","40.73652889","-74.00618026","294","Washington Square E","40.73049393","-73.9957214","18260","Subscriber","1972","1"
"726","2013-12-01 10:40:50","2013-12-01 10:52:56","2023","E 55 St & Lexington Ave","40.75968085","-73.97031366","529","W 42 St & 8 Ave","40.7575699","-73.99098507","16140","Subscriber","1982","1"
"1263","2013-12-01 10:40:52","2013-12-01 11:01:55","150","E 2 St & Avenue C","40.7208736","-73.98085795","448","W 37 St & 10 Ave","40.75660359","-73.9979009","17143","Subscriber","1990","1"
"776","2013-12-01 10:41:04","2013-12-01 10:54:00","507","E 25 St & 2 Ave","40.73912601","-73.97973776","335","Washington Pl & Broadway","40.72903917","-73.99404649","17253","Subscriber","1988","2"
"378","2013-12-01 10:41:05","2013-12-01 10:47:23","462","W 22 St & 10 Ave","40.74691959","-74.00451887","448","W 37 St & 10 Ave","40.75660359","-73.9979009","15324","Subscriber","1972","1"
"488","2013-12-01 10:41:07","2013-12-01 10:49:15","445","E 10 St & Avenue A","40.72740794","-73.98142006","375","Mercer St & Bleecker St","40.72679454","-73.99695094","19018","Subscriber","1967","1"
"540","2013-12-01 10:41:09","2013-12-01 10:50:09","301","E 2 St & Avenue B","40.72217444","-73.98368779","127","Barrow St & Hudson St","40.73172428","-74.00674436","16950","Subscriber","1982","1"
"720","2013-12-01 10:41:15","2013-12-01 10:53:15","528","2 Ave & E 31 St","40.74290902","-73.97706058","444","Broadway & W 24 St","40.7423543","-73.98915076","19496","Subscriber","1968","2"
"537","2013-12-01 10:41:22","2013-12-01 10:50:19","167","E 39 St & 3 Ave","40.7489006","-73.97604882","522","E 51 St & Lexington Ave","40.75714758","-73.97207836","16215","Subscriber","1969","1"
"415","2013-12-01 10:41:25","2013-12-01 10:48:20","489","10 Ave & W 28 St","40.75066386","-74.00176802","404","9 Ave & W 14 St","40.7405826","-74.00550867","18265","Subscriber","1981","2"
"679","2013-12-01 10:41:26","2013-12-01 10:52:45","349","Rivington St & Ridge St","40.71850211","-73.98329859","408","Market St & Cherry St","40.71076228","-73.99400398","20131","Subscriber","1972","2"
"745","2013-12-01 10:41:29","2013-12-01 10:53:54","454","E 51 St & 1 Ave","40.75455731","-73.96592976","499","Broadway & W 60 St","40.76915505","-73.98191841","18978","Subscriber","1963","2"
"836","2013-12-01 10:41:31","2013-12-01 10:55:27","519","Pershing Square N","40.75188406","-73.97770164","445","E 10 St & Avenue A","40.72740794","-73.98142006","14895","Subscriber","1967","2"
"622","2013-12-01 10:41:42","2013-12-01 10:52:04","270","Adelphi St & Myrtle Ave","40.69308257","-73.97178913","282","Kent Ave & S 11 St","40.70827295","-73.96834101","16909","Subscriber","1967","1"
"428","2013-12-01 10:41:46","2013-12-01 10:48:54","434","9 Ave & W 18 St","40.74317449","-74.00366443","435","W 21 St & 6 Ave","40.74173969","-73.99415556","20768","Subscriber","1948","1"
"1048","2013-12-01 10:41:52","2013-12-01 10:59:20","501","FDR Drive & E 35 St","40.744219","-73.97121214","305","E 58 St & 3 Ave","40.76095756","-73.96724467","20078","Subscriber","1986","2"
"370","2013-12-01 10:41:52","2013-12-01 10:48:02","501","FDR Drive & E 35 St","40.744219","-73.97121214","455","1 Ave & E 44 St","40.75001986","-73.96905301","19344","Subscriber","1976","1"
"382","2013-12-01 10:41:56","2013-12-01 10:48:18","253","W 13 St & 5 Ave","40.73543934","-73.99453948","168","W 18 St & 6 Ave","40.73971301","-73.99456405","19651","Customer",\N,"0"
"415","2013-12-01 10:41:58","2013-12-01 10:48:53","268","Howard St & Centre St","40.71910537","-73.99973337","375","Mercer St & Bleecker St","40.72679454","-73.99695094","17940","Subscriber","1986","2"
"411","2013-12-01 10:42:03","2013-12-01 10:48:54","369","Washington Pl & 6 Ave","40.73224119","-74.00026394","435","W 21 St & 6 Ave","40.74173969","-73.99415556","18168","Subscriber","1983","1"
"1415","2013-12-01 10:42:10","2013-12-01 11:05:45","323","Lawrence St & Willoughby St","40.69236178","-73.98631746","531","Forsyth St & Broome St","40.71893904","-73.99266288","17245","Subscriber","1973","2"
"440","2013-12-01 10:42:13","2013-12-01 10:49:33","382","University Pl & E 14 St","40.73492695","-73.99200509","168","W 18 St & 6 Ave","40.73971301","-73.99456405","17954","Subscriber","1978","2"
"335","2013-12-01 10:42:14","2013-12-01 10:47:49","435","W 21 St & 6 Ave","40.74173969","-73.99415556","212","W 16 St & The High Line","40.74334935","-74.00681753","15788","Subscriber","1977","1"
"257","2013-12-01 10:42:24","2013-12-01 10:46:41","483","E 12 St & 3 Ave","40.73223272","-73.98889957","537","Lexington Ave & E 24 St","40.74025878","-73.98409214","20862","Subscriber","1982","1"
"842","2013-12-01 10:42:27","2013-12-01 10:56:29","328","Watts St & Greenwich St","40.72405549","-74.00965965","319","Park Pl & Church St","40.71336124","-74.00937622","16401","Customer",\N,"0"
"391","2013-12-01 10:42:35","2013-12-01 10:49:06","461","E 20 St & 2 Ave","40.73587678","-73.98205027","236","St Marks Pl & 2 Ave","40.7284186","-73.98713956","15915","Subscriber","1989","2"
"728","2013-12-01 10:42:36","2013-12-01 10:54:44","487","E 20 St & FDR Drive","40.73314259","-73.97573881","280","E 10 St & 5 Ave","40.73331967","-73.99510132","18425","Subscriber","1970","1"
"408","2013-12-01 10:42:43","2013-12-01 10:49:31","448","W 37 St & 10 Ave","40.75660359","-73.9979009","465","Broadway & W 41 St","40.75513557","-73.98658032","16581","Subscriber","1986","1"
"330","2013-12-01 10:42:44","2013-12-01 10:48:14","253","W 13 St & 5 Ave","40.73543934","-73.99453948","483","E 12 St & 3 Ave","40.73223272","-73.98889957","17613","Subscriber","1974","2"
"749","2013-12-01 10:42:45","2013-12-01 10:55:14","238","Bank St & Washington St","40.7361967","-74.00859207","336","Sullivan St & Washington Sq","40.73047747","-73.99906065","16203","Subscriber","1971","1"
"773","2013-12-01 10:42:49","2013-12-01 10:55:42","422","W 59 St & 10 Ave","40.770513","-73.988038","490","8 Ave & W 33 St","40.751551","-73.993934","17566","Subscriber","1983","1"
"438","2013-12-01 10:42:51","2013-12-01 10:50:09","293","Lafayette St & E 8 St","40.73028666","-73.9907647","487","E 20 St & FDR Drive","40.73314259","-73.97573881","16866","Subscriber","1977","1"
"470","2013-12-01 10:42:51","2013-12-01 10:50:41","367","E 53 St & Lexington Ave","40.75828065","-73.97069431","524","W 43 St & 6 Ave","40.75527307","-73.98316936","20854","Subscriber","1974","1"
"799","2013-12-01 10:42:53","2013-12-01 10:56:12","408","Market St & Cherry St","40.71076228","-73.99400398","411","E 6 St & Avenue D","40.72228087","-73.97668709","19471","Subscriber","1991","2"
"1549","2013-12-01 10:43:04","2013-12-01 11:08:53","346","Bank St & Hudson St","40.73652889","-74.00618026","524","W 43 St & 6 Ave","40.75527307","-73.98316936","20589","Subscriber","1980","2"
"675","2013-12-01 10:43:04","2013-12-01 10:54:19","514","12 Ave & W 40 St","40.76087502","-74.00277668","463","9 Ave & W 16 St","40.74206539","-74.00443172","16167","Subscriber","1977","1"
"282","2013-12-01 10:43:05","2013-12-01 10:47:47","319","Park Pl & Church St","40.71336124","-74.00937622","285","Broadway & E 14 St","40.73454567","-73.99074142","15642","Subscriber","1986","1"
"986","2013-12-01 10:43:07","2013-12-01 10:59:33","348","W Broadway & Spring St","40.72490985","-74.00154702","257","Lispenard St & Broadway","40.71939226","-74.00247214","16943","Subscriber","1958","1"
"352","2013-12-01 10:43:10","2013-12-01 10:49:02","461","E 20 St & 2 Ave","40.73587678","-73.98205027","236","St Marks Pl & 2 Ave","40.7284186","-73.98713956","15735","Subscriber","1986","1"
"518","2013-12-01 10:43:12","2013-12-01 10:51:50","423","W 54 St & 9 Ave","40.76584941","-73.98690506","293","Lafayette St & E 8 St","40.73028666","-73.9907647","19216","Subscriber","1974","1"
"744","2013-12-01 10:43:15","2013-12-01 10:55:39","410","Suffolk St & Stanton St","40.72066442","-73.98517977","251","Mott St & Prince St","40.72317958","-73.99480012","16897","Subscriber","1987","2"
"1522","2013-12-01 10:43:16","2013-12-01 11:08:38","394","E 9 St & Avenue C","40.72521311","-73.97768752","315","South St & Gouverneur Ln","40.70355377","-74.00670227","14793","Subscriber","1972","1"
"71","2013-12-01 10:43:18","2013-12-01 10:44:29","375","Mercer St & Bleecker St","40.72679454","-73.99695094","375","Mercer St & Bleecker St","40.72679454","-73.99695094","15867","Subscriber","1984","1"
"287","2013-12-01 10:43:22","2013-12-01 10:48:09","369","Washington Pl & 6 Ave","40.73224119","-74.00026394","319","Park Pl & Church St","40.71336124","-74.00937622","15904","Subscriber","1966","2"
"5447","2013-12-01 10:43:23","2013-12-01 12:14:10","137","E 56 St & Madison Ave","40.761628","-73.972924","499","Broadway & W 60 St","40.76915505","-73.98191841","16314","Customer",\N,"0"
"598","2013-12-01 10:43:27","2013-12-01 10:53:25","261","Johnson St & Gold St","40.69474881","-73.98362464","310","State St & Smith St","40.68926942","-73.98912867","20322","Subscriber","1982","2"
"712","2013-12-01 10:43:27","2013-12-01 10:55:19","368","Carmine St & 6 Ave","40.73038599","-74.00214988","361","Allen St & Hester St","40.71605866","-73.99190759","18459","Subscriber","1976","1"
"466","2013-12-01 10:43:31","2013-12-01 10:51:17","335","Washington Pl & Broadway","40.72903917","-73.99404649","435","W 21 St & 6 Ave","40.74173969","-73.99415556","17688","Subscriber","1975","1"
"2315","2013-12-01 10:43:32","2013-12-01 11:22:07","462","W 22 St & 10 Ave","40.74691959","-74.00451887","403","E 2 St & 2 Ave","40.72502876","-73.99069656","19365","Subscriber","1969","2"
"961","2013-12-01 10:43:33","2013-12-01 10:59:34","128","MacDougal St & Prince St","40.72710258","-74.00297088","458","11 Ave & W 27 St","40.751396","-74.005226","17527","Subscriber","1981","1"
"698","2013-12-01 10:43:34","2013-12-01 10:55:12","522","E 51 St & Lexington Ave","40.75714758","-73.97207836","492","W 33 St & 7 Ave","40.75019995","-73.99093085","16546","Subscriber","1990","1"
"644","2013-12-01 10:43:39","2013-12-01 10:54:23","449","W 52 St & 9 Ave","40.76461837","-73.98789473","484","W 44 St & 5 Ave","40.75500254","-73.98014437","20340","Subscriber","1986","1"
"1524","2013-12-01 10:43:40","2013-12-01 11:09:04","394","E 9 St & Avenue C","40.72521311","-73.97768752","315","South St & Gouverneur Ln","40.70355377","-74.00670227","20077","Subscriber","1966","2"
"308","2013-12-01 10:43:42","2013-12-01 10:48:50","482","W 15 St & 7 Ave","40.73935542","-73.99931783","449","W 52 St & 9 Ave","40.76461837","-73.98789473","15885","Subscriber","1962","1"
"349","2013-12-01 10:43:46","2013-12-01 10:49:35","382","University Pl & E 14 St","40.73492695","-73.99200509","168","W 18 St & 6 Ave","40.73971301","-73.99456405","18429","Subscriber","1977","1"
"406","2013-12-01 10:43:54","2013-12-01 10:50:40","296","Division St & Bowery","40.71413089","-73.9970468","265","Stanton St & Chrystie St","40.72229346","-73.99147535","19169","Subscriber","1957","1"
"301","2013-12-01 10:43:55","2013-12-01 10:48:56","253","W 13 St & 5 Ave","40.73543934","-73.99453948","336","Sullivan St & Washington Sq","40.73047747","-73.99906065","19600","Subscriber","1983","2"
"225","2013-12-01 10:44:01","2013-12-01 10:47:46","499","Broadway & W 60 St","40.76915505","-73.98191841","469","Broadway & W 53 St","40.76344058","-73.98268129","15771","Subscriber","1951","1"
"839","2013-12-01 10:44:01","2013-12-01 10:58:00","164","E 47 St & 2 Ave","40.75323098","-73.97032517","520","W 52 St & 5 Ave","40.75992262","-73.97648516","17753","Subscriber","1986","1"
"996","2013-12-01 10:44:01","2013-12-01 11:00:37","502","Henry St & Grand St","40.714215","-73.981346","537","Lexington Ave & E 24 St","40.74025878","-73.98409214","15785","Subscriber","1971","1"
"2172","2013-12-01 10:44:08","2013-12-01 11:20:20","464","E 56 St & 3 Ave","40.75934501","-73.96759673","137","E 56 St & Madison Ave","40.761628","-73.972924","15383","Subscriber","1989","1"
"926","2013-12-01 10:44:15","2013-12-01 10:59:41","434","9 Ave & W 18 St","40.74317449","-74.00366443","236","St Marks Pl & 2 Ave","40.7284186","-73.98713956","20109","Subscriber","1988","1"
"684","2013-12-01 10:44:18","2013-12-01 10:55:42","480","W 53 St & 10 Ave","40.76669671","-73.99061728","538","W 49 St & 5 Ave","40.75795248","-73.97787642","16335","Subscriber","1989","1"
"271","2013-12-01 10:44:18","2013-12-01 10:48:49","533","Broadway & W 39 St","40.75299641","-73.98721619","474","5 Ave & E 29 St","40.7451677","-73.98683077","15064","Subscriber","1973","1"
"199","2013-12-01 10:44:21","2013-12-01 10:47:40","147","Greenwich St & Warren St","40.71542197","-74.01121978","327","Vesey Pl & River Terrace","40.7153379","-74.01658354","15170","Subscriber","1973","2"
"1410","2013-12-01 10:44:24","2013-12-01 11:07:54","442","W 27 St & 7 Ave","40.746647","-73.993915","458","11 Ave & W 27 St","40.751396","-74.005226","16278","Customer",\N,"0"
"367","2013-12-01 10:44:28","2013-12-01 10:50:35","417","Barclay St & Church St","40.71291224","-74.01020234","534","Water - Whitehall Plaza","40.70255065","-74.0127234","18799","Subscriber","1982","1"
"915","2013-12-01 10:44:29","2013-12-01 10:59:44","325","E 19 St & 3 Ave","40.73624527","-73.98473765","486","Broadway & W 29 St","40.7462009","-73.98855723","18768","Subscriber","1981","2"
"526","2013-12-01 10:44:30","2013-12-01 10:53:16","361","Allen St & Hester St","40.71605866","-73.99190759","504","1 Ave & E 15 St","40.73221853","-73.98165557","15148","Subscriber","1990","2"
"580","2013-12-01 10:44:39","2013-12-01 10:54:19","502","Henry St & Grand St","40.714215","-73.981346","295","Pike St & E Broadway","40.71406667","-73.99293911","17495","Subscriber","1972","2"
"1361","2013-12-01 10:44:45","2013-12-01 11:07:26","411","E 6 St & Avenue D","40.72228087","-73.97668709","523","W 38 St & 8 Ave","40.75466591","-73.99138152","20880","Subscriber","1988","1"
"1401","2013-12-01 10:44:46","2013-12-01 11:08:07","458","11 Ave & W 27 St","40.751396","-74.005226","458","11 Ave & W 27 St","40.751396","-74.005226","20243","Customer",\N,"0"
"404","2013-12-01 10:44:46","2013-12-01 10:51:30","2010","Grand St & Greene St","40.72165481","-74.00234737","473","Rivington St & Chrystie St","40.72110063","-73.9919254","19099","Subscriber","1949","1"
"116","2013-12-01 10:44:59","2013-12-01 10:46:55","345","W 13 St & 6 Ave","40.73649403","-73.99704374","223","W 13 St & 7 Ave","40.73781509","-73.99994661","15419","Subscriber","1960","1"
"331","2013-12-01 10:45:09","2013-12-01 10:50:40","411","E 6 St & Avenue D","40.72228087","-73.97668709","439","E 4 St & 2 Ave","40.7262807","-73.98978041","16776","Subscriber","1976","1"
"324","2013-12-01 10:45:10","2013-12-01 10:50:34","411","E 6 St & Avenue D","40.72228087","-73.97668709","439","E 4 St & 2 Ave","40.7262807","-73.98978041","16013","Subscriber","1978","1"
"825","2013-12-01 10:45:11","2013-12-01 10:58:56","457","Broadway & W 58 St","40.76695317","-73.98169333","514","12 Ave & W 40 St","40.76087502","-74.00277668","20913","Subscriber","1959","1"
"424","2013-12-01 10:45:12","2013-12-01 10:52:16","168","W 18 St & 6 Ave","40.73971301","-73.99456405","492","W 33 St & 7 Ave","40.75019995","-73.99093085","17652","Subscriber","1984","1"
"610","2013-12-01 10:45:18","2013-12-01 10:55:28","417","Barclay St & Church St","40.71291224","-74.01020234","161","LaGuardia Pl & W 3 St","40.72917025","-73.99810231","16277","Subscriber","1991","1"
"526","2013-12-01 10:45:24","2013-12-01 10:54:10","417","Barclay St & Church St","40.71291224","-74.01020234","308","St James Pl & Oliver St","40.71307916","-73.99851193","16128","Subscriber","1979","2"
"620","2013-12-01 10:45:26","2013-12-01 10:55:46","433","E 13 St & Avenue A","40.72955361","-73.98057249","375","Mercer St & Bleecker St","40.72679454","-73.99695094","20964","Subscriber","1957","1"
"584","2013-12-01 10:45:27","2013-12-01 10:55:11","331","Pike St & Monroe St","40.71173107","-73.99193043","534","Water - Whitehall Plaza","40.70255065","-74.0127234","17225","Subscriber","1974","1"
"736","2013-12-01 10:45:28","2013-12-01 10:57:44","474","5 Ave & E 29 St","40.7451677","-73.98683077","252","MacDougal St & Washington Sq","40.73226398","-73.99852205","17826","Subscriber","1965","1"
"727","2013-12-01 10:45:32","2013-12-01 10:57:39","457","Broadway & W 58 St","40.76695317","-73.98169333","441","E 52 St & 2 Ave","40.756014","-73.967416","17720","Customer",\N,"0"
"758","2013-12-01 10:45:42","2013-12-01 10:58:20","361","Allen St & Hester St","40.71605866","-73.99190759","161","LaGuardia Pl & W 3 St","40.72917025","-73.99810231","20649","Subscriber","1992","2"
"158","2013-12-01 10:45:44","2013-12-01 10:48:22","307","Canal St & Rutgers St","40.71427487","-73.98990025","350","Clinton St & Grand St","40.71559509","-73.9870295","15470","Subscriber","1973","2"
"1310","2013-12-01 10:45:50","2013-12-01 11:07:40","499","Broadway & W 60 St","40.76915505","-73.98191841","470","W 20 St & 8 Ave","40.74345335","-74.00004031","19044","Subscriber","1968","2"
"249","2013-12-01 10:45:54","2013-12-01 10:50:03","426","West St & Chambers St","40.71754834","-74.01322069","3002","South End Ave & Liberty St","40.711512","-74.015756","19634","Subscriber","1978","1"
"284","2013-12-01 10:46:05","2013-12-01 10:50:49","505","6 Ave & W 33 St","40.74901271","-73.98848395","524","W 43 St & 6 Ave","40.75527307","-73.98316936","16137","Subscriber","1982","2"
"662","2013-12-01 10:46:09","2013-12-01 10:57:11","457","Broadway & W 58 St","40.76695317","-73.98169333","441","E 52 St & 2 Ave","40.756014","-73.967416","15821","Subscriber","1969","1"
"253","2013-12-01 10:46:11","2013-12-01 10:50:24","410","Suffolk St & Stanton St","40.72066442","-73.98517977","251","Mott St & Prince St","40.72317958","-73.99480012","17925","Subscriber","1988","2"
"157","2013-12-01 10:46:22","2013-12-01 10:48:59","447","8 Ave & W 52 St","40.76370739","-73.9851615","423","W 54 St & 9 Ave","40.76584941","-73.98690506","18592","Subscriber","1986","1"
"397","2013-12-01 10:46:23","2013-12-01 10:53:00","439","E 4 St & 2 Ave","40.7262807","-73.98978041","497","E 17 St & Broadway","40.73704984","-73.99009296","16340","Subscriber","1956","1"
"407","2013-12-01 10:46:26","2013-12-01 10:53:13","236","St Marks Pl & 2 Ave","40.7284186","-73.98713956","336","Sullivan St & Washington Sq","40.73047747","-73.99906065","19854","Subscriber","1989","1"
"1044","2013-12-01 10:46:34","2013-12-01 11:03:58","314","Montague St & Clinton St","40.69424674","-73.99215922","242","Flushing Ave & Carlton Ave","40.69788349","-73.97350332","15125","Subscriber","1987","2"
"310","2013-12-01 10:46:35","2013-12-01 10:51:45","494","W 26 St & 8 Ave","40.74734825","-73.99723551","444","Broadway & W 24 St","40.7423543","-73.98915076","20506","Subscriber","1982","2"
"626","2013-12-01 10:46:37","2013-12-01 10:57:03","459","W 20 St & 11 Ave","40.746745","-74.007756","503","E 20 St & Park Ave","40.73827428","-73.98751968","18915","Subscriber","1970","2"
"848","2013-12-01 10:46:45","2013-12-01 11:00:53","507","E 25 St & 2 Ave","40.73912601","-73.97973776","252","MacDougal St & Washington Sq","40.73226398","-73.99852205","15709","Subscriber","1990","1"
"77","2013-12-01 10:46:55","2013-12-01 10:48:12","463","9 Ave & W 16 St","40.74206539","-74.00443172","116","W 17 St & 8 Ave","40.74177603","-74.00149746","20654","Subscriber","1969","1"
"1250","2013-12-01 10:47:02","2013-12-01 11:07:52","442","W 27 St & 7 Ave","40.746647","-73.993915","458","11 Ave & W 27 St","40.751396","-74.005226","18033","Customer",\N,"0"
"209","2013-12-01 10:47:03","2013-12-01 10:50:32","375","Mercer St & Bleecker St","40.72679454","-73.99695094","348","W Broadway & Spring St","40.72490985","-74.00154702","15867","Subscriber","1977","1"
"777","2013-12-01 10:47:04","2013-12-01 11:00:01","294","Washington Square E","40.73049393","-73.9957214","498","Broadway & W 32 St","40.74854862","-73.98808416","17715","Subscriber","1954","1"
"451","2013-12-01 10:47:09","2013-12-01 10:54:40","161","LaGuardia Pl & W 3 St","40.72917025","-73.99810231","312","Allen St & E Houston St","40.722055","-73.989111","18495","Subscriber","1975","2"
"901","2013-12-01 10:47:09","2013-12-01 11:02:10","395","Bond St & Schermerhorn St","40.68807003","-73.98410637","396","Lefferts Pl & Franklin Ave","40.680342423","-73.9557689392","15422","Subscriber","1984","1"
"119","2013-12-01 10:47:11","2013-12-01 10:49:10","458","11 Ave & W 27 St","40.751396","-74.005226","458","11 Ave & W 27 St","40.751396","-74.005226","19837","Subscriber","1993","1"
"369","2013-12-01 10:47:13","2013-12-01 10:53:22","229","Great Jones St","40.72743423","-73.99379025","410","Suffolk St & Stanton St","40.72066442","-73.98517977","16762","Subscriber","1980","1"
"1594","2013-12-01 10:47:14","2013-12-01 11:13:48","152","Warren St & Church St","40.71473993","-74.00910627","359","E 47 St & Park Ave","40.75510267","-73.97498696","18749","Subscriber","1990","2"
"381","2013-12-01 10:47:14","2013-12-01 10:53:35","296","Division St & Bowery","40.71413089","-73.9970468","401","Allen St & Rivington St","40.72019576","-73.98997825","17151","Subscriber","1989","2"
"1751","2013-12-01 10:47:15","2013-12-01 11:16:26","459","W 20 St & 11 Ave","40.746745","-74.007756","426","West St & Chambers St","40.71754834","-74.01322069","16633","Subscriber","1965","1"
"184","2013-12-01 10:47:17","2013-12-01 10:50:21","434","9 Ave & W 18 St","40.74317449","-74.00366443","405","Washington St & Gansevoort St","40.739323","-74.008119","19022","Subscriber","1955","2"
"127","2013-12-01 10:47:17","2013-12-01 10:49:24","351","Front St & Maiden Ln","40.70530954","-74.00612572","415","Pearl St & Hanover Square","40.7047177","-74.00926027","16955","Subscriber","1985","2"
"298","2013-12-01 10:47:18","2013-12-01 10:52:16","375","Mercer St & Bleecker St","40.72679454","-73.99695094","368","Carmine St & 6 Ave","40.73038599","-74.00214988","17660","Subscriber","1989","1"
"549","2013-12-01 10:47:30","2013-12-01 10:56:39","412","Forsyth St & Canal St","40.7158155","-73.99422366","311","Norfolk St & Broome St","40.7172274","-73.98802084","19576","Subscriber","1976","2"
"218","2013-12-01 10:47:37","2013-12-01 10:51:15","401","Allen St & Rivington St","40.72019576","-73.98997825","403","E 2 St & 2 Ave","40.72502876","-73.99069656","19889","Subscriber","1987","2"
"506","2013-12-01 10:47:38","2013-12-01 10:56:04","512","W 29 St & 9 Ave","40.7500727","-73.99839279","405","Washington St & Gansevoort St","40.739323","-74.008119","17866","Subscriber","1982","1"
"459","2013-12-01 10:47:41","2013-12-01 10:55:20","223","W 13 St & 7 Ave","40.73781509","-73.99994661","379","W 31 St & 7 Ave","40.749156","-73.9916","17909","Subscriber","1983","1"
"495","2013-12-01 10:47:41","2013-12-01 10:55:56","512","W 29 St & 9 Ave","40.7500727","-73.99839279","405","Washington St & Gansevoort St","40.739323","-74.008119","14563","Subscriber","1979","1"
"643","2013-12-01 10:47:42","2013-12-01 10:58:25","365","Fulton St & Grand Ave","40.68223166","-73.9614583","431","Hanover Pl & Livingston St","40.68864636","-73.98263429","19459","Subscriber","1959","1"
"689","2013-12-01 10:47:55","2013-12-01 10:59:24","442","W 27 St & 7 Ave","40.746647","-73.993915","536","1 Ave & E 30 St","40.74144387","-73.97536082","18498","Subscriber","1959","1"
"696","2013-12-01 10:47:56","2013-12-01 10:59:32","326","E 11 St & 1 Ave","40.72953837","-73.98426726","247","Perry St & Bleecker St","40.73535398","-74.00483091","17078","Subscriber","1978","1"
"2440","2013-12-01 10:48:03","2013-12-01 11:28:43","445","E 10 St & Avenue A","40.72740794","-73.98142006","252","MacDougal St & Washington Sq","40.73226398","-73.99852205","16254","Subscriber","1977","2"
"12470","2013-12-01 10:48:04","2013-12-01 14:15:54","458","11 Ave & W 27 St","40.751396","-74.005226","426","West St & Chambers St","40.71754834","-74.01322069","17982","Subscriber","1977","2"
"378","2013-12-01 10:48:07","2013-12-01 10:54:25","498","Broadway & W 32 St","40.74854862","-73.98808416","494","W 26 St & 8 Ave","40.74734825","-73.99723551","20282","Subscriber","1987","1"
"934","2013-12-01 10:48:08","2013-12-01 11:03:42","314","Montague St & Clinton St","40.69424674","-73.99215922","242","Flushing Ave & Carlton Ave","40.69788349","-73.97350332","20002","Customer",\N,"0"
"145","2013-12-01 10:48:09","2013-12-01 10:50:34","526","E 33 St & 5 Ave","40.74765947","-73.98490707","498","Broadway & W 32 St","40.74854862","-73.98808416","14940","Subscriber","1971","1"
"172","2013-12-01 10:48:21","2013-12-01 10:51:13","496","E 16 St & 5 Ave","40.73726186","-73.99238967","444","Broadway & W 24 St","40.7423543","-73.98915076","18988","Subscriber","1981","1"
"1083","2013-12-01 10:48:22","2013-12-01 11:06:25","515","W 43 St & 10 Ave","40.76009437","-73.99461843","127","Barrow St & Hudson St","40.73172428","-74.00674436","19425","Subscriber","1957","1"
"469","2013-12-01 10:48:22","2013-12-01 10:56:11","151","Cleveland Pl & Spring St","40.7218158","-73.99720307","351","Front St & Maiden Ln","40.70530954","-74.00612572","15842","Subscriber","1985","2"
"548","2013-12-01 10:48:27","2013-12-01 10:57:35","253","W 13 St & 5 Ave","40.73543934","-73.99453948","391","Clark St & Henry St","40.69760127","-73.99344559","17234","Subscriber","1981","1"
"760","2013-12-01 10:48:30","2013-12-01 11:01:10","448","W 37 St & 10 Ave","40.75660359","-73.9979009","499","Broadway & W 60 St","40.76915505","-73.98191841","18424","Subscriber","1961","1"
"552","2013-12-01 10:48:34","2013-12-01 10:57:46","366","Clinton Ave & Myrtle Ave","40.693261","-73.968896","323","Lawrence St & Willoughby St","40.69236178","-73.98631746","19699","Subscriber","1961","2"
"585","2013-12-01 10:48:36","2013-12-01 10:58:21","504","1 Ave & E 15 St","40.73221853","-73.98165557","439","E 4 St & 2 Ave","40.7262807","-73.98978041","15280","Subscriber","1990","2"
"453","2013-12-01 10:48:37","2013-12-01 10:56:10","280","E 10 St & 5 Ave","40.73331967","-73.99510132","334","W 20 St & 7 Ave","40.74238787","-73.99726235","18225","Subscriber","1971","2"
"324","2013-12-01 10:48:51","2013-12-01 10:54:15","435","W 21 St & 6 Ave","40.74173969","-73.99415556","446","W 24 St & 7 Ave","40.74487634","-73.99529885","19638","Subscriber","1956","2"
"320","2013-12-01 10:49:02","2013-12-01 10:54:22","483","E 12 St & 3 Ave","40.73223272","-73.98889957","444","Broadway & W 24 St","40.7423543","-73.98915076","18589","Subscriber","1990","1"
"196","2013-12-01 10:49:02","2013-12-01 10:52:18","423","W 54 St & 9 Ave","40.76584941","-73.98690506","486","Broadway & W 29 St","40.7462009","-73.98855723","17392","Subscriber","1956","2"
"587","2013-12-01 10:49:04","2013-12-01 10:58:51","457","Broadway & W 58 St","40.76695317","-73.98169333","385","E 55 St & 2 Ave","40.75797322","-73.96603308","15292","Subscriber","1972","1"
"511","2013-12-01 10:49:04","2013-12-01 10:57:35","523","W 38 St & 8 Ave","40.75466591","-73.99138152","500","Broadway & W 51 St","40.76228826","-73.98336183","15799","Subscriber","1972","1"
"608","2013-12-01 10:49:04","2013-12-01 10:59:12","455","1 Ave & E 44 St","40.75001986","-73.96905301","305","E 58 St & 3 Ave","40.76095756","-73.96724467","16722","Subscriber","1976","1"
"289","2013-12-01 10:49:06","2013-12-01 10:53:55","402","Broadway & E 22 St","40.7403432","-73.98955109","475","E 16 St & Irving Pl","40.73524276","-73.98758561","20835","Subscriber","1973","1"
"451","2013-12-01 10:49:09","2013-12-01 10:56:40","241","DeKalb Ave & S Portland Ave","40.68981035","-73.97493121","526","E 33 St & 5 Ave","40.74765947","-73.98490707","17361","Subscriber","1986","1"
"1398","2013-12-01 10:49:10","2013-12-01 11:12:28","388","W 26 St & 10 Ave","40.749717753","-74.002950346","412","Forsyth St & Canal St","40.7158155","-73.99422366","19325","Subscriber","1970","2"
"533","2013-12-01 10:49:11","2013-12-01 10:58:04","348","W Broadway & Spring St","40.72490985","-74.00154702","254","W 11 St & 6 Ave","40.73532427","-73.99800419","18690","Subscriber","1949","1"
"742","2013-12-01 10:49:21","2013-12-01 11:01:43","474","5 Ave & E 29 St","40.7451677","-73.98683077","281","Grand Army Plaza & Central Park S","40.7643971","-73.97371465","16595","Subscriber","1958","1"
"8660","2013-12-01 10:49:22","2013-12-01 13:13:42","447","8 Ave & W 52 St","40.76370739","-73.9851615","507","E 25 St & 2 Ave","40.73912601","-73.97973776","19312","Subscriber","1970","1"
"323","2013-12-01 10:49:23","2013-12-01 10:54:46","368","Carmine St & 6 Ave","40.73038599","-74.00214988","229","Great Jones St","40.72743423","-73.99379025","18349","Subscriber","1982","1"
"1448","2013-12-01 10:49:25","2013-12-01 11:13:33","514","12 Ave & W 40 St","40.76087502","-74.00277668","514","12 Ave & W 40 St","40.76087502","-74.00277668","17800","Subscriber","1973","2"
"460","2013-12-01 10:49:25","2013-12-01 10:57:05","249","Harrison St & Hudson St","40.71870987","-74.0090009","2004","6 Ave & Broome St","40.724399","-74.004704","15261","Subscriber","1944","1"
"360","2013-12-01 10:49:37","2013-12-01 10:55:37","294","Washington Square E","40.73049393","-73.9957214","251","Mott St & Prince St","40.72317958","-73.99480012","14774","Subscriber","1961","1"
"494","2013-12-01 10:49:40","2013-12-01 10:57:54","339","Avenue D & E 12 St","40.72580614","-73.97422494","236","St Marks Pl & 2 Ave","40.7284186","-73.98713956","17834","Subscriber","1981","1"
"223","2013-12-01 10:49:49","2013-12-01 10:53:32","435","W 21 St & 6 Ave","40.74173969","-73.99415556","434","9 Ave & W 18 St","40.74317449","-74.00366443","17907","Subscriber","1973","1"
"547","2013-12-01 10:49:51","2013-12-01 10:58:58","332","Cherry St","40.71219906","-73.97948148","295","Pike St & E Broadway","40.71406667","-73.99293911","15084","Subscriber","1982","1"
"418","2013-12-01 10:49:58","2013-12-01 10:56:56","331","Pike St & Monroe St","40.71173107","-73.99193043","401","Allen St & Rivington St","40.72019576","-73.98997825","15583","Subscriber","1993","1"
"332","2013-12-01 10:49:58","2013-12-01 10:55:30","345","W 13 St & 6 Ave","40.73649403","-73.99704374","503","E 20 St & Park Ave","40.73827428","-73.98751968","18220","Subscriber","1969","1"
"657","2013-12-01 10:50:08","2013-12-01 11:01:05","380","W 4 St & 7 Ave S","40.73401143","-74.00293877","402","Broadway & E 22 St","40.7403432","-73.98955109","18060","Subscriber","1970","1"
"515","2013-12-01 10:50:08","2013-12-01 10:58:43","401","Allen St & Rivington St","40.72019576","-73.98997825","461","E 20 St & 2 Ave","40.73587678","-73.98205027","19723","Subscriber","1981","1"
"323","2013-12-01 10:50:10","2013-12-01 10:55:33","358","Christopher St & Greenwich St","40.73291553","-74.00711384","225","W 14 St & The High Line","40.74195138","-74.00803013","18404","Subscriber","1980","1"
"193","2013-12-01 10:50:12","2013-12-01 10:53:25","276","Duane St & Greenwich St","40.71748752","-74.0104554","309","Murray St & West St","40.7149787","-74.013012","16252","Subscriber","1980","2"
"559","2013-12-01 10:50:12","2013-12-01 10:59:31","507","E 25 St & 2 Ave","40.73912601","-73.97973776","439","E 4 St & 2 Ave","40.7262807","-73.98978041","18897","Subscriber","1981","2"
"1418","2013-12-01 10:50:13","2013-12-01 11:13:51","351","Front St & Maiden Ln","40.70530954","-74.00612572","327","Vesey Pl & River Terrace","40.7153379","-74.01658354","17831","Subscriber","1967","1"
"1560","2013-12-01 10:50:19","2013-12-01 11:16:19","459","W 20 St & 11 Ave","40.746745","-74.007756","426","West St & Chambers St","40.71754834","-74.01322069","18820","Customer",\N,"0"
"538","2013-12-01 10:50:21","2013-12-01 10:59:19","504","1 Ave & E 15 St","40.73221853","-73.98165557","253","W 13 St & 5 Ave","40.73543934","-73.99453948","17942","Subscriber","1957","2"
"125","2013-12-01 10:50:24","2013-12-01 10:52:29","531","Forsyth St & Broome St","40.71893904","-73.99266288","265","Stanton St & Chrystie St","40.72229346","-73.99147535","18508","Subscriber","1991","1"
"511","2013-12-01 10:50:27","2013-12-01 10:58:58","480","W 53 St & 10 Ave","40.76669671","-73.99061728","499","Broadway & W 60 St","40.76915505","-73.98191841","15983","Subscriber","1967","1"
"438","2013-12-01 10:50:29","2013-12-01 10:57:47","358","Christopher St & Greenwich St","40.73291553","-74.00711384","2004","6 Ave & Broome St","40.724399","-74.004704","19915","Subscriber","1981","2"
"610","2013-12-01 10:50:29","2013-12-01 11:00:39","317","E 6 St & Avenue B","40.72453734","-73.98185424","263","Elizabeth St & Hester St","40.71729","-73.996375","17819","Subscriber","1984","1"
"706","2013-12-01 10:50:30","2013-12-01 11:02:16","150","E 2 St & Avenue C","40.7208736","-73.98085795","531","Forsyth St & Broome St","40.71893904","-73.99266288","16568","Subscriber","1971","2"
"397","2013-12-01 10:50:30","2013-12-01 10:57:07","116","W 17 St & 8 Ave","40.74177603","-74.00149746","490","8 Ave & W 33 St","40.751551","-73.993934","15386","Subscriber","1978","1"
"340","2013-12-01 10:50:33","2013-12-01 10:56:13","247","Perry St & Bleecker St","40.73535398","-74.00483091","450","W 49 St & 8 Ave","40.76227205","-73.98788205","16977","Customer",\N,"0"
"463","2013-12-01 10:50:45","2013-12-01 10:58:28","157","Henry St & Atlantic Ave","40.69089272","-73.99612349","2000","Front St & Washington St","40.70255088","-73.98940236","16004","Subscriber","1974","1"
"313","2013-12-01 10:50:45","2013-12-01 10:55:58","146","Hudson St & Reade St","40.71625008","-74.0091059","347","W Houston St & Hudson St","40.72873888","-74.00748842","19197","Subscriber","1982","1"
"2221","2013-12-01 10:50:46","2013-12-01 11:27:47","467","Dean St & 4 Ave","40.68312489","-73.97895137","467","Dean St & 4 Ave","40.68312489","-73.97895137","20269","Subscriber","1979","2"
"357","2013-12-01 10:50:46","2013-12-01 10:56:43","467","Dean St & 4 Ave","40.68312489","-73.97895137","310","State St & Smith St","40.68926942","-73.98912867","19285","Subscriber","1981","1"
"3859","2013-12-01 10:50:47","2013-12-01 11:55:06","458","11 Ave & W 27 St","40.751396","-74.005226","335","Washington Pl & Broadway","40.72903917","-73.99404649","18230","Customer",\N,"0"
"1066","2013-12-01 10:50:48","2013-12-01 11:08:34","265","Stanton St & Chrystie St","40.72229346","-73.99147535","379","W 31 St & 7 Ave","40.749156","-73.9916","15650","Subscriber","1987","1"
"311","2013-12-01 10:50:51","2013-12-01 10:56:02","327","Vesey Pl & River Terrace","40.7153379","-74.01658354","152","Warren St & Church St","40.71473993","-74.00910627","15154","Subscriber","1973","2"
"257","2013-12-01 10:50:52","2013-12-01 10:55:09","435","W 21 St & 6 Ave","40.74173969","-73.99415556","509","9 Ave & W 22 St","40.7454973","-74.00197139","20699","Subscriber","1974","1"
"634","2013-12-01 10:50:54","2013-12-01 11:01:28","280","E 10 St & 5 Ave","40.73331967","-73.99510132","401","Allen St & Rivington St","40.72019576","-73.98997825","18798","Subscriber","1984","1"
"330","2013-12-01 10:50:57","2013-12-01 10:56:27","293","Lafayette St & E 8 St","40.73028666","-73.9907647","301","E 2 St & Avenue B","40.72217444","-73.98368779","15004","Subscriber","1981","2"
"424","2013-12-01 10:51:02","2013-12-01 10:58:06","433","E 13 St & Avenue A","40.72955361","-73.98057249","362","Broadway & W 37 St","40.75172632","-73.98753523","18382","Subscriber","1969","1"
"325","2013-12-01 10:51:03","2013-12-01 10:56:28","482","W 15 St & 7 Ave","40.73935542","-73.99931783","446","W 24 St & 7 Ave","40.74487634","-73.99529885","18810","Subscriber","1967","2"
"1384","2013-12-01 10:51:07","2013-12-01 11:14:11","368","Carmine St & 6 Ave","40.73038599","-74.00214988","153","E 40 St & 5 Ave","40.752062307","-73.9816324043","19258","Customer",\N,"0"
"3809","2013-12-01 10:51:10","2013-12-01 11:54:39","538","W 49 St & 5 Ave","40.75795248","-73.97787642","335","Washington Pl & Broadway","40.72903917","-73.99404649","14790","Customer",\N,"0"
"156","2013-12-01 10:51:13","2013-12-01 10:53:49","503","E 20 St & Park Ave","40.73827428","-73.98751968","461","E 20 St & 2 Ave","40.73587678","-73.98205027","20578","Subscriber","1968","1"
"536","2013-12-01 10:51:19","2013-12-01 11:00:15","2010","Grand St & Greene St","40.72165481","-74.00234737","312","Allen St & E Houston St","40.722055","-73.989111","19172","Subscriber","1984","1"
"334","2013-12-01 10:51:19","2013-12-01 10:56:53","2010","Grand St & Greene St","40.72165481","-74.00234737","128","MacDougal St & Prince St","40.72710258","-74.00297088","14825","Subscriber","1975","1"
"998","2013-12-01 10:51:20","2013-12-01 11:07:58","442","W 27 St & 7 Ave","40.746647","-73.993915","458","11 Ave & W 27 St","40.751396","-74.005226","20537","Customer",\N,"0"
"305","2013-12-01 10:51:21","2013-12-01 10:56:26","275","Washington Ave & Greene Ave","40.68650065","-73.96563307","344","Monroe St & Bedford Ave","40.6851443","-73.95380904","20193","Subscriber","1974","2"
"698","2013-12-01 10:51:21","2013-12-01 11:02:59","307","Canal St & Rutgers St","40.71427487","-73.98990025","79","Franklin St & W Broadway","40.71911552","-74.00666661","16913","Subscriber","1966","2"
"154","2013-12-01 10:51:23","2013-12-01 10:53:57","152","Warren St & Church St","40.71473993","-74.00910627","152","Warren St & Church St","40.71473993","-74.00910627","15550","Subscriber","1978","2"
"595","2013-12-01 10:51:26","2013-12-01 11:01:21","2021","W 45 St & 8 Ave","40.75929124","-73.98859651","456","E 53 St & Madison Ave","40.7597108","-73.97402311","18945","Subscriber","1981","1"
"291","2013-12-01 10:51:28","2013-12-01 10:56:19","465","Broadway & W 41 St","40.75513557","-73.98658032","153","E 40 St & 5 Ave","40.752062307","-73.9816324043","19481","Subscriber","1976","1"
"1002","2013-12-01 10:51:32","2013-12-01 11:08:14","442","W 27 St & 7 Ave","40.746647","-73.993915","458","11 Ave & W 27 St","40.751396","-74.005226","16585","Customer",\N,"0"
"370","2013-12-01 10:51:34","2013-12-01 10:57:44","318","E 43 St & Vanderbilt Ave","40.75320159","-73.9779874","476","E 31 St & 3 Ave","40.74394314","-73.97966069","15924","Subscriber","1985","2"
"368","2013-12-01 10:51:34","2013-12-01 10:57:42","318","E 43 St & Vanderbilt Ave","40.75320159","-73.9779874","476","E 31 St & 3 Ave","40.74394314","-73.97966069","16699","Subscriber","1979","1"
"403","2013-12-01 10:51:37","2013-12-01 10:58:20","345","W 13 St & 6 Ave","40.73649403","-73.99704374","229","Great Jones St","40.72743423","-73.99379025","16101","Subscriber","1980","1"
"364","2013-12-01 10:51:38","2013-12-01 10:57:42","515","W 43 St & 10 Ave","40.76009437","-73.99461843","2021","W 45 St & 8 Ave","40.75929124","-73.98859651","19867","Subscriber","1965","2"
"232","2013-12-01 10:51:38","2013-12-01 10:55:30","334","W 20 St & 7 Ave","40.74238787","-73.99726235","444","Broadway & W 24 St","40.7423543","-73.98915076","19794","Subscriber","1967","1"
"1185","2013-12-01 10:51:40","2013-12-01 11:11:25","2023","E 55 St & Lexington Ave","40.75968085","-73.97031366","501","FDR Drive & E 35 St","40.744219","-73.97121214","16660","Customer",\N,"0"
"226","2013-12-01 10:51:41","2013-12-01 10:55:27","334","W 20 St & 7 Ave","40.74238787","-73.99726235","444","Broadway & W 24 St","40.7423543","-73.98915076","19729","Subscriber","1961","1"
"1703","2013-12-01 10:51:42","2013-12-01 11:20:05","346","Bank St & Hudson St","40.73652889","-74.00618026","335","Washington Pl & Broadway","40.72903917","-73.99404649","16640","Subscriber","1983","2"
"507","2013-12-01 10:51:43","2013-12-01 11:00:10","463","9 Ave & W 16 St","40.74206539","-74.00443172","402","Broadway & E 22 St","40.7403432","-73.98955109","18561","Subscriber","1979","1"
"339","2013-12-01 10:51:47","2013-12-01 10:57:26","394","E 9 St & Avenue C","40.72521311","-73.97768752","293","Lafayette St & E 8 St","40.73028666","-73.9907647","14721","Subscriber","1968","1"
"255","2013-12-01 10:51:53","2013-12-01 10:56:08","445","E 10 St & Avenue A","40.72740794","-73.98142006","293","Lafayette St & E 8 St","40.73028666","-73.9907647","18017","Subscriber","1983","1"
"431","2013-12-01 10:52:00","2013-12-01 10:59:11","432","E 7 St & Avenue A","40.72621788","-73.98379855","285","Broadway & E 14 St","40.73454567","-73.99074142","20995","Subscriber","1976","2"
"610","2013-12-01 10:52:02","2013-12-01 11:02:12","540","Lexington Ave & E 26 St","40.74147286","-73.98320928","383","Greenwich Ave & Charles St","40.735238","-74.000271","18733","Subscriber","1981","2"
"537","2013-12-01 10:52:05","2013-12-01 11:01:02","353","S Portland Ave & Hanson Pl","40.68539567","-73.97431458","233","Joralemon St & Adams St","40.69246277","-73.98963911","17759","Subscriber","1982","2"
"744","2013-12-01 10:52:09","2013-12-01 11:04:33","312","Allen St & E Houston St","40.722055","-73.989111","263","Elizabeth St & Hester St","40.71729","-73.996375","16211","Subscriber","1978","1"
"165","2013-12-01 10:52:14","2013-12-01 10:54:59","459","W 20 St & 11 Ave","40.746745","-74.007756","461","E 20 St & 2 Ave","40.73587678","-73.98205027","17958","Subscriber","1987","1"
"531","2013-12-01 10:52:17","2013-12-01 11:01:08","515","W 43 St & 10 Ave","40.76009437","-73.99461843","499","Broadway & W 60 St","40.76915505","-73.98191841","15994","Subscriber","1973","1"
"461","2013-12-01 10:52:18","2013-12-01 10:59:59","151","Cleveland Pl & Spring St","40.7218158","-73.99720307","195","Liberty St & Broadway","40.70905623","-74.01043382","19395","Subscriber","1983","2"
"251","2013-12-01 10:52:20","2013-12-01 10:56:31","475","E 16 St & Irving Pl","40.73524276","-73.98758561","335","Washington Pl & Broadway","40.72903917","-73.99404649","16894","Subscriber","1974","1"
"476","2013-12-01 10:52:24","2013-12-01 11:00:20","474","5 Ave & E 29 St","40.7451677","-73.98683077","482","W 15 St & 7 Ave","40.73935542","-73.99931783","15725","Subscriber","1980","1"
"174","2013-12-01 10:52:27","2013-12-01 10:55:21","228","E 48 St & 3 Ave","40.7546011026","-73.971878855","522","E 51 St & Lexington Ave","40.75714758","-73.97207836","14792","Subscriber","1981","1"
"690","2013-12-01 10:52:29","2013-12-01 11:03:59","128","MacDougal St & Prince St","40.72710258","-74.00297088","383","Greenwich Ave & Charles St","40.735238","-74.000271","16109","Subscriber","1977","1"
"791","2013-12-01 10:52:31","2013-12-01 11:05:42","360","William St & Pine St","40.70717936","-74.00887308","2010","Grand St & Greene St","40.72165481","-74.00234737","20828","Subscriber","1960","2"
"601","2013-12-01 10:52:35","2013-12-01 11:02:36","445","E 10 St & Avenue A","40.72740794","-73.98142006","394","E 9 St & Avenue C","40.72521311","-73.97768752","20284","Subscriber","1967","1"
"508","2013-12-01 10:52:40","2013-12-01 11:01:08","358","Christopher St & Greenwich St","40.73291553","-74.00711384","116","W 17 St & 8 Ave","40.74177603","-74.00149746","15637","Subscriber","1972","1"
"191","2013-12-01 10:52:40","2013-12-01 10:55:51","253","W 13 St & 5 Ave","40.73543934","-73.99453948","223","W 13 St & 7 Ave","40.73781509","-73.99994661","15615","Subscriber","1983","2"
"677","2013-12-01 10:52:42","2013-12-01 11:03:59","282","Kent Ave & S 11 St","40.70827295","-73.96834101","481","S 3 St & Bedford Ave","40.71260486","-73.96264403","20810","Subscriber","1967","1"
"828","2013-12-01 10:52:45","2013-12-01 11:06:33","2004","6 Ave & Broome St","40.724399","-74.004704","116","W 17 St & 8 Ave","40.74177603","-74.00149746","19228","Subscriber","1978","2"
"570","2013-12-01 10:52:46","2013-12-01 11:02:16","492","W 33 St & 7 Ave","40.75019995","-73.99093085","518","E 39 St & 2 Ave","40.74780373","-73.9734419","19911","Subscriber","1988","1"
"95","2013-12-01 10:52:59","2013-12-01 10:54:34","334","W 20 St & 7 Ave","40.74238787","-73.99726235","435","W 21 St & 6 Ave","40.74173969","-73.99415556","20782","Subscriber","1978","1"
"334","2013-12-01 10:53:04","2013-12-01 10:58:38","474","5 Ave & E 29 St","40.7451677","-73.98683077","475","E 16 St & Irving Pl","40.73524276","-73.98758561","15064","Subscriber","1984","1"
"484","2013-12-01 10:53:14","2013-12-01 11:01:18","160","E 37 St & Lexington Ave","40.748238","-73.978311","297","E 15 St & 3 Ave","40.734232","-73.986923","17291","Subscriber","1971","1"
"338","2013-12-01 10:53:18","2013-12-01 10:58:56","382","University Pl & E 14 St","40.73492695","-73.99200509","161","LaGuardia Pl & W 3 St","40.72917025","-73.99810231","16942","Subscriber","1987","1"
"342","2013-12-01 10:53:21","2013-12-01 10:59:03","382","University Pl & E 14 St","40.73492695","-73.99200509","161","LaGuardia Pl & W 3 St","40.72917025","-73.99810231","19783","Subscriber","1983","1"
"331","2013-12-01 10:53:34","2013-12-01 10:59:05","479","9 Ave & W 45 St","40.76019252","-73.9912551","484","W 44 St & 5 Ave","40.75500254","-73.98014437","18933","Subscriber","1989","1"
"3661","2013-12-01 10:53:34","2013-12-01 11:54:35","538","W 49 St & 5 Ave","40.75795248","-73.97787642","335","Washington Pl & Broadway","40.72903917","-73.99404649","19387","Customer",\N,"0"
"455","2013-12-01 10:53:37","2013-12-01 11:01:12","479","9 Ave & W 45 St","40.76019252","-73.9912551","318","E 43 St & Vanderbilt Ave","40.75320159","-73.9779874","17516","Subscriber","1981","1"
"263","2013-12-01 10:53:44","2013-12-01 10:58:07","2021","W 45 St & 8 Ave","40.75929124","-73.98859651","515","W 43 St & 10 Ave","40.76009437","-73.99461843","19043","Subscriber","1955","1"
"437","2013-12-01 10:53:45","2013-12-01 11:01:02","294","Washington Square E","40.73049393","-73.9957214","325","E 19 St & 3 Ave","40.73624527","-73.98473765","18730","Subscriber","1973","2"
"160","2013-12-01 10:53:51","2013-12-01 10:56:31","120","Lexington Ave & Classon Ave","40.68676793","-73.95928168","344","Monroe St & Bedford Ave","40.6851443","-73.95380904","17124","Subscriber","1967","1"
"196","2013-12-01 10:53:53","2013-12-01 10:57:09","216","Columbia Heights & Cranberry St","40.70037867","-73.99548059","2000","Front St & Washington St","40.70255088","-73.98940236","20100","Subscriber","1960","1"
"432","2013-12-01 10:53:54","2013-12-01 11:01:06","523","W 38 St & 8 Ave","40.75466591","-73.99138152","450","W 49 St & 8 Ave","40.76227205","-73.98788205","15526","Subscriber","1988","2"
"568","2013-12-01 10:53:57","2013-12-01 11:03:25","510","W 51 St & 6 Ave","40.7606597","-73.98042047","510","W 51 St & 6 Ave","40.7606597","-73.98042047","16421","Customer",\N,"0"
"450","2013-12-01 10:54:04","2013-12-01 11:01:34","462","W 22 St & 10 Ave","40.74691959","-74.00451887","525","W 34 St & 11 Ave","40.75594159","-74.0021163","18987","Subscriber","1973","2"
"310","2013-12-01 10:54:14","2013-12-01 10:59:24","366","Clinton Ave & Myrtle Ave","40.693261","-73.968896","239","Willoughby St & Fleet St","40.69196566","-73.9813018","16626","Subscriber","1983","1"
"534","2013-12-01 10:54:15","2013-12-01 11:03:09","527","E 33 St & 1 Ave","40.74315566","-73.97434726","359","E 47 St & Park Ave","40.75510267","-73.97498696","14639","Subscriber","1983","1"
"370","2013-12-01 10:54:18","2013-12-01 11:00:28","531","Forsyth St & Broome St","40.71893904","-73.99266288","307","Canal St & Rutgers St","40.71427487","-73.98990025","15803","Subscriber","1972","2"
"252","2013-12-01 10:54:19","2013-12-01 10:58:31","325","E 19 St & 3 Ave","40.73624527","-73.98473765","545","E 23 St & 1 Ave","40.736502","-73.97809472","18738","Subscriber","1975","1"
"253","2013-12-01 10:54:27","2013-12-01 10:58:40","168","W 18 St & 6 Ave","40.73971301","-73.99456405","379","W 31 St & 7 Ave","40.749156","-73.9916","17581","Subscriber","1984","1"
"106","2013-12-01 10:54:28","2013-12-01 10:56:14","249","Harrison St & Hudson St","40.71870987","-74.0090009","79","Franklin St & W Broadway","40.71911552","-74.00666661","18756","Subscriber","1954","1"
"204","2013-12-01 10:54:44","2013-12-01 10:58:08","500","Broadway & W 51 St","40.76228826","-73.98336183","520","W 52 St & 5 Ave","40.75992262","-73.97648516","19977","Subscriber","1973","2"
"262","2013-12-01 10:54:44","2013-12-01 10:59:06","380","W 4 St & 7 Ave S","40.73401143","-74.00293877","496","E 16 St & 5 Ave","40.73726186","-73.99238967","17176","Subscriber","1987","1"
"226","2013-12-01 10:54:55","2013-12-01 10:58:41","391","Clark St & Henry St","40.69760127","-73.99344559","157","Henry St & Atlantic Ave","40.69089272","-73.99612349","14589","Subscriber","1986","1"
"313","2013-12-01 10:54:58","2013-12-01 11:00:11","494","W 26 St & 8 Ave","40.74734825","-73.99723551","168","W 18 St & 6 Ave","40.73971301","-73.99456405","19428","Subscriber","1967","1"
"485","2013-12-01 10:55:00","2013-12-01 11:03:05","483","E 12 St & 3 Ave","40.73223272","-73.98889957","251","Mott St & Prince St","40.72317958","-73.99480012","18614","Subscriber","1958","1"
"382","2013-12-01 10:55:10","2013-12-01 11:01:32","128","MacDougal St & Prince St","40.72710258","-74.00297088","254","W 11 St & 6 Ave","40.73532427","-73.99800419","18713","Subscriber","1956","2"
"134","2013-12-01 10:55:13","2013-12-01 10:57:27","375","Mercer St & Bleecker St","40.72679454","-73.99695094","335","Washington Pl & Broadway","40.72903917","-73.99404649","15090","Subscriber","1989","1"
"1195","2013-12-01 10:55:14","2013-12-01 11:15:09","441","E 52 St & 2 Ave","40.756014","-73.967416","281","Grand Army Plaza & Central Park S","40.7643971","-73.97371465","14839","Subscriber","1944","2"
"408","2013-12-01 10:55:17","2013-12-01 11:02:05","410","Suffolk St & Stanton St","40.72066442","-73.98517977","326","E 11 St & 1 Ave","40.72953837","-73.98426726","16046","Subscriber","1987","1"
"561","2013-12-01 10:55:27","2013-12-01 11:04:48","490","8 Ave & W 33 St","40.751551","-73.993934","447","8 Ave & W 52 St","40.76370739","-73.9851615","16005","Subscriber","1958","2"
"708","2013-12-01 10:55:27","2013-12-01 11:07:15","492","W 33 St & 7 Ave","40.75019995","-73.99093085","345","W 13 St & 6 Ave","40.73649403","-73.99704374","15157","Subscriber","1986","2"
"578","2013-12-01 10:55:28","2013-12-01 11:05:06","507","E 25 St & 2 Ave","40.73912601","-73.97973776","497","E 17 St & Broadway","40.73704984","-73.99009296","14894","Subscriber","1988","1"
"632","2013-12-01 10:55:32","2013-12-01 11:06:04","538","W 49 St & 5 Ave","40.75795248","-73.97787642","2006","Central Park S & 6 Ave","40.76590936","-73.97634151","15460","Customer",\N,"0"
"478","2013-12-01 10:55:39","2013-12-01 11:03:37","229","Great Jones St","40.72743423","-73.99379025","2004","6 Ave & Broome St","40.724399","-74.004704","16498","Subscriber","1979","2"
"624","2013-12-01 10:55:42","2013-12-01 11:06:06","538","W 49 St & 5 Ave","40.75795248","-73.97787642","2006","Central Park S & 6 Ave","40.76590936","-73.97634151","14766","Customer",\N,"0"
"152","2013-12-01 10:55:45","2013-12-01 10:58:17","345","W 13 St & 6 Ave","40.73649403","-73.99704374","168","W 18 St & 6 Ave","40.73971301","-73.99456405","19799","Subscriber","1978","1"
"841","2013-12-01 10:55:46","2013-12-01 11:09:47","285","Broadway & E 14 St","40.73454567","-73.99074142","317","E 6 St & Avenue B","40.72453734","-73.98185424","17970","Subscriber","1947","1"
"2456","2013-12-01 10:55:52","2013-12-01 11:36:48","394","E 9 St & Avenue C","40.72521311","-73.97768752","327","Vesey Pl & River Terrace","40.7153379","-74.01658354","18652","Subscriber","1951","1"
"2590","2013-12-01 10:55:54","2013-12-01 11:39:04","352","W 56 St & 6 Ave","40.76340613","-73.97722479","2006","Central Park S & 6 Ave","40.76590936","-73.97634151","20338","Customer",\N,"0"
"441","2013-12-01 10:55:56","2013-12-01 11:03:17","161","LaGuardia Pl & W 3 St","40.72917025","-73.99810231","369","Washington Pl & 6 Ave","40.73224119","-74.00026394","19270","Subscriber","1984","1"
"383","2013-12-01 10:56:02","2013-12-01 11:02:25","503","E 20 St & Park Ave","40.73827428","-73.98751968","116","W 17 St & 8 Ave","40.74177603","-74.00149746","16147","Subscriber","1983","1"
"434","2013-12-01 10:56:10","2013-12-01 11:03:24","445","E 10 St & Avenue A","40.72740794","-73.98142006","285","Broadway & E 14 St","40.73454567","-73.99074142","18106","Subscriber","1987","1"
"630","2013-12-01 10:56:10","2013-12-01 11:06:40","509","9 Ave & W 22 St","40.7454973","-74.00197139","161","LaGuardia Pl & W 3 St","40.72917025","-73.99810231","18325","Subscriber","1978","1"
"1111","2013-12-01 10:56:12","2013-12-01 11:14:43","540","Lexington Ave & E 26 St","40.74147286","-73.98320928","127","Barrow St & Hudson St","40.73172428","-74.00674436","20708","Subscriber","1967","1"
"527","2013-12-01 10:56:29","2013-12-01 11:05:16","459","W 20 St & 11 Ave","40.746745","-74.007756","497","E 17 St & Broadway","40.73704984","-73.99009296","19571","Subscriber","1988","2"
"3468","2013-12-01 10:56:45","2013-12-01 11:54:33","538","W 49 St & 5 Ave","40.75795248","-73.97787642","335","Washington Pl & Broadway","40.72903917","-73.99404649","19676","Customer",\N,"0"
"304","2013-12-01 10:56:52","2013-12-01 11:01:56","435","W 21 St & 6 Ave","40.74173969","-73.99415556","247","Perry St & Bleecker St","40.73535398","-74.00483091","20768","Subscriber","1983","1"
"148","2013-12-01 10:56:57","2013-12-01 10:59:25","438","St Marks Pl & 1 Ave","40.72779126","-73.98564945","300","Shevchenko Pl & E 6 St","40.728145","-73.990214","15567","Subscriber","1983","1"
"1141","2013-12-01 10:57:08","2013-12-01 11:16:09","398","Atlantic Ave & Furman St","40.69165183","-73.9999786","217","Old Fulton St","40.70277159","-73.99383605","15299","Customer",\N,"0"
"252","2013-12-01 10:57:10","2013-12-01 11:01:22","528","2 Ave & E 31 St","40.74290902","-73.97706058","160","E 37 St & Lexington Ave","40.748238","-73.978311","15699","Subscriber","1983","1"
"103","2013-12-01 10:57:14","2013-12-01 10:58:57","322","Clinton St & Tillary St","40.696192","-73.991218","233","Joralemon St & Adams St","40.69246277","-73.98963911","15507","Subscriber","1983","1"
"99","2013-12-01 10:57:20","2013-12-01 10:58:59","459","W 20 St & 11 Ave","40.746745","-74.007756","326","E 11 St & 1 Ave","40.72953837","-73.98426726","20011","Subscriber","1974","1"
"2212","2013-12-01 10:57:22","2013-12-01 11:34:14","527","E 33 St & 1 Ave","40.74315566","-73.97434726","303","Mercer St & Spring St","40.72362738","-73.99949601","17705","Subscriber","1959","1"
"936","2013-12-01 10:57:23","2013-12-01 11:12:59","363","West Thames St","40.70834698","-74.01713445","263","Elizabeth St & Hester St","40.71729","-73.996375","14727","Subscriber","1981","1"
"7897","2013-12-01 10:57:27","2013-12-01 13:09:04","281","Grand Army Plaza & Central Park S","40.7643971","-73.97371465","281","Grand Army Plaza & Central Park S","40.7643971","-73.97371465","16192","Customer",\N,"0"
"255","2013-12-01 10:57:30","2013-12-01 11:01:45","504","1 Ave & E 15 St","40.73221853","-73.98165557","432","E 7 St & Avenue A","40.72621788","-73.98379855","15354","Subscriber","1996","2"
"689","2013-12-01 10:57:34","2013-12-01 11:09:03","297","E 15 St & 3 Ave","40.734232","-73.986923","311","Norfolk St & Broome St","40.7172274","-73.98802084","16474","Subscriber","1976","1"
"7893","2013-12-01 10:57:39","2013-12-01 13:09:12","281","Grand Army Plaza & Central Park S","40.7643971","-73.97371465","281","Grand Army Plaza & Central Park S","40.7643971","-73.97371465","14623","Customer",\N,"0"
"630","2013-12-01 10:57:45","2013-12-01 11:08:15","477","W 41 St & 8 Ave","40.75640548","-73.9900262","509","9 Ave & W 22 St","40.7454973","-74.00197139","17400","Subscriber","1974","1"
"1796","2013-12-01 10:57:49","2013-12-01 11:27:45","2004","6 Ave & Broome St","40.724399","-74.004704","546","E 30 St & Park Ave S","40.74444921","-73.98303529","15685","Customer",\N,"0"
"1145","2013-12-01 10:57:53","2013-12-01 11:16:58","398","Atlantic Ave & Furman St","40.69165183","-73.9999786","217","Old Fulton St","40.70277159","-73.99383605","20966","Customer",\N,"0"
"526","2013-12-01 10:57:56","2013-12-01 11:06:42","127","Barrow St & Hudson St","40.73172428","-74.00674436","276","Duane St & Greenwich St","40.71748752","-74.0104554","16881","Subscriber","1980","1"
"586","2013-12-01 10:57:58","2013-12-01 11:07:44","499","Broadway & W 60 St","40.76915505","-73.98191841","367","E 53 St & Lexington Ave","40.75828065","-73.97069431","20900","Subscriber","1975","1"
"179","2013-12-01 10:58:00","2013-12-01 11:00:59","302","Avenue D & E 3 St","40.72082834","-73.97793172","342","Columbia St & Rivington St","40.71739973","-73.98016555","15834","Subscriber","1974","1"
"293","2013-12-01 10:58:04","2013-12-01 11:02:57","528","2 Ave & E 31 St","40.74290902","-73.97706058","507","E 25 St & 2 Ave","40.73912601","-73.97973776","19599","Subscriber","1944","1"
"1497","2013-12-01 10:58:08","2013-12-01 11:23:05","233","Joralemon St & Adams St","40.69246277","-73.98963911","216","Columbia Heights & Cranberry St","40.70037867","-73.99548059","19620","Subscriber","1987","1"
"366","2013-12-01 10:58:13","2013-12-01 11:04:19","486","Broadway & W 29 St","40.7462009","-73.98855723","524","W 43 St & 6 Ave","40.75527307","-73.98316936","15589","Subscriber","1977","1"
"588","2013-12-01 10:58:17","2013-12-01 11:08:05","450","W 49 St & 8 Ave","40.76227205","-73.98788205","536","1 Ave & E 30 St","40.74144387","-73.97536082","16977","Subscriber","1966","1"
"1009","2013-12-01 10:58:19","2013-12-01 11:15:08","423","W 54 St & 9 Ave","40.76584941","-73.98690506","152","Warren St & Church St","40.71473993","-74.00910627","20067","Subscriber","1970","1"
"1672","2013-12-01 10:58:21","2013-12-01 11:26:13","2004","6 Ave & Broome St","40.724399","-74.004704","546","E 30 St & Park Ave S","40.74444921","-73.98303529","15831","Customer",\N,"0"
"995","2013-12-01 10:58:27","2013-12-01 11:15:02","489","10 Ave & W 28 St","40.75066386","-74.00176802","252","MacDougal St & Washington Sq","40.73226398","-73.99852205","16853","Subscriber","1954","1"
"548","2013-12-01 10:58:39","2013-12-01 11:07:47","275","Washington Ave & Greene Ave","40.68650065","-73.96563307","390","Duffield St & Willoughby St","40.69221589","-73.9842844","19296","Subscriber","1982","2"
"171","2013-12-01 10:58:48","2013-12-01 11:01:39","224","Spruce St & Nassau St","40.71146364","-74.00552427","319","Park Pl & Church St","40.71336124","-74.00937622","16158","Subscriber","1958","1"
"989","2013-12-01 10:58:51","2013-12-01 11:15:20","350","Clinton St & Grand St","40.71559509","-73.9870295","497","E 17 St & Broadway","40.73704984","-73.99009296","20554","Subscriber","1980","2"
"497","2013-12-01 10:59:12","2013-12-01 11:07:29","325","E 19 St & 3 Ave","40.73624527","-73.98473765","345","W 13 St & 6 Ave","40.73649403","-73.99704374","18745","Subscriber","1971","1"
"511","2013-12-01 10:59:17","2013-12-01 11:07:48","320","Church St & Leonard St","40.71743998","-74.00583475","195","Liberty St & Broadway","40.70905623","-74.01043382","20983","Subscriber","1983","1"
"888","2013-12-01 10:59:35","2013-12-01 11:14:23","499","Broadway & W 60 St","40.76915505","-73.98191841","540","Lexington Ave & E 26 St","40.74147286","-73.98320928","17879","Subscriber","1986","1"
"299","2013-12-01 10:59:38","2013-12-01 11:04:37","384","Fulton St & Waverly Ave","40.68317813","-73.9659641","83","Atlantic Ave & Fort Greene Pl","40.68382604","-73.97632328","17218","Subscriber","1950","1"
"321","2013-12-01 10:59:40","2013-12-01 11:05:01","463","9 Ave & W 16 St","40.74206539","-74.00443172","435","W 21 St & 6 Ave","40.74173969","-73.99415556","16167","Subscriber","1954","1"
"505","2013-12-01 10:59:44","2013-12-01 11:08:09","152","Warren St & Church St","40.71473993","-74.00910627","529","W 42 St & 8 Ave","40.7575699","-73.99098507","17927","Subscriber","1981","2"
"443","2013-12-01 10:59:48","2013-12-01 11:07:11","502","Henry St & Grand St","40.714215","-73.981346","312","Allen St & E Houston St","40.722055","-73.989111","20812","Subscriber","1978","1"
"774","2013-12-01 10:59:51","2013-12-01 11:12:45","499","Broadway & W 60 St","40.76915505","-73.98191841","456","E 53 St & Madison Ave","40.7597108","-73.97402311","18978","Subscriber","1984","1"
"1337","2013-12-01 10:59:55","2013-12-01 11:22:12","153","E 40 St & 5 Ave","40.752062307","-73.9816324043","482","W 15 St & 7 Ave","40.73935542","-73.99931783","20154","Subscriber","1976","1"
"355","2013-12-01 10:59:55","2013-12-01 11:05:50","79","Franklin St & W Broadway","40.71911552","-74.00666661","426","West St & Chambers St","40.71754834","-74.01322069","17457","Subscriber","1980","1"
"412","2013-12-01 10:59:59","2013-12-01 11:06:51","327","Vesey Pl & River Terrace","40.7153379","-74.01658354","249","Harrison St & Hudson St","40.71870987","-74.0090009","15751","Subscriber","1982","1"
"291","2013-12-01 11:00:14","2013-12-01 11:05:05","479","9 Ave & W 45 St","40.76019252","-73.9912551","448","W 37 St & 10 Ave","40.75660359","-73.9979009","16646","Subscriber","1982","1"
"296","2013-12-01 11:00:24","2013-12-01 11:05:20","500","Broadway & W 51 St","40.76228826","-73.98336183","457","Broadway & W 58 St","40.76695317","-73.98169333","19289","Subscriber","1983","2"
"317","2013-12-01 11:00:33","2013-12-01 11:05:50","482","W 15 St & 7 Ave","40.73935542","-73.99931783","459","W 20 St & 11 Ave","40.746745","-74.007756","19457","Subscriber","1985","2"
"255","2013-12-01 11:00:36","2013-12-01 11:04:51","391","Clark St & Henry St","40.69760127","-73.99344559","157","Henry St & Atlantic Ave","40.69089272","-73.99612349","17614","Subscriber","1980","2"
"294","2013-12-01 11:00:37","2013-12-01 11:05:31","500","Broadway & W 51 St","40.76228826","-73.98336183","457","Broadway & W 58 St","40.76695317","-73.98169333","15366","Subscriber","1983","1"
"234","2013-12-01 11:00:47","2013-12-01 11:04:41","161","LaGuardia Pl & W 3 St","40.72917025","-73.99810231","128","MacDougal St & Prince St","40.72710258","-74.00297088","20771","Subscriber","1962","2"
"557","2013-12-01 11:00:48","2013-12-01 11:10:05","473","Rivington St & Chrystie St","40.72110063","-73.9919254","326","E 11 St & 1 Ave","40.72953837","-73.98426726","19099","Subscriber","1983","1"
"657","2013-12-01 11:00:54","2013-12-01 11:11:51","388","W 26 St & 10 Ave","40.749717753","-74.002950346","523","W 38 St & 8 Ave","40.75466591","-73.99138152","19903","Subscriber","1971","1"
"230","2013-12-01 11:01:12","2013-12-01 11:05:02","404","9 Ave & W 14 St","40.7405826","-74.00550867","247","Perry St & Bleecker St","40.73535398","-74.00483091","15922","Subscriber","1977","2"
"1459","2013-12-01 11:01:17","2013-12-01 11:25:36","257","Lispenard St & Broadway","40.71939226","-74.00247214","296","Division St & Bowery","40.71413089","-73.9970468","20568","Subscriber","1948","1"
"533","2013-12-01 11:01:18","2013-12-01 11:10:11","473","Rivington St & Chrystie St","40.72110063","-73.9919254","326","E 11 St & 1 Ave","40.72953837","-73.98426726","16985","Subscriber","1986","2"
"297","2013-12-01 11:01:21","2013-12-01 11:06:18","311","Norfolk St & Broome St","40.7172274","-73.98802084","349","Rivington St & Ridge St","40.71850211","-73.98329859","16729","Subscriber","1975","1"
"413","2013-12-01 11:01:34","2013-12-01 11:08:27","284","Greenwich Ave & 8 Ave","40.7390169121","-74.0026376103","358","Christopher St & Greenwich St","40.73291553","-74.00711384","18103","Subscriber","1953","1"
"1958","2013-12-01 11:01:36","2013-12-01 11:34:14","332","Cherry St","40.71219906","-73.97948148","523","W 38 St & 8 Ave","40.75466591","-73.99138152","17293","Subscriber","1959","1"
"558","2013-12-01 11:01:39","2013-12-01 11:10:57","251","Mott St & Prince St","40.72317958","-73.99480012","432","E 7 St & Avenue A","40.72621788","-73.98379855","16897","Subscriber","1988","1"
"496","2013-12-01 11:01:47","2013-12-01 11:10:03","373","Willoughby Ave & Walworth St","40.69331716","-73.95381995","526","E 33 St & 5 Ave","40.74765947","-73.98490707","20987","Subscriber","1986","1"
"554","2013-12-01 11:01:54","2013-12-01 11:11:08","383","Greenwich Ave & Charles St","40.735238","-74.000271","151","Cleveland Pl & Spring St","40.7218158","-73.99720307","19353","Subscriber","1987","2"
"443","2013-12-01 11:01:57","2013-12-01 11:09:20","268","Howard St & Centre St","40.71910537","-73.99973337","335","Washington Pl & Broadway","40.72903917","-73.99404649","16542","Subscriber","1993","1"
"651","2013-12-01 11:02:02","2013-12-01 11:12:53","512","W 29 St & 9 Ave","40.7500727","-73.99839279","472","E 32 St & Park Ave","40.7457121","-73.98194829","15113","Subscriber","1976","1"
"132","2013-12-01 11:02:03","2013-12-01 11:04:15","326","E 11 St & 1 Ave","40.72953837","-73.98426726","445","E 10 St & Avenue A","40.72740794","-73.98142006","18992","Subscriber","1988","1"
"326","2013-12-01 11:02:07","2013-12-01 11:07:33","497","E 17 St & Broadway","40.73704984","-73.99009296","237","E 11 St & 2 Ave","40.73047309","-73.98672378","19831","Subscriber","1984","1"
"420","2013-12-01 11:02:07","2013-12-01 11:09:07","545","E 23 St & 1 Ave","40.736502","-73.97809472","402","Broadway & E 22 St","40.7403432","-73.98955109","20749","Subscriber","1974","1"
"946","2013-12-01 11:02:17","2013-12-01 11:18:03","258","DeKalb Ave & Vanderbilt Ave","40.68940747","-73.96885458","2002","Wythe Ave & Metropolitan Ave","40.716887","-73.963198","17609","Subscriber","1976","1"
"2127","2013-12-01 11:02:27","2013-12-01 11:37:54","489","10 Ave & W 28 St","40.75066386","-74.00176802","147","Greenwich St & Warren St","40.71542197","-74.01121978","16309","Subscriber","1939","1"
"1827","2013-12-01 11:02:28","2013-12-01 11:32:55","489","10 Ave & W 28 St","40.75066386","-74.00176802","147","Greenwich St & Warren St","40.71542197","-74.01121978","18683","Subscriber","1955","2"
"691","2013-12-01 11:02:38","2013-12-01 11:14:09","428","E 3 St & 1 Ave","40.72467721","-73.98783413","335","Washington Pl & Broadway","40.72903917","-73.99404649","16788","Subscriber","1988","1"
"357","2013-12-01 11:02:42","2013-12-01 11:08:39","494","W 26 St & 8 Ave","40.74734825","-73.99723551","404","9 Ave & W 14 St","40.7405826","-74.00550867","17841","Subscriber","1963","1"
"325","2013-12-01 11:02:54","2013-12-01 11:08:19","168","W 18 St & 6 Ave","40.73971301","-73.99456405","474","5 Ave & E 29 St","40.7451677","-73.98683077","19799","Subscriber","1984","1"
"1610","2013-12-01 11:02:54","2013-12-01 11:29:44","259","South St & Whitehall St","40.70122128","-74.01234218","302","Avenue D & E 3 St","40.72082834","-73.97793172","17162","Customer",\N,"0"
"756","2013-12-01 11:02:54","2013-12-01 11:15:30","497","E 17 St & Broadway","40.73704984","-73.99009296","498","Broadway & W 32 St","40.74854862","-73.98808416","17191","Subscriber","1993","2"
"325","2013-12-01 11:02:58","2013-12-01 11:08:23","442","W 27 St & 7 Ave","40.746647","-73.993915","223","W 13 St & 7 Ave","40.73781509","-73.99994661","18071","Subscriber","1967","1"
"354","2013-12-01 11:03:10","2013-12-01 11:09:04","291","Madison St & Montgomery St","40.713126","-73.984844","412","Forsyth St & Canal St","40.7158155","-73.99422366","16451","Subscriber","1989","1"
"651","2013-12-01 11:03:12","2013-12-01 11:14:03","483","E 12 St & 3 Ave","40.73223272","-73.98889957","335","Washington Pl & Broadway","40.72903917","-73.99404649","17613","Subscriber","1955","1"
"1315","2013-12-01 11:03:16","2013-12-01 11:25:11","444","Broadway & W 24 St","40.7423543","-73.98915076","499","Broadway & W 60 St","40.76915505","-73.98191841","16628","Subscriber","1971","1"
"325","2013-12-01 11:03:17","2013-12-01 11:08:42","301","E 2 St & Avenue B","40.72217444","-73.98368779","401","Allen St & Rivington St","40.72019576","-73.98997825","15004","Subscriber","1985","1"
"1562","2013-12-01 11:03:17","2013-12-01 11:29:19","259","South St & Whitehall St","40.70122128","-74.01234218","302","Avenue D & E 3 St","40.72082834","-73.97793172","15806","Customer",\N,"0"
"424","2013-12-01 11:03:26","2013-12-01 11:10:30","127","Barrow St & Hudson St","40.73172428","-74.00674436","382","University Pl & E 14 St","40.73492695","-73.99200509","20063","Subscriber","1994","2"
"2472","2013-12-01 11:03:36","2013-12-01 11:44:48","128","MacDougal St & Prince St","40.72710258","-74.00297088","441","E 52 St & 2 Ave","40.756014","-73.967416","18603","Subscriber","1980","2"
"215","2013-12-01 11:03:38","2013-12-01 11:07:13","453","W 22 St & 8 Ave","40.74475148","-73.99915362","482","W 15 St & 7 Ave","40.73935542","-73.99931783","20191","Subscriber","1983","1"
"1100","2013-12-01 11:04:12","2013-12-01 11:22:32","242","Flushing Ave & Carlton Ave","40.69788349","-73.97350332","481","S 3 St & Bedford Ave","40.71260486","-73.96264403","18352","Subscriber","1987","2"
"405","2013-12-01 11:04:15","2013-12-01 11:11:00","459","W 20 St & 11 Ave","40.746745","-74.007756","297","E 15 St & 3 Ave","40.734232","-73.986923","20624","Subscriber","1990","1"
"1903","2013-12-01 11:04:18","2013-12-01 11:36:01","289","Monroe St & Classon Ave","40.6845683","-73.95881081","411","E 6 St & Avenue D","40.72228087","-73.97668709","19288","Subscriber","1979","2"
"328","2013-12-01 11:04:18","2013-12-01 11:09:46","254","W 11 St & 6 Ave","40.73532427","-73.99800419","382","University Pl & E 14 St","40.73492695","-73.99200509","15109","Subscriber","1964","2"
"498","2013-12-01 11:04:23","2013-12-01 11:12:41","497","E 17 St & Broadway","40.73704984","-73.99009296","509","9 Ave & W 22 St","40.7454973","-74.00197139","20661","Subscriber","1967","1"
"353","2013-12-01 11:04:23","2013-12-01 11:10:16","254","W 11 St & 6 Ave","40.73532427","-73.99800419","382","University Pl & E 14 St","40.73492695","-73.99200509","18690","Subscriber","1964","1"
"723","2013-12-01 11:04:31","2013-12-01 11:16:34","2000","Front St & Washington St","40.70255088","-73.98940236","412","Forsyth St & Canal St","40.7158155","-73.99422366","16266","Subscriber","1977","1"
"873","2013-12-01 11:04:35","2013-12-01 11:19:08","116","W 17 St & 8 Ave","40.74177603","-74.00149746","161","LaGuardia Pl & W 3 St","40.72917025","-73.99810231","19423","Subscriber","1958","2"
"273","2013-12-01 11:04:43","2013-12-01 11:09:16","482","W 15 St & 7 Ave","40.73935542","-73.99931783","496","E 16 St & 5 Ave","40.73726186","-73.99238967","17053","Subscriber","1986","2"
"243","2013-12-01 11:04:45","2013-12-01 11:08:48","463","9 Ave & W 16 St","40.74206539","-74.00443172","462","W 22 St & 10 Ave","40.74691959","-74.00451887","18292","Subscriber","1964","1"
"327","2013-12-01 11:04:48","2013-12-01 11:10:15","472","E 32 St & Park Ave","40.7457121","-73.98194829","519","Pershing Square N","40.75188406","-73.97770164","19730","Subscriber","1989","1"
"240","2013-12-01 11:04:49","2013-12-01 11:08:49","350","Clinton St & Grand St","40.71559509","-73.9870295","531","Forsyth St & Broome St","40.71893904","-73.99266288","20802","Subscriber","1980","1"
"497","2013-12-01 11:04:57","2013-12-01 11:13:14","510","W 51 St & 6 Ave","40.7606597","-73.98042047","510","W 51 St & 6 Ave","40.7606597","-73.98042047","16421","Customer",\N,"0"
"354","2013-12-01 11:04:58","2013-12-01 11:10:52","401","Allen St & Rivington St","40.72019576","-73.98997825","128","MacDougal St & Prince St","40.72710258","-74.00297088","15824","Subscriber","1989","1"
"116","2013-12-01 11:05:01","2013-12-01 11:06:57","360","William St & Pine St","40.70717936","-74.00887308","316","Fulton St & William St","40.70955958","-74.00653609","18735","Subscriber","1985","2"
"686","2013-12-01 11:05:05","2013-12-01 11:16:31","468","Broadway & W 55 St","40.7652654","-73.98192338","505","6 Ave & W 33 St","40.74901271","-73.98848395","19950","Subscriber","1985","1"
"437","2013-12-01 11:05:13","2013-12-01 11:12:30","470","W 20 St & 8 Ave","40.74345335","-74.00004031","116","W 17 St & 8 Ave","40.74177603","-74.00149746","15703","Subscriber","1964","1"
"1617","2013-12-01 11:05:23","2013-12-01 11:32:20","510","W 51 St & 6 Ave","40.7606597","-73.98042047","173","Broadway & W 49 St","40.76064679","-73.98442659","16096","Customer",\N,"0"
"1653","2013-12-01 11:05:25","2013-12-01 11:32:58","510","W 51 St & 6 Ave","40.7606597","-73.98042047","173","Broadway & W 49 St","40.76064679","-73.98442659","17730","Customer",\N,"0"
"255","2013-12-01 11:05:26","2013-12-01 11:09:41","212","W 16 St & The High Line","40.74334935","-74.00681753","509","9 Ave & W 22 St","40.7454973","-74.00197139","16667","Subscriber","1957","1"
"530","2013-12-01 11:05:27","2013-12-01 11:14:17","83","Atlantic Ave & Fort Greene Pl","40.68382604","-73.97632328","497","E 17 St & Broadway","40.73704984","-73.99009296","15123","Subscriber","1980","1"
"668","2013-12-01 11:05:31","2013-12-01 11:16:39","160","E 37 St & Lexington Ave","40.748238","-73.978311","305","E 58 St & 3 Ave","40.76095756","-73.96724467","18468","Subscriber","1958","2"
"1025","2013-12-01 11:05:33","2013-12-01 11:22:38","242","Flushing Ave & Carlton Ave","40.69788349","-73.97350332","481","S 3 St & Bedford Ave","40.71260486","-73.96264403","16926","Customer",\N,"0"
"414","2013-12-01 11:05:35","2013-12-01 11:12:29","509","9 Ave & W 22 St","40.7454973","-74.00197139","380","W 4 St & 7 Ave S","40.73401143","-74.00293877","17019","Customer",\N,"0"
"496","2013-12-01 11:05:36","2013-12-01 11:13:52","346","Bank St & Hudson St","40.73652889","-74.00618026","293","Lafayette St & E 8 St","40.73028666","-73.9907647","20784","Subscriber","1978","2"
"1045","2013-12-01 11:05:44","2013-12-01 11:23:09","486","Broadway & W 29 St","40.7462009","-73.98855723","499","Broadway & W 60 St","40.76915505","-73.98191841","16736","Subscriber","1964","1"
"308","2013-12-01 11:05:49","2013-12-01 11:10:57","475","E 16 St & Irving Pl","40.73524276","-73.98758561","223","W 13 St & 7 Ave","40.73781509","-73.99994661","17741","Subscriber","1969","1"
"405","2013-12-01 11:05:54","2013-12-01 11:12:39","293","Lafayette St & E 8 St","40.73028666","-73.9907647","380","W 4 St & 7 Ave S","40.73401143","-74.00293877","18865","Subscriber","1966","1"
"590","2013-12-01 11:05:55","2013-12-01 11:15:45","365","Fulton St & Grand Ave","40.68223166","-73.9614583","218","Gallatin Pl & Livingston St","40.69028437","-73.98707105","19947","Subscriber","1969","1"
"1228","2013-12-01 11:05:55","2013-12-01 11:26:23","137","E 56 St & Madison Ave","40.761628","-73.972924","480","W 53 St & 10 Ave","40.76669671","-73.99061728","15054","Customer",\N,"0"
"421","2013-12-01 11:05:59","2013-12-01 11:13:00","499","Broadway & W 60 St","40.76915505","-73.98191841","305","E 58 St & 3 Ave","40.76095756","-73.96724467","16095","Subscriber","1976","1"
"472","2013-12-01 11:05:59","2013-12-01 11:13:51","291","Madison St & Montgomery St","40.713126","-73.984844","296","Division St & Bowery","40.71413089","-73.9970468","15480","Subscriber","1973","1"
"1223","2013-12-01 11:06:01","2013-12-01 11:26:24","137","E 56 St & Madison Ave","40.761628","-73.972924","480","W 53 St & 10 Ave","40.76669671","-73.99061728","17768","Customer",\N,"0"
"1089","2013-12-01 11:06:04","2013-12-01 11:24:13","311","Norfolk St & Broome St","40.7172274","-73.98802084","2002","Wythe Ave & Metropolitan Ave","40.716887","-73.963198","18369","Subscriber","1968","1"
"1605","2013-12-01 11:06:06","2013-12-01 11:32:51","236","St Marks Pl & 2 Ave","40.7284186","-73.98713956","236","St Marks Pl & 2 Ave","40.7284186","-73.98713956","18058","Subscriber","1954","2"
"481","2013-12-01 11:06:15","2013-12-01 11:14:16","151","Cleveland Pl & Spring St","40.7218158","-73.99720307","335","Washington Pl & Broadway","40.72903917","-73.99404649","14636","Subscriber","1947","1"
"971","2013-12-01 11:06:16","2013-12-01 11:22:27","466","W 25 St & 6 Ave","40.74395411","-73.99144871","410","Suffolk St & Stanton St","40.72066442","-73.98517977","17665","Subscriber","1979","1"
"357","2013-12-01 11:06:35","2013-12-01 11:12:32","280","E 10 St & 5 Ave","40.73331967","-73.99510132","404","9 Ave & W 14 St","40.7405826","-74.00550867","18425","Subscriber","1977","1"
"1664","2013-12-01 11:06:39","2013-12-01 11:34:23","514","12 Ave & W 40 St","40.76087502","-74.00277668","432","E 7 St & Avenue A","40.72621788","-73.98379855","16307","Subscriber","1967","1"
"263","2013-12-01 11:06:43","2013-12-01 11:11:06","345","W 13 St & 6 Ave","40.73649403","-73.99704374","116","W 17 St & 8 Ave","40.74177603","-74.00149746","18252","Subscriber","1975","1"
"1265","2013-12-01 11:06:45","2013-12-01 11:27:50","311","Norfolk St & Broome St","40.7172274","-73.98802084","431","Hanover Pl & Livingston St","40.68864636","-73.98263429","15808","Subscriber","1992","2"
"318","2013-12-01 11:06:46","2013-12-01 11:12:04","525","W 34 St & 11 Ave","40.75594159","-74.0021163","490","8 Ave & W 33 St","40.751551","-73.993934","19209","Subscriber","1955","1"
"349","2013-12-01 11:06:47","2013-12-01 11:12:36","300","Shevchenko Pl & E 6 St","40.728145","-73.990214","368","Carmine St & 6 Ave","40.73038599","-74.00214988","20253","Subscriber","1983","1"
"7535","2013-12-01 11:07:00","2013-12-01 13:12:35","352","W 56 St & 6 Ave","40.76340613","-73.97722479","305","E 58 St & 3 Ave","40.76095756","-73.96724467","19506","Customer",\N,"0"
"1180","2013-12-01 11:07:02","2013-12-01 11:26:42","380","W 4 St & 7 Ave S","40.73401143","-74.00293877","417","Barclay St & Church St","40.71291224","-74.01020234","19094","Subscriber","1978","1"
"1182","2013-12-01 11:07:03","2013-12-01 11:26:45","380","W 4 St & 7 Ave S","40.73401143","-74.00293877","417","Barclay St & Church St","40.71291224","-74.01020234","18474","Subscriber","1982","2"
"291","2013-12-01 11:07:05","2013-12-01 11:11:56","311","Norfolk St & Broome St","40.7172274","-73.98802084","296","Division St & Bowery","40.71413089","-73.9970468","15465","Subscriber","1985","2"
"383","2013-12-01 11:07:26","2013-12-01 11:13:49","503","E 20 St & Park Ave","40.73827428","-73.98751968","2003","1 Ave & E 18 St","40.73416059","-73.98024289","18137","Subscriber","1957","2"
"1653","2013-12-01 11:07:26","2013-12-01 11:34:59","340","Madison St & Clinton St","40.71269042","-73.98776323","265","Stanton St & Chrystie St","40.72229346","-73.99147535","20014","Subscriber","1952","1"
"579","2013-12-01 11:07:30","2013-12-01 11:17:09","497","E 17 St & Broadway","40.73704984","-73.99009296","257","Lispenard St & Broadway","40.71939226","-74.00247214","19647","Subscriber","1953","1"
"501","2013-12-01 11:07:36","2013-12-01 11:15:57","487","E 20 St & FDR Drive","40.73314259","-73.97573881","540","Lexington Ave & E 26 St","40.74147286","-73.98320928","16953","Subscriber","1963","1"
"7495","2013-12-01 11:07:37","2013-12-01 13:12:32","352","W 56 St & 6 Ave","40.76340613","-73.97722479","305","E 58 St & 3 Ave","40.76095756","-73.96724467","20765","Customer",\N,"0"
"843","2013-12-01 11:07:38","2013-12-01 11:21:41","346","Bank St & Hudson St","40.73652889","-74.00618026","529","W 42 St & 8 Ave","40.7575699","-73.99098507","14543","Subscriber","1991","2"
"769","2013-12-01 11:07:41","2013-12-01 11:20:30","472","E 32 St & Park Ave","40.7457121","-73.98194829","463","9 Ave & W 16 St","40.74206539","-74.00443172","16940","Subscriber","1960","1"
"579","2013-12-01 11:07:46","2013-12-01 11:17:25","393","E 5 St & Avenue C","40.72299208","-73.97995466","531","Forsyth St & Broome St","40.71893904","-73.99266288","20015","Subscriber","1955","1"
"929","2013-12-01 11:07:52","2013-12-01 11:23:21","515","W 43 St & 10 Ave","40.76009437","-73.99461843","367","E 53 St & Lexington Ave","40.75828065","-73.97069431","19043","Subscriber","1964","1"
"1541","2013-12-01 11:07:57","2013-12-01 11:33:38","3002","South End Ave & Liberty St","40.711512","-74.015756","435","W 21 St & 6 Ave","40.74173969","-73.99415556","15496","Subscriber","1971","2"
"1176","2013-12-01 11:08:03","2013-12-01 11:27:39","487","E 20 St & FDR Drive","40.73314259","-73.97573881","487","E 20 St & FDR Drive","40.73314259","-73.97573881","17396","Subscriber","1981","1"
"1053","2013-12-01 11:08:07","2013-12-01 11:25:40","522","E 51 St & Lexington Ave","40.75714758","-73.97207836","528","2 Ave & E 31 St","40.74290902","-73.97706058","17073","Customer",\N,"0"
"257","2013-12-01 11:08:22","2013-12-01 11:12:39","440","E 45 St & 3 Ave","40.75255434","-73.97282625","522","E 51 St & Lexington Ave","40.75714758","-73.97207836","15469","Subscriber","1985","2"
"570","2013-12-01 11:08:25","2013-12-01 11:17:55","252","MacDougal St & Washington Sq","40.73226398","-73.99852205","301","E 2 St & Avenue B","40.72217444","-73.98368779","17826","Subscriber","1989","1"
"1016","2013-12-01 11:08:28","2013-12-01 11:25:24","522","E 51 St & Lexington Ave","40.75714758","-73.97207836","528","2 Ave & E 31 St","40.74290902","-73.97706058","20540","Customer",\N,"0"
"928","2013-12-01 11:08:34","2013-12-01 11:24:02","346","Bank St & Hudson St","40.73652889","-74.00618026","438","St Marks Pl & 1 Ave","40.72779126","-73.98564945","19435","Subscriber","1974","2"
"316","2013-12-01 11:08:41","2013-12-01 11:13:57","470","W 20 St & 8 Ave","40.74345335","-74.00004031","442","W 27 St & 7 Ave","40.746647","-73.993915","19044","Subscriber","1991","1"
"1284","2013-12-01 11:08:42","2013-12-01 11:30:06","325","E 19 St & 3 Ave","40.73624527","-73.98473765","458","11 Ave & W 27 St","40.751396","-74.005226","16286","Subscriber","1956","1"
"1455","2013-12-01 11:08:54","2013-12-01 11:33:09","238","Bank St & Washington St","40.7361967","-74.00859207","513","W 56 St & 10 Ave","40.768254","-73.988639","14795","Customer",\N,"0"
"436","2013-12-01 11:09:04","2013-12-01 11:16:20","502","Henry St & Grand St","40.714215","-73.981346","394","E 9 St & Avenue C","40.72521311","-73.97768752","20956","Subscriber","1991","1"
"546","2013-12-01 11:09:06","2013-12-01 11:18:12","325","E 19 St & 3 Ave","40.73624527","-73.98473765","368","Carmine St & 6 Ave","40.73038599","-74.00214988","17881","Subscriber","1968","1"
"350","2013-12-01 11:09:07","2013-12-01 11:14:57","498","Broadway & W 32 St","40.74854862","-73.98808416","528","2 Ave & E 31 St","40.74290902","-73.97706058","19734","Subscriber","1989","1"
"421","2013-12-01 11:09:09","2013-12-01 11:16:10","526","E 33 St & 5 Ave","40.74765947","-73.98490707","390","Duffield St & Willoughby St","40.69221589","-73.9842844","17179","Subscriber","1969","1"
"1009","2013-12-01 11:09:09","2013-12-01 11:25:58","72","W 52 St & 11 Ave","40.76727216","-73.99392888","212","W 16 St & The High Line","40.74334935","-74.00681753","18923","Subscriber","1969","1"
"487","2013-12-01 11:09:09","2013-12-01 11:17:16","353","S Portland Ave & Hanson Pl","40.68539567","-73.97431458","289","Monroe St & Classon Ave","40.6845683","-73.95881081","19186","Subscriber","1986","2"
"482","2013-12-01 11:09:11","2013-12-01 11:17:13","502","Henry St & Grand St","40.714215","-73.981346","296","Division St & Bowery","40.71413089","-73.9970468","16902","Subscriber","1983","2"
"486","2013-12-01 11:09:19","2013-12-01 11:17:25","265","Stanton St & Chrystie St","40.72229346","-73.99147535","296","Division St & Bowery","40.71413089","-73.9970468","19169","Subscriber","1959","1"
"337","2013-12-01 11:09:22","2013-12-01 11:14:59","348","W Broadway & Spring St","40.72490985","-74.00154702","294","Washington Square E","40.73049393","-73.9957214","17473","Subscriber","1984","2"
"806","2013-12-01 11:09:22","2013-12-01 11:22:48","263","Elizabeth St & Hester St","40.71729","-73.996375","358","Christopher St & Greenwich St","40.73291553","-74.00711384","16245","Subscriber","1972","2"
"298","2013-12-01 11:09:22","2013-12-01 11:14:20","531","Forsyth St & Broome St","40.71893904","-73.99266288","410","Suffolk St & Stanton St","40.72066442","-73.98517977","20802","Subscriber","1987","1"
"319","2013-12-01 11:09:25","2013-12-01 11:14:44","382","University Pl & E 14 St","40.73492695","-73.99200509","326","E 11 St & 1 Ave","40.72953837","-73.98426726","18929","Subscriber","1984","2"
"1324","2013-12-01 11:09:30","2013-12-01 11:31:34","168","W 18 St & 6 Ave","40.73971301","-73.99456405","456","E 53 St & Madison Ave","40.7597108","-73.97402311","16625","Customer",\N,"0"
"2277","2013-12-01 11:09:30","2013-12-01 11:47:27","361","Allen St & Hester St","40.71605866","-73.99190759","361","Allen St & Hester St","40.71605866","-73.99190759","15962","Subscriber","1968","1"
"574","2013-12-01 11:09:31","2013-12-01 11:19:05","475","E 16 St & Irving Pl","40.73524276","-73.98758561","458","11 Ave & W 27 St","40.751396","-74.005226","15086","Subscriber","1969","1"
"212","2013-12-01 11:09:43","2013-12-01 11:13:15","435","W 21 St & 6 Ave","40.74173969","-73.99415556","402","Broadway & E 22 St","40.7403432","-73.98955109","20782","Subscriber","1975","1"
"614","2013-12-01 11:09:45","2013-12-01 11:19:59","352","W 56 St & 6 Ave","40.76340613","-73.97722479","519","Pershing Square N","40.75188406","-73.97770164","17742","Subscriber","1974","1"
"426","2013-12-01 11:09:46","2013-12-01 11:16:52","264","Maiden Ln & Pearl St","40.70706456","-74.00731853","327","Vesey Pl & River Terrace","40.7153379","-74.01658354","15206","Subscriber","1982","1"
"1241","2013-12-01 11:09:48","2013-12-01 11:30:29","519","Pershing Square N","40.75188406","-73.97770164","469","Broadway & W 53 St","40.76344058","-73.98268129","16545","Customer",\N,"0"
"188","2013-12-01 11:09:49","2013-12-01 11:12:57","401","Allen St & Rivington St","40.72019576","-73.98997825","311","Norfolk St & Broome St","40.7172274","-73.98802084","15583","Subscriber","1988","1"
"448","2013-12-01 11:09:49","2013-12-01 11:17:17","297","E 15 St & 3 Ave","40.734232","-73.986923","168","W 18 St & 6 Ave","40.73971301","-73.99456405","18797","Subscriber","1969","2"
"1410","2013-12-01 11:09:52","2013-12-01 11:33:22","238","Bank St & Washington St","40.7361967","-74.00859207","513","W 56 St & 10 Ave","40.768254","-73.988639","14668","Customer",\N,"0"
"544","2013-12-01 11:09:59","2013-12-01 11:19:03","435","W 21 St & 6 Ave","40.74173969","-73.99415556","247","Perry St & Bleecker St","40.73535398","-74.00483091","18205","Subscriber","1975","2"
"294","2013-12-01 11:10:01","2013-12-01 11:14:55","340","Madison St & Clinton St","40.71269042","-73.98776323","412","Forsyth St & Canal St","40.7158155","-73.99422366","16758","Subscriber","1957","1"
"511","2013-12-01 11:10:02","2013-12-01 11:18:33","515","W 43 St & 10 Ave","40.76009437","-73.99461843","457","Broadway & W 58 St","40.76695317","-73.98169333","17840","Subscriber","1969","1"
"472","2013-12-01 11:10:05","2013-12-01 11:17:57","263","Elizabeth St & Hester St","40.71729","-73.996375","300","Shevchenko Pl & E 6 St","40.728145","-73.990214","20580","Subscriber","1985","1"
"1555","2013-12-01 11:10:05","2013-12-01 11:36:00","318","E 43 St & Vanderbilt Ave","40.75320159","-73.9779874","499","Broadway & W 60 St","40.76915505","-73.98191841","17910","Customer",\N,"0"
"3125","2013-12-01 11:10:09","2013-12-01 12:02:14","505","6 Ave & W 33 St","40.74901271","-73.98848395","414","Pearl St & Anchorage Pl","40.70281858","-73.98765762","15529","Subscriber","1951","1"
"876","2013-12-01 11:10:10","2013-12-01 11:24:46","509","9 Ave & W 22 St","40.7454973","-74.00197139","546","E 30 St & Park Ave S","40.74444921","-73.98303529","16667","Subscriber","1958","1"
"7391","2013-12-01 11:10:11","2013-12-01 13:13:22","352","W 56 St & 6 Ave","40.76340613","-73.97722479","305","E 58 St & 3 Ave","40.76095756","-73.96724467","17460","Customer",\N,"0"
"814","2013-12-01 11:10:14","2013-12-01 11:23:48","445","E 10 St & Avenue A","40.72740794","-73.98142006","294","Washington Square E","40.73049393","-73.9957214","17813","Subscriber","1987","2"
"391","2013-12-01 11:10:15","2013-12-01 11:16:46","368","Carmine St & 6 Ave","40.73038599","-74.00214988","247","Perry St & Bleecker St","40.73535398","-74.00483091","16017","Subscriber","1975","1"
"472","2013-12-01 11:10:25","2013-12-01 11:18:17","243","Fulton St & Rockwell Pl","40.687979","-73.978474","446","W 24 St & 7 Ave","40.74487634","-73.99529885","15416","Subscriber","1983","2"
"1022","2013-12-01 11:10:32","2013-12-01 11:27:34","479","9 Ave & W 45 St","40.76019252","-73.9912551","357","E 11 St & Broadway","40.73261787","-73.99158043","16116","Subscriber","1964","2"
"820","2013-12-01 11:10:43","2013-12-01 11:24:23","473","Rivington St & Chrystie St","40.72110063","-73.9919254","254","W 11 St & 6 Ave","40.73532427","-73.99800419","20288","Subscriber","1970","1"
"1490","2013-12-01 11:10:45","2013-12-01 11:35:35","529","W 42 St & 8 Ave","40.7575699","-73.99098507","382","University Pl & E 14 St","40.73492695","-73.99200509","17438","Subscriber","1990","1"
"411","2013-12-01 11:10:46","2013-12-01 11:17:37","147","Greenwich St & Warren St","40.71542197","-74.01121978","316","Fulton St & William St","40.70955958","-74.00653609","18140","Subscriber","1981","1"
"918","2013-12-01 11:10:56","2013-12-01 11:26:14","503","E 20 St & Park Ave","40.73827428","-73.98751968","346","Bank St & Hudson St","40.73652889","-74.00618026","19648","Subscriber","1948","1"
"2007","2013-12-01 11:10:57","2013-12-01 11:44:24","479","9 Ave & W 45 St","40.76019252","-73.9912551","2004","6 Ave & Broome St","40.724399","-74.004704","19670","Subscriber","1985","2"
"1870","2013-12-01 11:10:58","2013-12-01 11:42:08","459","W 20 St & 11 Ave","40.746745","-74.007756","426","West St & Chambers St","40.71754834","-74.01322069","18025","Customer",\N,"0"
"658","2013-12-01 11:11:04","2013-12-01 11:22:02","461","E 20 St & 2 Ave","40.73587678","-73.98205027","459","W 20 St & 11 Ave","40.746745","-74.007756","16362","Subscriber","1985","1"
"596","2013-12-01 11:11:16","2013-12-01 11:21:12","507","E 25 St & 2 Ave","40.73912601","-73.97973776","494","W 26 St & 8 Ave","40.74734825","-73.99723551","17830","Subscriber","1986","2"
"845","2013-12-01 11:11:17","2013-12-01 11:25:22","394","E 9 St & Avenue C","40.72521311","-73.97768752","2010","Grand St & Greene St","40.72165481","-74.00234737","18935","Subscriber","1979","1"
"716","2013-12-01 11:11:22","2013-12-01 11:23:18","523","W 38 St & 8 Ave","40.75466591","-73.99138152","2009","Catherine St & Monroe St","40.71117444","-73.99682619","15521","Subscriber","1981","2"
"299","2013-12-01 11:11:26","2013-12-01 11:16:25","239","Willoughby St & Fleet St","40.69196566","-73.9813018","270","Adelphi St & Myrtle Ave","40.69308257","-73.97178913","15028","Subscriber","1976","1"
"1448","2013-12-01 11:11:35","2013-12-01 11:35:43","487","E 20 St & FDR Drive","40.73314259","-73.97573881","464","E 56 St & 3 Ave","40.75934501","-73.96759673","16665","Subscriber","1976","1"
"257","2013-12-01 11:11:36","2013-12-01 11:15:53","326","E 11 St & 1 Ave","40.72953837","-73.98426726","509","9 Ave & W 22 St","40.7454973","-74.00197139","20011","Subscriber","1955","1"
"218","2013-12-01 11:11:42","2013-12-01 11:15:20","334","W 20 St & 7 Ave","40.74238787","-73.99726235","434","9 Ave & W 18 St","40.74317449","-74.00366443","18225","Subscriber","1977","2"
"456","2013-12-01 11:11:45","2013-12-01 11:19:21","416","Cumberland St & Lafayette Ave","40.68753406","-73.97265183","399","Lafayette Ave & St James Pl","40.68851534","-73.9647628","19015","Subscriber","1987","2"
"280","2013-12-01 11:11:48","2013-12-01 11:16:28","518","E 39 St & 2 Ave","40.74780373","-73.9734419","359","E 47 St & Park Ave","40.75510267","-73.97498696","15176","Subscriber","1978","1"
"927","2013-12-01 11:11:53","2013-12-01 11:27:20","499","Broadway & W 60 St","40.76915505","-73.98191841","435","W 21 St & 6 Ave","40.74173969","-73.99415556","18046","Subscriber","1950","1"
"484","2013-12-01 11:11:59","2013-12-01 11:20:03","453","W 22 St & 8 Ave","40.74475148","-73.99915362","223","W 13 St & 7 Ave","40.73781509","-73.99994661","19346","Subscriber","1966","1"
"1702","2013-12-01 11:12:01","2013-12-01 11:40:23","501","FDR Drive & E 35 St","40.744219","-73.97121214","411","E 6 St & Avenue D","40.72228087","-73.97668709","16660","Customer",\N,"0"
"1224","2013-12-01 11:12:03","2013-12-01 11:32:27","540","Lexington Ave & E 26 St","40.74147286","-73.98320928","524","W 43 St & 6 Ave","40.75527307","-73.98316936","18099","Subscriber","1953","1"
"787","2013-12-01 11:12:05","2013-12-01 11:25:12","545","E 23 St & 1 Ave","40.736502","-73.97809472","280","E 10 St & 5 Ave","40.73331967","-73.99510132","15459","Subscriber","1943","1"
"215","2013-12-01 11:12:09","2013-12-01 11:15:44","312","Allen St & E Houston St","40.722055","-73.989111","473","Rivington St & Chrystie St","40.72110063","-73.9919254","17755","Subscriber","1965","1"
"1375","2013-12-01 11:12:12","2013-12-01 11:35:07","433","E 13 St & Avenue A","40.72955361","-73.98057249","308","St James Pl & Oliver St","40.71307916","-73.99851193","16308","Subscriber","1962","1"
"337","2013-12-01 11:12:18","2013-12-01 11:17:55","317","E 6 St & Avenue B","40.72453734","-73.98185424","312","Allen St & E Houston St","40.722055","-73.989111","17970","Subscriber","1971","1"
"1278","2013-12-01 11:12:29","2013-12-01 11:33:47","422","W 59 St & 10 Ave","40.770513","-73.988038","486","Broadway & W 29 St","40.7462009","-73.98855723","20685","Subscriber","1980","1"
"360","2013-12-01 11:12:32","2013-12-01 11:18:32","396","Lefferts Pl & Franklin Ave","40.680342423","-73.9557689392","120","Lexington Ave & Classon Ave","40.68676793","-73.95928168","16560","Subscriber","1984","1"
"595","2013-12-01 11:12:33","2013-12-01 11:22:28","498","Broadway & W 32 St","40.74854862","-73.98808416","285","Broadway & E 14 St","40.73454567","-73.99074142","17715","Subscriber","1954","1"
"577","2013-12-01 11:12:41","2013-12-01 11:22:18","290","2 Ave & E 58 St","40.76020258","-73.96478473","472","E 32 St & Park Ave","40.7457121","-73.98194829","16638","Subscriber","1968","1"
"893","2013-12-01 11:12:41","2013-12-01 11:27:34","82","St James Pl & Pearl St","40.71117416","-74.00016545","458","11 Ave & W 27 St","40.751396","-74.005226","19578","Customer",\N,"0"
"1902","2013-12-01 11:12:50","2013-12-01 11:44:32","405","Washington St & Gansevoort St","40.739323","-74.008119","441","E 52 St & 2 Ave","40.756014","-73.967416","19022","Subscriber","1981","2"
"503","2013-12-01 11:12:56","2013-12-01 11:21:19","265","Stanton St & Chrystie St","40.72229346","-73.99147535","2009","Catherine St & Monroe St","40.71117444","-73.99682619","16166","Subscriber","1988","1"
"607","2013-12-01 11:12:57","2013-12-01 11:23:04","457","Broadway & W 58 St","40.76695317","-73.98169333","479","9 Ave & W 45 St","40.76019252","-73.9912551","16914","Subscriber","1975","1"
"624","2013-12-01 11:12:57","2013-12-01 11:23:21","457","Broadway & W 58 St","40.76695317","-73.98169333","479","9 Ave & W 45 St","40.76019252","-73.9912551","17448","Subscriber","1975","2"
"1280","2013-12-01 11:13:01","2013-12-01 11:34:21","265","Stanton St & Chrystie St","40.72229346","-73.99147535","533","Broadway & W 39 St","40.75299641","-73.98721619","17887","Subscriber","1983","1"
"419","2013-12-01 11:13:02","2013-12-01 11:20:01","450","W 49 St & 8 Ave","40.76227205","-73.98788205","478","11 Ave & W 41 St","40.76030096","-73.99884222","16223","Subscriber","1963","1"
"900","2013-12-01 11:13:08","2013-12-01 11:28:08","82","St James Pl & Pearl St","40.71117416","-74.00016545","401","Allen St & Rivington St","40.72019576","-73.98997825","16602","Customer",\N,"0"
"1023","2013-12-01 11:13:15","2013-12-01 11:30:18","301","E 2 St & Avenue B","40.72217444","-73.98368779","466","W 25 St & 6 Ave","40.74395411","-73.99144871","17574","Subscriber","1957","1"
"443","2013-12-01 11:13:18","2013-12-01 11:20:41","339","Avenue D & E 12 St","40.72580614","-73.97422494","504","1 Ave & E 15 St","40.73221853","-73.98165557","18606","Subscriber","1989","1"
"591","2013-12-01 11:13:19","2013-12-01 11:23:10","394","E 9 St & Avenue C","40.72521311","-73.97768752","285","Broadway & E 14 St","40.73454567","-73.99074142","19364","Subscriber","1968","2"
"497","2013-12-01 11:13:21","2013-12-01 11:21:38","501","FDR Drive & E 35 St","40.744219","-73.97121214","519","Pershing Square N","40.75188406","-73.97770164","15161","Subscriber","1964","1"
"532","2013-12-01 11:13:30","2013-12-01 11:22:22","479","9 Ave & W 45 St","40.76019252","-73.9912551","494","W 26 St & 8 Ave","40.74734825","-73.99723551","20311","Subscriber","1979","1"
"264","2013-12-01 11:13:30","2013-12-01 11:17:54","137","E 56 St & Madison Ave","40.761628","-73.972924","468","Broadway & W 55 St","40.7652654","-73.98192338","20115","Subscriber","1988","2"
"432","2013-12-01 11:13:32","2013-12-01 11:20:44","382","University Pl & E 14 St","40.73492695","-73.99200509","168","W 18 St & 6 Ave","40.73971301","-73.99456405","16793","Subscriber","1949","1"
"369","2013-12-01 11:13:33","2013-12-01 11:19:42","404","9 Ave & W 14 St","40.7405826","-74.00550867","435","W 21 St & 6 Ave","40.74173969","-73.99415556","17841","Subscriber","1963","1"
"328","2013-12-01 11:13:41","2013-12-01 11:19:09","174","E 25 St & 1 Ave","40.7381765","-73.97738662","476","E 31 St & 3 Ave","40.74394314","-73.97966069","15203","Subscriber","1986","1"
"144","2013-12-01 11:13:44","2013-12-01 11:16:08","229","Great Jones St","40.72743423","-73.99379025","293","Lafayette St & E 8 St","40.73028666","-73.9907647","15643","Subscriber","1969","1"
"506","2013-12-01 11:13:53","2013-12-01 11:22:19","476","E 31 St & 3 Ave","40.74394314","-73.97966069","367","E 53 St & Lexington Ave","40.75828065","-73.97069431","19716","Subscriber","1987","1"
"422","2013-12-01 11:13:54","2013-12-01 11:20:56","433","E 13 St & Avenue A","40.72955361","-73.98057249","293","Lafayette St & E 8 St","40.73028666","-73.9907647","19941","Subscriber","1985","1"
"203","2013-12-01 11:14:04","2013-12-01 11:17:27","501","FDR Drive & E 35 St","40.744219","-73.97121214","527","E 33 St & 1 Ave","40.74315566","-73.97434726","18274","Subscriber","1984","1"
"251","2013-12-01 11:14:06","2013-12-01 11:18:17","450","W 49 St & 8 Ave","40.76227205","-73.98788205","510","W 51 St & 6 Ave","40.7606597","-73.98042047","17796","Subscriber","1985","2"
"386","2013-12-01 11:14:08","2013-12-01 11:20:34","328","Watts St & Greenwich St","40.72405549","-74.00965965","327","Vesey Pl & River Terrace","40.7153379","-74.01658354","14829","Subscriber","1952","1"
"1596","2013-12-01 11:14:17","2013-12-01 11:40:53","2008","Little West St & 1 Pl","40.70569254","-74.01677685","251","Mott St & Prince St","40.72317958","-73.99480012","17900","Subscriber","1976","1"
"792","2013-12-01 11:14:24","2013-12-01 11:27:36","439","E 4 St & 2 Ave","40.7262807","-73.98978041","540","Lexington Ave & E 26 St","40.74147286","-73.98320928","18897","Subscriber","1987","2"
"655","2013-12-01 11:14:30","2013-12-01 11:25:25","457","Broadway & W 58 St","40.76695317","-73.98169333","173","Broadway & W 49 St","40.76064679","-73.98442659","16298","Customer",\N,"0"
"398","2013-12-01 11:14:36","2013-12-01 11:21:14","312","Allen St & E Houston St","40.722055","-73.989111","348","W Broadway & Spring St","40.72490985","-74.00154702","19172","Subscriber","1984","1"
"1070","2013-12-01 11:14:44","2013-12-01 11:32:34","368","Carmine St & 6 Ave","40.73038599","-74.00214988","351","Front St & Maiden Ln","40.70530954","-74.00612572","20253","Subscriber","1986","1"
"476","2013-12-01 11:14:51","2013-12-01 11:22:47","212","W 16 St & The High Line","40.74334935","-74.00681753","448","W 37 St & 10 Ave","40.75660359","-73.9979009","20642","Subscriber","1986","1"
"1325","2013-12-01 11:14:51","2013-12-01 11:36:56","150","E 2 St & Avenue C","40.7208736","-73.98085795","505","6 Ave & W 33 St","40.74901271","-73.98848395","16036","Subscriber","1963","2"
"313","2013-12-01 11:14:59","2013-12-01 11:20:12","454","E 51 St & 1 Ave","40.75455731","-73.96592976","522","E 51 St & Lexington Ave","40.75714758","-73.97207836","14930","Subscriber","1960","1"
"243","2013-12-01 11:15:01","2013-12-01 11:19:04","454","E 51 St & 1 Ave","40.75455731","-73.96592976","522","E 51 St & Lexington Ave","40.75714758","-73.97207836","19390","Subscriber","1959","2"
"361","2013-12-01 11:15:14","2013-12-01 11:21:15","361","Allen St & Hester St","40.71605866","-73.99190759","401","Allen St & Rivington St","40.72019576","-73.98997825","15863","Subscriber","1959","1"
"695","2013-12-01 11:15:15","2013-12-01 11:26:50","528","2 Ave & E 31 St","40.74290902","-73.97706058","496","E 16 St & 5 Ave","40.73726186","-73.99238967","19551","Subscriber","1974","1"
"409","2013-12-01 11:15:15","2013-12-01 11:22:04","477","W 41 St & 8 Ave","40.75640548","-73.9900262","362","Broadway & W 37 St","40.75172632","-73.98753523","15100","Subscriber","1986","1"
"809","2013-12-01 11:15:16","2013-12-01 11:28:45","411","E 6 St & Avenue D","40.72228087","-73.97668709","531","Forsyth St & Broome St","40.71893904","-73.99266288","19471","Subscriber","1984","1"
"1376","2013-12-01 11:15:19","2013-12-01 11:38:15","319","Park Pl & Church St","40.71336124","-74.00937622","72","W 52 St & 11 Ave","40.76727216","-73.99392888","18416","Subscriber","1969","1"
"2507","2013-12-01 11:15:23","2013-12-01 11:57:10","281","Grand Army Plaza & Central Park S","40.7643971","-73.97371465","2006","Central Park S & 6 Ave","40.76590936","-73.97634151","14882","Subscriber","1944","2"
"350","2013-12-01 11:15:31","2013-12-01 11:21:21","432","E 7 St & Avenue A","40.72621788","-73.98379855","297","E 15 St & 3 Ave","40.734232","-73.986923","20189","Subscriber","1972","1"
"820","2013-12-01 11:15:32","2013-12-01 11:29:12","236","St Marks Pl & 2 Ave","40.7284186","-73.98713956","116","W 17 St & 8 Ave","40.74177603","-74.00149746","20343","Subscriber","1985","2"
"1086","2013-12-01 11:15:39","2013-12-01 11:33:45","540","Lexington Ave & E 26 St","40.74147286","-73.98320928","263","Elizabeth St & Hester St","40.71729","-73.996375","19042","Subscriber","1985","1"
"1645","2013-12-01 11:15:47","2013-12-01 11:43:12","360","William St & Pine St","40.70717936","-74.00887308","477","W 41 St & 8 Ave","40.75640548","-73.9900262","15063","Subscriber","1982","1"
"455","2013-12-01 11:15:49","2013-12-01 11:23:24","438","St Marks Pl & 1 Ave","40.72779126","-73.98564945","545","E 23 St & 1 Ave","40.736502","-73.97809472","16033","Subscriber","1976","1"
"81","2013-12-01 11:15:57","2013-12-01 11:17:18","510","W 51 St & 6 Ave","40.7606597","-73.98042047","510","W 51 St & 6 Ave","40.7606597","-73.98042047","19492","Customer",\N,"0"
"431","2013-12-01 11:15:59","2013-12-01 11:23:10","369","Washington Pl & 6 Ave","40.73224119","-74.00026394","466","W 25 St & 6 Ave","40.74395411","-73.99144871","19270","Subscriber","1988","1"
"584","2013-12-01 11:16:00","2013-12-01 11:25:44","403","E 2 St & 2 Ave","40.72502876","-73.99069656","412","Forsyth St & Canal St","40.7158155","-73.99422366","19713","Subscriber","1970","1"
"640","2013-12-01 11:16:07","2013-12-01 11:26:47","254","W 11 St & 6 Ave","40.73532427","-73.99800419","493","W 45 St & 6 Ave","40.7568001","-73.98291153","20740","Subscriber","1968","1"
"1757","2013-12-01 11:16:07","2013-12-01 11:45:24","512","W 29 St & 9 Ave","40.7500727","-73.99839279","2008","Little West St & 1 Pl","40.70569254","-74.01677685","15903","Subscriber","1986","2"
"1376","2013-12-01 11:16:09","2013-12-01 11:39:05","482","W 15 St & 7 Ave","40.73935542","-73.99931783","2008","Little West St & 1 Pl","40.70569254","-74.01677685","15725","Subscriber","1968","1"
"639","2013-12-01 11:16:10","2013-12-01 11:26:49","367","E 53 St & Lexington Ave","40.75828065","-73.97069431","447","8 Ave & W 52 St","40.76370739","-73.9851615","18281","Subscriber","1964","2"
"1183","2013-12-01 11:16:11","2013-12-01 11:35:54","489","10 Ave & W 28 St","40.75066386","-74.00176802","293","Lafayette St & E 8 St","40.73028666","-73.9907647","15991","Subscriber","1964","1"
"260","2013-12-01 11:16:16","2013-12-01 11:20:36","161","LaGuardia Pl & W 3 St","40.72917025","-73.99810231","254","W 11 St & 6 Ave","40.73532427","-73.99800419","18035","Subscriber","1960","1"
"909","2013-12-01 11:16:36","2013-12-01 11:31:45","448","W 37 St & 10 Ave","40.75660359","-73.9979009","284","Greenwich Ave & 8 Ave","40.7390169121","-74.0026376103","18648","Subscriber","1973","1"
"1119","2013-12-01 11:16:38","2013-12-01 11:35:17","363","West Thames St","40.70834698","-74.01713445","405","Washington St & Gansevoort St","40.739323","-74.008119","19591","Subscriber","1967","2"
"1669","2013-12-01 11:16:40","2013-12-01 11:44:29","435","W 21 St & 6 Ave","40.74173969","-73.99415556","422","W 59 St & 10 Ave","40.770513","-73.988038","16167","Subscriber","1984","2"
"1134","2013-12-01 11:16:43","2013-12-01 11:35:37","363","West Thames St","40.70834698","-74.01713445","405","Washington St & Gansevoort St","40.739323","-74.008119","19546","Subscriber","1961","1"
"437","2013-12-01 11:17:05","2013-12-01 11:24:22","341","Stanton St & Mangin St","40.71782143","-73.97628939","487","E 20 St & FDR Drive","40.73314259","-73.97573881","15472","Subscriber","1985","1"
"1662","2013-12-01 11:17:08","2013-12-01 11:44:50","401","Allen St & Rivington St","40.72019576","-73.98997825","352","W 56 St & 6 Ave","40.76340613","-73.97722479","15362","Subscriber","1984","1"
"1509","2013-12-01 11:17:08","2013-12-01 11:42:17","478","11 Ave & W 41 St","40.76030096","-73.99884222","428","E 3 St & 1 Ave","40.72467721","-73.98783413","15455","Subscriber","1956","1"
"940","2013-12-01 11:17:14","2013-12-01 11:32:54","392","Jay St & Tech Pl","40.695065","-73.987167","387","Centre St & Chambers St","40.71273266","-74.0046073","14615","Customer",\N,"0"
"198","2013-12-01 11:17:15","2013-12-01 11:20:33","263","Elizabeth St & Hester St","40.71729","-73.996375","296","Division St & Bowery","40.71413089","-73.9970468","17819","Subscriber","1979","2"
"628","2013-12-01 11:17:22","2013-12-01 11:27:50","313","Washington Ave & Park Ave","40.69610226","-73.96751037","430","York St & Jay St","40.7014851","-73.98656928","15190","Subscriber","1986","2"
"1638","2013-12-01 11:17:27","2013-12-01 11:44:45","306","Cliff St & Fulton St","40.70823502","-74.00530063","284","Greenwich Ave & 8 Ave","40.7390169121","-74.0026376103","17261","Subscriber","1949","2"
"1075","2013-12-01 11:17:43","2013-12-01 11:35:38","127","Barrow St & Hudson St","40.73172428","-74.00674436","525","W 34 St & 11 Ave","40.75594159","-74.0021163","19425","Subscriber","1971","2"
"1421","2013-12-01 11:17:44","2013-12-01 11:41:25","459","W 20 St & 11 Ave","40.746745","-74.007756","426","West St & Chambers St","40.71754834","-74.01322069","15802","Customer",\N,"0"
"617","2013-12-01 11:17:45","2013-12-01 11:28:02","313","Washington Ave & Park Ave","40.69610226","-73.96751037","430","York St & Jay St","40.7014851","-73.98656928","16239","Subscriber","1984","1"
"131","2013-12-01 11:17:48","2013-12-01 11:19:59","428","E 3 St & 1 Ave","40.72467721","-73.98783413","236","St Marks Pl & 2 Ave","40.7284186","-73.98713956","17155","Subscriber","1988","1"
"403","2013-12-01 11:17:51","2013-12-01 11:24:34","527","E 33 St & 1 Ave","40.74315566","-73.97434726","379","W 31 St & 7 Ave","40.749156","-73.9916","15949","Subscriber","1984","1"
"1579","2013-12-01 11:17:56","2013-12-01 11:44:15","327","Vesey Pl & River Terrace","40.7153379","-74.01658354","315","South St & Gouverneur Ln","40.70355377","-74.00670227","17831","Subscriber","1967","1"
"582","2013-12-01 11:17:57","2013-12-01 11:27:39","518","E 39 St & 2 Ave","40.74780373","-73.9734419","488","W 39 St & 9 Ave","40.75645824","-73.99372222","18362","Subscriber","1989","2"
"406","2013-12-01 11:18:13","2013-12-01 11:24:59","316","Fulton St & William St","40.70955958","-74.00653609","147","Greenwich St & Warren St","40.71542197","-74.01121978","19769","Subscriber","1980","2"
"228","2013-12-01 11:18:26","2013-12-01 11:22:14","368","Carmine St & 6 Ave","40.73038599","-74.00214988","294","Washington Square E","40.73049393","-73.9957214","17881","Subscriber","1985","1"
"622","2013-12-01 11:18:27","2013-12-01 11:28:49","261","Johnson St & Gold St","40.69474881","-73.98362464","365","Fulton St & Grand Ave","40.68223166","-73.9614583","20133","Subscriber","1976","1"
"266","2013-12-01 11:18:27","2013-12-01 11:22:53","147","Greenwich St & Warren St","40.71542197","-74.01121978","327","Vesey Pl & River Terrace","40.7153379","-74.01658354","17803","Subscriber","1976","1"
"1289","2013-12-01 11:18:34","2013-12-01 11:40:03","454","E 51 St & 1 Ave","40.75455731","-73.96592976","457","Broadway & W 58 St","40.76695317","-73.98169333","19311","Subscriber","1941","2"
"1727","2013-12-01 11:18:45","2013-12-01 11:47:32","349","Rivington St & Ridge St","40.71850211","-73.98329859","263","Elizabeth St & Hester St","40.71729","-73.996375","18623","Subscriber","1980","1"
"1770","2013-12-01 11:18:55","2013-12-01 11:48:25","349","Rivington St & Ridge St","40.71850211","-73.98329859","263","Elizabeth St & Hester St","40.71729","-73.996375","17557","Subscriber","1984","2"
"586","2013-12-01 11:19:00","2013-12-01 11:28:46","284","Greenwich Ave & 8 Ave","40.7390169121","-74.0026376103","253","W 13 St & 5 Ave","40.73543934","-73.99453948","19901","Subscriber","1980","1"
"162","2013-12-01 11:19:15","2013-12-01 11:21:57","360","William St & Pine St","40.70717936","-74.00887308","415","Pearl St & Hanover Square","40.7047177","-74.00926027","18665","Subscriber","1989","1"
"361","2013-12-01 11:19:21","2013-12-01 11:25:22","248","Laight St & Hudson St","40.72185379","-74.00771779","247","Perry St & Bleecker St","40.73535398","-74.00483091","18667","Subscriber","1973","1"
"230","2013-12-01 11:19:23","2013-12-01 11:23:13","379","W 31 St & 7 Ave","40.749156","-73.9916","446","W 24 St & 7 Ave","40.74487634","-73.99529885","18094","Subscriber","1974","1"
"2642","2013-12-01 11:19:27","2013-12-01 12:03:29","291","Madison St & Montgomery St","40.713126","-73.984844","174","E 25 St & 1 Ave","40.7381765","-73.97738662","16575","Subscriber","1944","2"
"259","2013-12-01 11:19:34","2013-12-01 11:23:53","229","Great Jones St","40.72743423","-73.99379025","438","St Marks Pl & 1 Ave","40.72779126","-73.98564945","15466","Subscriber","1975","2"
"577","2013-12-01 11:19:36","2013-12-01 11:29:13","479","9 Ave & W 45 St","40.76019252","-73.9912551","453","W 22 St & 8 Ave","40.74475148","-73.99915362","16751","Subscriber","1969","1"
"291","2013-12-01 11:19:38","2013-12-01 11:24:29","223","W 13 St & 7 Ave","40.73781509","-73.99994661","435","W 21 St & 6 Ave","40.74173969","-73.99415556","15389","Subscriber","1975","1"
"235","2013-12-01 11:19:40","2013-12-01 11:23:35","239","Willoughby St & Fleet St","40.69196566","-73.9813018","395","Bond St & Schermerhorn St","40.68807003","-73.98410637","19355","Subscriber","1979","1"
"806","2013-12-01 11:19:41","2013-12-01 11:33:07","253","W 13 St & 5 Ave","40.73543934","-73.99453948","403","E 2 St & 2 Ave","40.72502876","-73.99069656","17942","Subscriber","1987","1"
"288","2013-12-01 11:19:50","2013-12-01 11:24:38","402","Broadway & E 22 St","40.7403432","-73.98955109","253","W 13 St & 5 Ave","40.73543934","-73.99453948","19616","Subscriber","1954","1"
"190","2013-12-01 11:19:52","2013-12-01 11:23:02","461","E 20 St & 2 Ave","40.73587678","-73.98205027","297","E 15 St & 3 Ave","40.734232","-73.986923","19723","Subscriber","1988","1"
"790","2013-12-01 11:19:56","2013-12-01 11:33:06","442","W 27 St & 7 Ave","40.746647","-73.993915","72","W 52 St & 11 Ave","40.76727216","-73.99392888","17845","Subscriber","1970","1"
"921","2013-12-01 11:20:02","2013-12-01 11:35:23","275","Washington Ave & Greene Ave","40.68650065","-73.96563307","467","Dean St & 4 Ave","40.68312489","-73.97895137","15137","Subscriber","1981","2"
"1145","2013-12-01 11:20:06","2013-12-01 11:39:11","290","2 Ave & E 58 St","40.76020258","-73.96478473","168","W 18 St & 6 Ave","40.73971301","-73.99456405","17320","Subscriber","1972","1"
"708","2013-12-01 11:20:12","2013-12-01 11:32:00","540","Lexington Ave & E 26 St","40.74147286","-73.98320928","523","W 38 St & 8 Ave","40.75466591","-73.99138152","16609","Subscriber","1982","1"
"433","2013-12-01 11:20:16","2013-12-01 11:27:29","444","Broadway & W 24 St","40.7423543","-73.98915076","463","9 Ave & W 16 St","40.74206539","-74.00443172","17301","Subscriber","1987","1"
"557","2013-12-01 11:20:16","2013-12-01 11:29:33","448","W 37 St & 10 Ave","40.75660359","-73.9979009","422","W 59 St & 10 Ave","40.770513","-73.988038","15324","Subscriber","1974","2"
"361","2013-12-01 11:20:18","2013-12-01 11:26:19","477","W 41 St & 8 Ave","40.75640548","-73.9900262","450","W 49 St & 8 Ave","40.76227205","-73.98788205","18040","Subscriber","1970","1"
"515","2013-12-01 11:20:18","2013-12-01 11:28:53","442","W 27 St & 7 Ave","40.746647","-73.993915","472","E 32 St & Park Ave","40.7457121","-73.98194829","17743","Subscriber","1973","1"
"1279","2013-12-01 11:20:24","2013-12-01 11:41:43","388","W 26 St & 10 Ave","40.749717753","-74.002950346","358","Christopher St & Greenwich St","40.73291553","-74.00711384","17603","Subscriber","1967","2"
"2395","2013-12-01 11:20:26","2013-12-01 12:00:21","312","Allen St & E Houston St","40.722055","-73.989111","265","Stanton St & Chrystie St","40.72229346","-73.99147535","20270","Subscriber","1970","1"
"237","2013-12-01 11:20:31","2013-12-01 11:24:28","434","9 Ave & W 18 St","40.74317449","-74.00366443","405","Washington St & Gansevoort St","40.739323","-74.008119","14574","Subscriber","1966","1"
"599","2013-12-01 11:20:40","2013-12-01 11:30:39","435","W 21 St & 6 Ave","40.74173969","-73.99415556","405","Washington St & Gansevoort St","40.739323","-74.008119","15142","Subscriber","1965","2"
"1646","2013-12-01 11:20:41","2013-12-01 11:48:07","291","Madison St & Montgomery St","40.713126","-73.984844","174","E 25 St & 1 Ave","40.7381765","-73.97738662","17886","Subscriber","1948","1"
"1263","2013-12-01 11:20:42","2013-12-01 11:41:45","306","Cliff St & Fulton St","40.70823502","-74.00530063","404","9 Ave & W 14 St","40.7405826","-74.00550867","15548","Subscriber","1980","1"
"266","2013-12-01 11:20:42","2013-12-01 11:25:08","518","E 39 St & 2 Ave","40.74780373","-73.9734419","528","2 Ave & E 31 St","40.74290902","-73.97706058","17439","Subscriber","1978","1"
"265","2013-12-01 11:20:43","2013-12-01 11:25:08","344","Monroe St & Bedford Ave","40.6851443","-73.95380904","409","DeKalb Ave & Skillman St","40.6906495","-73.95643107","17124","Subscriber","1980","1"
"283","2013-12-01 11:20:46","2013-12-01 11:25:29","483","E 12 St & 3 Ave","40.73223272","-73.98889957","433","E 13 St & Avenue A","40.72955361","-73.98057249","17696","Subscriber","1986","1"
"445","2013-12-01 11:20:48","2013-12-01 11:28:13","545","E 23 St & 1 Ave","40.736502","-73.97809472","444","Broadway & W 24 St","40.7423543","-73.98915076","19749","Subscriber","1968","1"
"658","2013-12-01 11:20:59","2013-12-01 11:31:57","540","Lexington Ave & E 26 St","40.74147286","-73.98320928","523","W 38 St & 8 Ave","40.75466591","-73.99138152","16953","Subscriber","1981","1"
"554","2013-12-01 11:21:07","2013-12-01 11:30:21","459","W 20 St & 11 Ave","40.746745","-74.007756","323","Lawrence St & Willoughby St","40.69236178","-73.98631746","18921","Subscriber","1975","1"
"431","2013-12-01 11:21:11","2013-12-01 11:28:22","228","E 48 St & 3 Ave","40.7546011026","-73.971878855","228","E 48 St & 3 Ave","40.7546011026","-73.971878855","15729","Subscriber","1983","1"
"2167","2013-12-01 11:21:16","2013-12-01 11:57:23","458","11 Ave & W 27 St","40.751396","-74.005226","514","12 Ave & W 40 St","40.76087502","-74.00277668","17527","Customer",\N,"0"
"528","2013-12-01 11:21:19","2013-12-01 11:30:07","540","Lexington Ave & E 26 St","40.74147286","-73.98320928","293","Lafayette St & E 8 St","40.73028666","-73.9907647","14875","Subscriber","1986","1"
"1984","2013-12-01 11:21:21","2013-12-01 11:54:25","498","Broadway & W 32 St","40.74854862","-73.98808416","412","Forsyth St & Canal St","40.7158155","-73.99422366","16189","Subscriber","1989","1"
"808","2013-12-01 11:21:24","2013-12-01 11:34:52","432","E 7 St & Avenue A","40.72621788","-73.98379855","498","Broadway & W 32 St","40.74854862","-73.98808416","19998","Subscriber","1988","1"
"449","2013-12-01 11:21:28","2013-12-01 11:28:57","263","Elizabeth St & Hester St","40.71729","-73.996375","251","Mott St & Prince St","40.72317958","-73.99480012","14727","Subscriber","1980","1"
"482","2013-12-01 11:21:40","2013-12-01 11:29:42","440","E 45 St & 3 Ave","40.75255434","-73.97282625","305","E 58 St & 3 Ave","40.76095756","-73.96724467","15040","Subscriber","1989","2"
"569","2013-12-01 11:21:41","2013-12-01 11:31:10","293","Lafayette St & E 8 St","40.73028666","-73.9907647","375","Mercer St & Bleecker St","40.72679454","-73.99695094","18017","Subscriber","1962","1"
"953","2013-12-01 11:21:44","2013-12-01 11:37:37","116","W 17 St & 8 Ave","40.74177603","-74.00149746","79","Franklin St & W Broadway","40.71911552","-74.00666661","19228","Subscriber","1954","1"
"217","2013-12-01 11:21:46","2013-12-01 11:25:23","254","W 11 St & 6 Ave","40.73532427","-73.99800419","294","Washington Square E","40.73049393","-73.9957214","18035","Subscriber","1990","2"
"606","2013-12-01 11:21:50","2013-12-01 11:31:56","317","E 6 St & Avenue B","40.72453734","-73.98185424","161","LaGuardia Pl & W 3 St","40.72917025","-73.99810231","19273","Subscriber","1964","2"
"552","2013-12-01 11:22:08","2013-12-01 11:31:20","303","Mercer St & Spring St","40.72362738","-73.99949601","254","W 11 St & 6 Ave","40.73532427","-73.99800419","17783","Subscriber","1973","2"
"2152","2013-12-01 11:22:13","2013-12-01 11:58:05","423","W 54 St & 9 Ave","40.76584941","-73.98690506","160","E 37 St & Lexington Ave","40.748238","-73.978311","18592","Subscriber","1969","1"
"264","2013-12-01 11:22:19","2013-12-01 11:26:43","362","Broadway & W 37 St","40.75172632","-73.98753523","546","E 30 St & Park Ave S","40.74444921","-73.98303529","15091","Subscriber","1986","1"
"401","2013-12-01 11:22:22","2013-12-01 11:29:03","120","Lexington Ave & Classon Ave","40.68676793","-73.95928168","373","Willoughby Ave & Walworth St","40.69331716","-73.95381995","20904","Subscriber","1984","1"
"1041","2013-12-01 11:22:25","2013-12-01 11:39:46","528","2 Ave & E 31 St","40.74290902","-73.97706058","229","Great Jones St","40.72743423","-73.99379025","15401","Subscriber","1986","2"
"416","2013-12-01 11:22:26","2013-12-01 11:29:22","499","Broadway & W 60 St","40.76915505","-73.98191841","173","Broadway & W 49 St","40.76064679","-73.98442659","18424","Subscriber","1972","1"
"100","2013-12-01 11:22:28","2013-12-01 11:24:08","534","Water - Whitehall Plaza","40.70255065","-74.0127234","304","Broadway & Battery Pl","40.70463334","-74.01361706","16047","Subscriber","1958","1"
"844","2013-12-01 11:22:28","2013-12-01 11:36:32","518","E 39 St & 2 Ave","40.74780373","-73.9734419","428","E 3 St & 1 Ave","40.72467721","-73.98783413","17237","Subscriber","1986","2"
"634","2013-12-01 11:22:29","2013-12-01 11:33:03","229","Great Jones St","40.72743423","-73.99379025","536","1 Ave & E 30 St","40.74144387","-73.97536082","16070","Subscriber","1982","1"
"233","2013-12-01 11:22:29","2013-12-01 11:26:22","212","W 16 St & The High Line","40.74334935","-74.00681753","352","W 56 St & 6 Ave","40.76340613","-73.97722479","18984","Subscriber","1957","2"
"1960","2013-12-01 11:22:33","2013-12-01 11:55:13","2021","W 45 St & 8 Ave","40.75929124","-73.98859651","405","Washington St & Gansevoort St","40.739323","-74.008119","14870","Subscriber","1951","2"
"353","2013-12-01 11:22:33","2013-12-01 11:28:26","483","E 12 St & 3 Ave","40.73223272","-73.98889957","369","Washington Pl & 6 Ave","40.73224119","-74.00026394","17952","Subscriber","1989","1"
"165","2013-12-01 11:22:39","2013-12-01 11:25:24","127","Barrow St & Hudson St","40.73172428","-74.00674436","380","W 4 St & 7 Ave S","40.73401143","-74.00293877","16759","Subscriber","1958","1"
"763","2013-12-01 11:22:42","2013-12-01 11:35:25","250","Lafayette St & Jersey St","40.72456089","-73.99565293","152","Warren St & Church St","40.71473993","-74.00910627","16612","Subscriber","1979","2"
"65","2013-12-01 11:22:47","2013-12-01 11:23:52","504","1 Ave & E 15 St","40.73221853","-73.98165557","2003","1 Ave & E 18 St","40.73416059","-73.98024289","18381","Subscriber","1970","1"
"261","2013-12-01 11:22:48","2013-12-01 11:27:09","262","Washington Park","40.69178232","-73.97372989","353","S Portland Ave & Hanson Pl","40.68539567","-73.97431458","15809","Subscriber","1970","1"
"626","2013-12-01 11:22:51","2013-12-01 11:33:17","229","Great Jones St","40.72743423","-73.99379025","536","1 Ave & E 30 St","40.74144387","-73.97536082","14539","Subscriber","1986","2"
"113","2013-12-01 11:22:54","2013-12-01 11:24:47","308","St James Pl & Oliver St","40.71307916","-73.99851193","386","Centre St & Worth St","40.71494807","-74.00234482","16479","Subscriber","1964","1"
"687","2013-12-01 11:23:00","2013-12-01 11:34:27","493","W 45 St & 6 Ave","40.7568001","-73.98291153","466","W 25 St & 6 Ave","40.74395411","-73.99144871","19152","Subscriber","1983","1"
"1992","2013-12-01 11:23:04","2013-12-01 11:56:16","538","W 49 St & 5 Ave","40.75795248","-73.97787642","514","12 Ave & W 40 St","40.76087502","-74.00277668","16335","Customer",\N,"0"
"765","2013-12-01 11:23:04","2013-12-01 11:35:49","428","E 3 St & 1 Ave","40.72467721","-73.98783413","339","Avenue D & E 12 St","40.72580614","-73.97422494","20691","Subscriber","1981","1"
"1381","2013-12-01 11:23:05","2013-12-01 11:46:06","428","E 3 St & 1 Ave","40.72467721","-73.98783413","467","Dean St & 4 Ave","40.68312489","-73.97895137","17300","Subscriber","1983","1"
"1701","2013-12-01 11:23:09","2013-12-01 11:51:30","465","Broadway & W 41 St","40.75513557","-73.98658032","330","Reade St & Broadway","40.71450451","-74.00562789","20973","Customer",\N,"0"
"257","2013-12-01 11:23:09","2013-12-01 11:27:26","526","E 33 St & 5 Ave","40.74765947","-73.98490707","419","Carlton Ave & Park Ave","40.69580705","-73.97355569","20987","Subscriber","1986","1"
"788","2013-12-01 11:23:15","2013-12-01 11:36:23","247","Perry St & Bleecker St","40.73535398","-74.00483091","379","W 31 St & 7 Ave","40.749156","-73.9916","16017","Subscriber","1975","1"
"481","2013-12-01 11:23:45","2013-12-01 11:31:46","284","Greenwich Ave & 8 Ave","40.7390169121","-74.0026376103","127","Barrow St & Hudson St","40.73172428","-74.00674436","14917","Subscriber","1983","1"
"1485","2013-12-01 11:23:49","2013-12-01 11:48:34","455","1 Ave & E 44 St","40.75001986","-73.96905301","349","Rivington St & Ridge St","40.71850211","-73.98329859","20928","Subscriber","1975","1"
"633","2013-12-01 11:23:56","2013-12-01 11:34:29","305","E 58 St & 3 Ave","40.76095756","-73.96724467","422","W 59 St & 10 Ave","40.770513","-73.988038","19276","Subscriber","1976","1"
"352","2013-12-01 11:24:05","2013-12-01 11:29:57","462","W 22 St & 10 Ave","40.74691959","-74.00451887","405","Washington St & Gansevoort St","40.739323","-74.008119","17339","Subscriber","1964","1"
"385","2013-12-01 11:24:05","2013-12-01 11:30:30","143","Clinton St & Joralemon St","40.69239502","-73.99337909","414","Pearl St & Anchorage Pl","40.70281858","-73.98765762","16342","Subscriber","1982","1"
"354","2013-12-01 11:24:08","2013-12-01 11:30:02","404","9 Ave & W 14 St","40.7405826","-74.00550867","345","W 13 St & 6 Ave","40.73649403","-73.99704374","16885","Subscriber","1983","1"
"709","2013-12-01 11:24:09","2013-12-01 11:35:58","2017","E 43 St & 2 Ave","40.75022392","-73.97121414","533","Broadway & W 39 St","40.75299641","-73.98721619","18232","Subscriber","1972","2"
"348","2013-12-01 11:24:11","2013-12-01 11:29:59","494","W 26 St & 8 Ave","40.74734825","-73.99723551","523","W 38 St & 8 Ave","40.75466591","-73.99138152","16470","Subscriber","1986","2"
"2847","2013-12-01 11:24:23","2013-12-01 12:11:50","2008","Little West St & 1 Pl","40.70569254","-74.01677685","426","West St & Chambers St","40.71754834","-74.01322069","20348","Subscriber","1979","1"
"690","2013-12-01 11:24:25","2013-12-01 11:35:55","461","E 20 St & 2 Ave","40.73587678","-73.98205027","362","Broadway & W 37 St","40.75172632","-73.98753523","18927","Subscriber","1983","2"
"339","2013-12-01 11:24:33","2013-12-01 11:30:12","417","Barclay St & Church St","40.71291224","-74.01020234","79","Franklin St & W Broadway","40.71911552","-74.00666661","17804","Subscriber","1963","1"
"436","2013-12-01 11:24:34","2013-12-01 11:31:50","326","E 11 St & 1 Ave","40.72953837","-73.98426726","497","E 17 St & Broadway","40.73704984","-73.99009296","18005","Subscriber","1980","1"
"870","2013-12-01 11:24:35","2013-12-01 11:39:05","471","Grand St & Havemeyer St","40.71286844","-73.95698119","150","E 2 St & Avenue C","40.7208736","-73.98085795","19966","Subscriber","1984","1"
"994","2013-12-01 11:24:48","2013-12-01 11:41:22","445","E 10 St & Avenue A","40.72740794","-73.98142006","477","W 41 St & 8 Ave","40.75640548","-73.9900262","15074","Subscriber","1964","1"
"626","2013-12-01 11:25:00","2013-12-01 11:35:26","484","W 44 St & 5 Ave","40.75500254","-73.98014437","495","W 47 St & 10 Ave","40.76269882","-73.99301222","17654","Subscriber","1989","1"
"633","2013-12-01 11:25:07","2013-12-01 11:35:40","476","E 31 St & 3 Ave","40.74394314","-73.97966069","305","E 58 St & 3 Ave","40.76095756","-73.96724467","15203","Subscriber","1986","1"
"281","2013-12-01 11:25:09","2013-12-01 11:29:50","498","Broadway & W 32 St","40.74854862","-73.98808416","485","W 37 St & 5 Ave","40.75038009","-73.98338988","20575","Subscriber","1978","1"
"250","2013-12-01 11:25:12","2013-12-01 11:29:22","483","E 12 St & 3 Ave","40.73223272","-73.98889957","439","E 4 St & 2 Ave","40.7262807","-73.98978041","20735","Subscriber","1989","1"
"396","2013-12-01 11:25:16","2013-12-01 11:31:52","270","Adelphi St & Myrtle Ave","40.69308257","-73.97178913","353","S Portland Ave & Hanson Pl","40.68539567","-73.97431458","15028","Subscriber","1984","1"
"372","2013-12-01 11:25:18","2013-12-01 11:31:30","72","W 52 St & 11 Ave","40.76727216","-73.99392888","515","W 43 St & 10 Ave","40.76009437","-73.99461843","16662","Subscriber","1967","1"
"350","2013-12-01 11:25:27","2013-12-01 11:31:17","393","E 5 St & Avenue C","40.72299208","-73.97995466","428","E 3 St & 1 Ave","40.72467721","-73.98783413","18821","Subscriber","1982","1"
"428","2013-12-01 11:25:28","2013-12-01 11:32:36","410","Suffolk St & Stanton St","40.72066442","-73.98517977","348","W Broadway & Spring St","40.72490985","-74.00154702","20802","Subscriber","1986","2"
"750","2013-12-01 11:25:34","2013-12-01 11:38:04","470","W 20 St & 8 Ave","40.74345335","-74.00004031","358","Christopher St & Greenwich St","40.73291553","-74.00711384","17486","Subscriber","1974","1"
"1403","2013-12-01 11:25:38","2013-12-01 11:49:01","444","Broadway & W 24 St","40.7423543","-73.98915076","2009","Catherine St & Monroe St","40.71117444","-73.99682619","18994","Subscriber","1981","1"
"779","2013-12-01 11:25:40","2013-12-01 11:38:39","459","W 20 St & 11 Ave","40.746745","-74.007756","250","Lafayette St & Jersey St","40.72456089","-73.99565293","16362","Subscriber","1966","1"
"874","2013-12-01 11:25:41","2013-12-01 11:40:15","355","Bayard St & Baxter St","40.71602118","-73.99974372","346","Bank St & Hudson St","40.73652889","-74.00618026","16883","Subscriber","1953","2"
"1166","2013-12-01 11:25:43","2013-12-01 11:45:09","327","Vesey Pl & River Terrace","40.7153379","-74.01658354","319","Park Pl & Church St","40.71336124","-74.00937622","19834","Subscriber","1977","2"
"487","2013-12-01 11:25:44","2013-12-01 11:33:51","504","1 Ave & E 15 St","40.73221853","-73.98165557","482","W 15 St & 7 Ave","40.73935542","-73.99931783","15654","Subscriber","1954","2"
"2108","2013-12-01 11:25:50","2013-12-01 12:00:58","430","York St & Jay St","40.7014851","-73.98656928","2002","Wythe Ave & Metropolitan Ave","40.716887","-73.963198","14925","Subscriber","1970","1"
"466","2013-12-01 11:25:52","2013-12-01 11:33:38","504","1 Ave & E 15 St","40.73221853","-73.98165557","382","University Pl & E 14 St","40.73492695","-73.99200509","20186","Subscriber","1962","1"
"586","2013-12-01 11:25:53","2013-12-01 11:35:39","405","Washington St & Gansevoort St","40.739323","-74.008119","294","Washington Square E","40.73049393","-73.9957214","16021","Subscriber","1967","1"
"346","2013-12-01 11:25:54","2013-12-01 11:31:40","2006","Central Park S & 6 Ave","40.76590936","-73.97634151","435","W 21 St & 6 Ave","40.74173969","-73.99415556","18899","Subscriber","1986","1"
"402","2013-12-01 11:26:16","2013-12-01 11:32:58","328","Watts St & Greenwich St","40.72405549","-74.00965965","248","Laight St & Hudson St","40.72185379","-74.00771779","17555","Subscriber","1968","1"
"2085","2013-12-01 11:26:23","2013-12-01 12:01:08","430","York St & Jay St","40.7014851","-73.98656928","2002","Wythe Ave & Metropolitan Ave","40.716887","-73.963198","19115","Subscriber","1974","2"
"402","2013-12-01 11:26:24","2013-12-01 11:33:06","368","Carmine St & 6 Ave","40.73038599","-74.00214988","496","E 16 St & 5 Ave","40.73726186","-73.99238967","17660","Subscriber","1990","1"
"815","2013-12-01 11:26:25","2013-12-01 11:40:00","379","W 31 St & 7 Ave","40.749156","-73.9916","168","W 18 St & 6 Ave","40.73971301","-73.99456405","19614","Subscriber","1982","1"
"985","2013-12-01 11:26:26","2013-12-01 11:42:51","327","Vesey Pl & River Terrace","40.7153379","-74.01658354","368","Carmine St & 6 Ave","40.73038599","-74.00214988","14829","Subscriber","1978","1"
"125","2013-12-01 11:26:27","2013-12-01 11:28:32","116","W 17 St & 8 Ave","40.74177603","-74.00149746","463","9 Ave & W 16 St","40.74206539","-74.00443172","16411","Subscriber","1968","1"
"539","2013-12-01 11:26:42","2013-12-01 11:35:41","326","E 11 St & 1 Ave","40.72953837","-73.98426726","168","W 18 St & 6 Ave","40.73971301","-73.99456405","18929","Subscriber","1987","2"
"278","2013-12-01 11:26:44","2013-12-01 11:31:22","301","E 2 St & Avenue B","40.72217444","-73.98368779","411","E 6 St & Avenue D","40.72228087","-73.97668709","17826","Subscriber","1984","1"
"180","2013-12-01 11:26:47","2013-12-01 11:29:47","403","E 2 St & 2 Ave","40.72502876","-73.99069656","251","Mott St & Prince St","40.72317958","-73.99480012","19644","Subscriber","1967","1"
"1761","2013-12-01 11:26:51","2013-12-01 11:56:12","538","W 49 St & 5 Ave","40.75795248","-73.97787642","514","12 Ave & W 40 St","40.76087502","-74.00277668","17090","Customer",\N,"0"
"799","2013-12-01 11:26:59","2013-12-01 11:40:18","394","E 9 St & Avenue C","40.72521311","-73.97768752","128","MacDougal St & Prince St","40.72710258","-74.00297088","15535","Subscriber","1985","1"
"260","2013-12-01 11:27:03","2013-12-01 11:31:23","463","9 Ave & W 16 St","40.74206539","-74.00443172","334","W 20 St & 7 Ave","40.74238787","-73.99726235","20165","Subscriber","1977","2"
"2061","2013-12-01 11:27:09","2013-12-01 12:01:30","3002","South End Ave & Liberty St","40.711512","-74.015756","326","E 11 St & 1 Ave","40.72953837","-73.98426726","18634","Subscriber","1963","1"
"2377","2013-12-01 11:27:10","2013-12-01 12:06:47","500","Broadway & W 51 St","40.76228826","-73.98336183","305","E 58 St & 3 Ave","40.76095756","-73.96724467","20346","Customer",\N,"0"
"519","2013-12-01 11:27:13","2013-12-01 11:35:52","128","MacDougal St & Prince St","40.72710258","-74.00297088","435","W 21 St & 6 Ave","40.74173969","-73.99415556","15824","Subscriber","1986","2"
"1019","2013-12-01 11:27:15","2013-12-01 11:44:14","528","2 Ave & E 31 St","40.74290902","-73.97706058","459","W 20 St & 11 Ave","40.746745","-74.007756","17073","Customer",\N,"0"
"880","2013-12-01 11:27:15","2013-12-01 11:41:55","380","W 4 St & 7 Ave S","40.73401143","-74.00293877","521","8 Ave & W 31 St","40.75044999","-73.99481051","17019","Subscriber","1986","1"
"250","2013-12-01 11:27:15","2013-12-01 11:31:25","405","Washington St & Gansevoort St","40.739323","-74.008119","127","Barrow St & Hudson St","40.73172428","-74.00674436","20203","Subscriber","1973","1"
"2051","2013-12-01 11:27:16","2013-12-01 12:01:27","3002","South End Ave & Liberty St","40.711512","-74.015756","326","E 11 St & 1 Ave","40.72953837","-73.98426726","19489","Subscriber","1963","1"
"190","2013-12-01 11:27:16","2013-12-01 11:30:26","2023","E 55 St & Lexington Ave","40.75968085","-73.97031366","228","E 48 St & 3 Ave","40.7546011026","-73.971878855","17129","Subscriber","1953","1"
"990","2013-12-01 11:27:19","2013-12-01 11:43:49","528","2 Ave & E 31 St","40.74290902","-73.97706058","237","E 11 St & 2 Ave","40.73047309","-73.98672378","20540","Customer",\N,"0"
"223","2013-12-01 11:27:23","2013-12-01 11:31:06","344","Monroe St & Bedford Ave","40.6851443","-73.95380904","120","Lexington Ave & Classon Ave","40.68676793","-73.95928168","18997","Subscriber","1985","1"
"1443","2013-12-01 11:27:33","2013-12-01 11:51:36","305","E 58 St & 3 Ave","40.76095756","-73.96724467","257","Lispenard St & Broadway","40.71939226","-74.00247214","18471","Subscriber","1976","1"
"441","2013-12-01 11:27:40","2013-12-01 11:35:01","402","Broadway & E 22 St","40.7403432","-73.98955109","2003","1 Ave & E 18 St","40.73416059","-73.98024289","19970","Subscriber","1974","1"
"1001","2013-12-01 11:27:50","2013-12-01 11:44:31","474","5 Ave & E 29 St","40.7451677","-73.98683077","2021","W 45 St & 8 Ave","40.75929124","-73.98859651","20571","Subscriber","1972","1"
"1711","2013-12-01 11:27:51","2013-12-01 11:56:22","467","Dean St & 4 Ave","40.68312489","-73.97895137","294","Washington Square E","40.73049393","-73.9957214","15119","Subscriber","1991","2"
"724","2013-12-01 11:27:53","2013-12-01 11:39:57","444","Broadway & W 24 St","40.7423543","-73.98915076","161","LaGuardia Pl & W 3 St","40.72917025","-73.99810231","16055","Subscriber","1969","1"
"231","2013-12-01 11:27:56","2013-12-01 11:31:47","431","Hanover Pl & Livingston St","40.68864636","-73.98263429","239","Willoughby St & Fleet St","40.69196566","-73.9813018","14778","Subscriber","1979","1"
"276","2013-12-01 11:28:00","2013-12-01 11:32:36","360","William St & Pine St","40.70717936","-74.00887308","417","Barclay St & Church St","40.71291224","-74.01020234","17737","Subscriber","1993","2"
"445","2013-12-01 11:28:02","2013-12-01 11:35:27","212","W 16 St & The High Line","40.74334935","-74.00681753","446","W 24 St & 7 Ave","40.74487634","-73.99529885","19118","Subscriber","1967","1"
"444","2013-12-01 11:28:13","2013-12-01 11:35:37","428","E 3 St & 1 Ave","40.72467721","-73.98783413","507","E 25 St & 2 Ave","40.73912601","-73.97973776","20952","Subscriber","1990","1"
"238","2013-12-01 11:28:13","2013-12-01 11:32:11","520","W 52 St & 5 Ave","40.75992262","-73.97648516","500","Broadway & W 51 St","40.76228826","-73.98336183","17920","Subscriber","1973","2"
"490","2013-12-01 11:28:17","2013-12-01 11:36:27","488","W 39 St & 9 Ave","40.75645824","-73.99372222","2021","W 45 St & 8 Ave","40.75929124","-73.98859651","16325","Subscriber","1955","1"
"1089","2013-12-01 11:28:20","2013-12-01 11:46:29","505","6 Ave & W 33 St","40.74901271","-73.98848395","2006","Central Park S & 6 Ave","40.76590936","-73.97634151","20072","Customer",\N,"0"
"295","2013-12-01 11:28:24","2013-12-01 11:33:19","2003","1 Ave & E 18 St","40.73416059","-73.98024289","483","E 12 St & 3 Ave","40.73223272","-73.98889957","17833","Subscriber","1991","2"
"397","2013-12-01 11:28:25","2013-12-01 11:35:02","406","Hicks St & Montague St","40.69512845","-73.99595065","414","Pearl St & Anchorage Pl","40.70281858","-73.98765762","18308","Subscriber","1979","1"
"1806","2013-12-01 11:28:26","2013-12-01 11:58:32","481","S 3 St & Bedford Ave","40.71260486","-73.96264403","390","Duffield St & Willoughby St","40.69221589","-73.9842844","20324","Customer",\N,"0"
"286","2013-12-01 11:28:26","2013-12-01 11:33:12","483","E 12 St & 3 Ave","40.73223272","-73.98889957","433","E 13 St & Avenue A","40.72955361","-73.98057249","20872","Subscriber","1963","1"
"461","2013-12-01 11:28:28","2013-12-01 11:36:09","432","E 7 St & Avenue A","40.72621788","-73.98379855","307","Canal St & Rutgers St","40.71427487","-73.98990025","17912","Subscriber","1962","2"
"311","2013-12-01 11:28:29","2013-12-01 11:33:40","534","Water - Whitehall Plaza","40.70255065","-74.0127234","376","John St & William St","40.70862144","-74.00722156","15753","Subscriber","1971","1"
"367","2013-12-01 11:28:33","2013-12-01 11:34:40","502","Henry St & Grand St","40.714215","-73.981346","312","Allen St & E Houston St","40.722055","-73.989111","17981","Subscriber","1976","1"
"413","2013-12-01 11:28:39","2013-12-01 11:35:32","463","9 Ave & W 16 St","40.74206539","-74.00443172","247","Perry St & Bleecker St","40.73535398","-74.00483091","18102","Subscriber","1968","1"
"408","2013-12-01 11:28:42","2013-12-01 11:35:30","358","Christopher St & Greenwich St","40.73291553","-74.00711384","382","University Pl & E 14 St","40.73492695","-73.99200509","14924","Subscriber","1978","1"
"178","2013-12-01 11:28:43","2013-12-01 11:31:41","301","E 2 St & Avenue B","40.72217444","-73.98368779","428","E 3 St & 1 Ave","40.72467721","-73.98783413","20158","Subscriber","1986","1"
"994","2013-12-01 11:28:44","2013-12-01 11:45:18","470","W 20 St & 8 Ave","40.74345335","-74.00004031","428","E 3 St & 1 Ave","40.72467721","-73.98783413","16306","Subscriber","1985","1"
"1083","2013-12-01 11:28:52","2013-12-01 11:46:55","470","W 20 St & 8 Ave","40.74345335","-74.00004031","152","Warren St & Church St","40.71473993","-74.00910627","18676","Subscriber","1963","2"
"955","2013-12-01 11:28:55","2013-12-01 11:44:50","301","E 2 St & Avenue B","40.72217444","-73.98368779","293","Lafayette St & E 8 St","40.73028666","-73.9907647","20846","Subscriber","1979","1"
"840","2013-12-01 11:29:14","2013-12-01 11:43:14","546","E 30 St & Park Ave S","40.74444921","-73.98303529","538","W 49 St & 5 Ave","40.75795248","-73.97787642","15831","Customer",\N,"0"
"593","2013-12-01 11:29:14","2013-12-01 11:39:07","303","Mercer St & Spring St","40.72362738","-73.99949601","294","Washington Square E","40.73049393","-73.9957214","20350","Subscriber","1969","2"
"275","2013-12-01 11:29:16","2013-12-01 11:33:51","405","Washington St & Gansevoort St","40.739323","-74.008119","127","Barrow St & Hudson St","40.73172428","-74.00674436","14574","Subscriber","1976","1"
"208","2013-12-01 11:29:19","2013-12-01 11:32:47","2009","Catherine St & Monroe St","40.71117444","-73.99682619","355","Bayard St & Baxter St","40.71602118","-73.99974372","16166","Subscriber","1988","1"
"651","2013-12-01 11:29:35","2013-12-01 11:40:26","540","Lexington Ave & E 26 St","40.74147286","-73.98320928","280","E 10 St & 5 Ave","40.73331967","-73.99510132","16442","Subscriber","1986","2"
"804","2013-12-01 11:29:51","2013-12-01 11:43:15","546","E 30 St & Park Ave S","40.74444921","-73.98303529","458","11 Ave & W 27 St","40.751396","-74.005226","19674","Customer",\N,"0"
"990","2013-12-01 11:29:54","2013-12-01 11:46:24","480","W 53 St & 10 Ave","40.76669671","-73.99061728","524","W 43 St & 6 Ave","40.75527307","-73.98316936","17768","Customer",\N,"0"
"2062","2013-12-01 11:29:57","2013-12-01 12:04:19","432","E 7 St & Avenue A","40.72621788","-73.98379855","445","E 10 St & Avenue A","40.72740794","-73.98142006","18641","Subscriber","1980","1"
"380","2013-12-01 11:30:03","2013-12-01 11:36:23","490","8 Ave & W 33 St","40.751551","-73.993934","525","W 34 St & 11 Ave","40.75594159","-74.0021163","19618","Subscriber","1952","1"
"301","2013-12-01 11:30:06","2013-12-01 11:35:07","323","Lawrence St & Willoughby St","40.69236178","-73.98631746","369","Washington Pl & 6 Ave","40.73224119","-74.00026394","18691","Subscriber","1987","1"
"1020","2013-12-01 11:30:25","2013-12-01 11:47:25","521","8 Ave & W 31 St","40.75044999","-73.99481051","229","Great Jones St","40.72743423","-73.99379025","19309","Subscriber","1988","1"
"953","2013-12-01 11:30:26","2013-12-01 11:46:19","480","W 53 St & 10 Ave","40.76669671","-73.99061728","524","W 43 St & 6 Ave","40.75527307","-73.98316936","15054","Customer",\N,"0"
"265","2013-12-01 11:30:28","2013-12-01 11:34:53","2003","1 Ave & E 18 St","40.73416059","-73.98024289","497","E 17 St & Broadway","40.73704984","-73.99009296","17355","Subscriber","1967","1"
"1170","2013-12-01 11:30:31","2013-12-01 11:50:01","195","Liberty St & Broadway","40.70905623","-74.01043382","435","W 21 St & 6 Ave","40.74173969","-73.99415556","18643","Subscriber","1965","2"
"1176","2013-12-01 11:30:36","2013-12-01 11:50:12","195","Liberty St & Broadway","40.70905623","-74.01043382","306","Cliff St & Fulton St","40.70823502","-74.00530063","17678","Subscriber","1966","1"
"1181","2013-12-01 11:30:38","2013-12-01 11:50:19","401","Allen St & Rivington St","40.72019576","-73.98997825","2003","1 Ave & E 18 St","40.73416059","-73.98024289","16602","Customer",\N,"0"
"589","2013-12-01 11:30:41","2013-12-01 11:40:30","293","Lafayette St & E 8 St","40.73028666","-73.9907647","346","Bank St & Hudson St","40.73652889","-74.00618026","20784","Subscriber","1978","2"
"226","2013-12-01 11:30:42","2013-12-01 11:34:28","462","W 22 St & 10 Ave","40.74691959","-74.00451887","463","9 Ave & W 16 St","40.74206539","-74.00443172","18292","Subscriber","1959","1"
"158","2013-12-01 11:30:42","2013-12-01 11:33:20","417","Barclay St & Church St","40.71291224","-74.01020234","146","Hudson St & Reade St","40.71625008","-74.0091059","20241","Subscriber","1969","1"
"411","2013-12-01 11:30:42","2013-12-01 11:37:33","263","Elizabeth St & Hester St","40.71729","-73.996375","229","Great Jones St","40.72743423","-73.99379025","14771","Subscriber","1988","1"
"711","2013-12-01 11:30:53","2013-12-01 11:42:44","446","W 24 St & 7 Ave","40.74487634","-73.99529885","518","E 39 St & 2 Ave","40.74780373","-73.9734419","16911","Subscriber","1980","1"
"628","2013-12-01 11:30:53","2013-12-01 11:41:21","375","Mercer St & Bleecker St","40.72679454","-73.99695094","482","W 15 St & 7 Ave","40.73935542","-73.99931783","15839","Subscriber","1947","1"
"67","2013-12-01 11:30:56","2013-12-01 11:32:03","307","Canal St & Rutgers St","40.71427487","-73.98990025","307","Canal St & Rutgers St","40.71427487","-73.98990025","15024","Subscriber","1970","1"
"555","2013-12-01 11:30:56","2013-12-01 11:40:11","164","E 47 St & 2 Ave","40.75323098","-73.97032517","457","Broadway & W 58 St","40.76695317","-73.98169333","19887","Subscriber","1985","1"
"131","2013-12-01 11:30:57","2013-12-01 11:33:08","306","Cliff St & Fulton St","40.70823502","-74.00530063","306","Cliff St & Fulton St","40.70823502","-74.00530063","16230","Subscriber","1987","1"
"397","2013-12-01 11:31:03","2013-12-01 11:37:40","426","West St & Chambers St","40.71754834","-74.01322069","360","William St & Pine St","40.70717936","-74.00887308","18806","Subscriber","1977","1"
"146","2013-12-01 11:31:03","2013-12-01 11:33:29","307","Canal St & Rutgers St","40.71427487","-73.98990025","412","Forsyth St & Canal St","40.7158155","-73.99422366","15243","Subscriber","1980","1"
"372","2013-12-01 11:31:31","2013-12-01 11:37:43","485","W 37 St & 5 Ave","40.75038009","-73.98338988","456","E 53 St & Madison Ave","40.7597108","-73.97402311","14786","Subscriber","1970","1"
"692","2013-12-01 11:31:37","2013-12-01 11:43:09","302","Avenue D & E 3 St","40.72082834","-73.97793172","475","E 16 St & Irving Pl","40.73524276","-73.98758561","16386","Subscriber","1955","2"
"952","2013-12-01 11:31:43","2013-12-01 11:47:35","174","E 25 St & 1 Ave","40.7381765","-73.97738662","434","9 Ave & W 18 St","40.74317449","-74.00366443","17379","Subscriber","1984","1"
"354","2013-12-01 11:31:44","2013-12-01 11:37:38","486","Broadway & W 29 St","40.7462009","-73.98855723","478","11 Ave & W 41 St","40.76030096","-73.99884222","17392","Subscriber","1980","1"
"648","2013-12-01 11:31:44","2013-12-01 11:42:32","375","Mercer St & Bleecker St","40.72679454","-73.99695094","507","E 25 St & 2 Ave","40.73912601","-73.97973776","15308","Subscriber","1988","2"
"785","2013-12-01 11:31:53","2013-12-01 11:44:58","410","Suffolk St & Stanton St","40.72066442","-73.98517977","293","Lafayette St & E 8 St","40.73028666","-73.9907647","15164","Subscriber","1983","2"
"1135","2013-12-01 11:32:00","2013-12-01 11:50:55","305","E 58 St & 3 Ave","40.76095756","-73.96724467","297","E 15 St & 3 Ave","40.734232","-73.986923","18468","Subscriber","1984","2"
"1711","2013-12-01 11:32:00","2013-12-01 12:00:31","490","8 Ave & W 33 St","40.751551","-73.993934","79","Franklin St & W Broadway","40.71911552","-74.00666661","15445","Subscriber","1956","1"
"609","2013-12-01 11:32:00","2013-12-01 11:42:09","482","W 15 St & 7 Ave","40.73935542","-73.99931783","2010","Grand St & Greene St","40.72165481","-74.00234737","20154","Subscriber","1968","1"
"426","2013-12-01 11:32:17","2013-12-01 11:39:23","195","Liberty St & Broadway","40.70905623","-74.01043382","534","Water - Whitehall Plaza","40.70255065","-74.0127234","18519","Customer",\N,"0"
"475","2013-12-01 11:32:20","2013-12-01 11:40:15","281","Grand Army Plaza & Central Park S","40.7643971","-73.97371465","228","E 48 St & 3 Ave","40.7546011026","-73.971878855","18546","Subscriber","1966","1"
"1035","2013-12-01 11:32:22","2013-12-01 11:49:37","428","E 3 St & 1 Ave","40.72467721","-73.98783413","367","E 53 St & Lexington Ave","40.75828065","-73.97069431","19398","Subscriber","1986","1"
"364","2013-12-01 11:32:24","2013-12-01 11:38:28","307","Canal St & Rutgers St","40.71427487","-73.98990025","296","Division St & Bowery","40.71413089","-73.9970468","17168","Subscriber","1970","1"
"735","2013-12-01 11:32:26","2013-12-01 11:44:41","496","E 16 St & 5 Ave","40.73726186","-73.99238967","488","W 39 St & 9 Ave","40.75645824","-73.99372222","19914","Subscriber","1963","1"
"157","2013-12-01 11:32:28","2013-12-01 11:35:05","380","W 4 St & 7 Ave S","40.73401143","-74.00293877","127","Barrow St & Hudson St","40.73172428","-74.00674436","16759","Subscriber","1958","1"
"1068","2013-12-01 11:32:28","2013-12-01 11:50:16","401","Allen St & Rivington St","40.72019576","-73.98997825","2003","1 Ave & E 18 St","40.73416059","-73.98024289","15948","Customer",\N,"0"
"534","2013-12-01 11:32:28","2013-12-01 11:41:22","296","Division St & Bowery","40.71413089","-73.9970468","257","Lispenard St & Broadway","40.71939226","-74.00247214","20568","Subscriber","1948","1"
"384","2013-12-01 11:32:37","2013-12-01 11:39:01","83","Atlantic Ave & Fort Greene Pl","40.68382604","-73.97632328","384","Fulton St & Waverly Ave","40.68317813","-73.9659641","17218","Subscriber","1950","1"
"910","2013-12-01 11:32:37","2013-12-01 11:47:47","316","Fulton St & William St","40.70955958","-74.00653609","358","Christopher St & Greenwich St","40.73291553","-74.00711384","18735","Subscriber","1978","1"
"159","2013-12-01 11:32:39","2013-12-01 11:35:18","243","Fulton St & Rockwell Pl","40.687979","-73.978474","505","6 Ave & W 33 St","40.74901271","-73.98848395","15209","Subscriber","1983","1"
"2556","2013-12-01 11:32:41","2013-12-01 12:15:17","514","12 Ave & W 40 St","40.76087502","-74.00277668","304","Broadway & Battery Pl","40.70463334","-74.01361706","15237","Subscriber","1977","2"
"2530","2013-12-01 11:32:41","2013-12-01 12:14:51","514","12 Ave & W 40 St","40.76087502","-74.00277668","304","Broadway & Battery Pl","40.70463334","-74.01361706","17271","Subscriber","1971","1"
"575","2013-12-01 11:32:43","2013-12-01 11:42:18","332","Cherry St","40.71219906","-73.97948148","349","Rivington St & Ridge St","40.71850211","-73.98329859","20368","Subscriber","1984","1"
"300","2013-12-01 11:32:49","2013-12-01 11:37:49","375","Mercer St & Bleecker St","40.72679454","-73.99695094","357","E 11 St & Broadway","40.73261787","-73.99158043","17940","Subscriber","1955","1"
"708","2013-12-01 11:32:50","2013-12-01 11:44:38","509","9 Ave & W 22 St","40.7454973","-74.00197139","335","Washington Pl & Broadway","40.72903917","-73.99404649","20699","Subscriber","1972","1"
"362","2013-12-01 11:33:05","2013-12-01 11:39:07","2009","Catherine St & Monroe St","40.71117444","-73.99682619","315","South St & Gouverneur Ln","40.70355377","-74.00670227","20135","Subscriber","1987","2"
"214","2013-12-01 11:33:07","2013-12-01 11:36:41","428","E 3 St & 1 Ave","40.72467721","-73.98783413","401","Allen St & Rivington St","40.72019576","-73.98997825","20158","Subscriber","1966","1"
"630","2013-12-01 11:33:08","2013-12-01 11:43:38","404","9 Ave & W 14 St","40.7405826","-74.00550867","523","W 38 St & 8 Ave","40.75466591","-73.99138152","18425","Subscriber","1979","1"
"955","2013-12-01 11:33:12","2013-12-01 11:49:07","310","State St & Smith St","40.68926942","-73.98912867","310","State St & Smith St","40.68926942","-73.98912867","17984","Subscriber","1971","1"
"319","2013-12-01 11:33:23","2013-12-01 11:38:42","151","Cleveland Pl & Spring St","40.7218158","-73.99720307","357","E 11 St & Broadway","40.73261787","-73.99158043","15245","Subscriber","1982","1"
"988","2013-12-01 11:33:26","2013-12-01 11:49:54","512","W 29 St & 9 Ave","40.7500727","-73.99839279","297","E 15 St & 3 Ave","40.734232","-73.986923","20695","Subscriber","1993","2"
"283","2013-12-01 11:33:28","2013-12-01 11:38:11","379","W 31 St & 7 Ave","40.749156","-73.9916","444","Broadway & W 24 St","40.7423543","-73.98915076","15949","Subscriber","1967","1"
"672","2013-12-01 11:33:34","2013-12-01 11:44:46","468","Broadway & W 55 St","40.7652654","-73.98192338","385","E 55 St & 2 Ave","40.75797322","-73.96603308","19981","Subscriber","1974","1"
"142","2013-12-01 11:33:39","2013-12-01 11:36:01","485","W 37 St & 5 Ave","40.75038009","-73.98338988","362","Broadway & W 37 St","40.75172632","-73.98753523","15913","Subscriber","1991","2"
"978","2013-12-01 11:33:48","2013-12-01 11:50:06","328","Watts St & Greenwich St","40.72405549","-74.00965965","465","Broadway & W 41 St","40.75513557","-73.98658032","19900","Subscriber","1959","1"
"187","2013-12-01 11:33:50","2013-12-01 11:36:57","497","E 17 St & Broadway","40.73704984","-73.99009296","497","E 17 St & Broadway","40.73704984","-73.99009296","15123","Customer",\N,"0"
"803","2013-12-01 11:34:05","2013-12-01 11:47:28","274","Lafayette Ave & Fort Greene Pl","40.68691865","-73.976682","396","Lefferts Pl & Franklin Ave","40.680342423","-73.9557689392","17485","Customer",\N,"0"
"700","2013-12-01 11:34:08","2013-12-01 11:45:48","285","Broadway & E 14 St","40.73454567","-73.99074142","456","E 53 St & Madison Ave","40.7597108","-73.97402311","16592","Subscriber","1980","1"
"1211","2013-12-01 11:34:10","2013-12-01 11:54:21","462","W 22 St & 10 Ave","40.74691959","-74.00451887","147","Greenwich St & Warren St","40.71542197","-74.01121978","16107","Subscriber","1975","2"
"522","2013-12-01 11:34:12","2013-12-01 11:42:54","376","John St & William St","40.70862144","-74.00722156","458","11 Ave & W 27 St","40.751396","-74.005226","19461","Subscriber","1983","2"
"382","2013-12-01 11:34:12","2013-12-01 11:40:34","383","Greenwich Ave & Charles St","40.735238","-74.000271","161","LaGuardia Pl & W 3 St","40.72917025","-73.99810231","18733","Subscriber","1984","2"
"227","2013-12-01 11:34:14","2013-12-01 11:38:01","329","Greenwich St & N Moore St","40.72043411","-74.01020609","328","Watts St & Greenwich St","40.72405549","-74.00965965","18393","Customer",\N,"0"
"1329","2013-12-01 11:34:21","2013-12-01 11:56:30","396","Lefferts Pl & Franklin Ave","40.680342423","-73.9557689392","387","Centre St & Chambers St","40.71273266","-74.0046073","15422","Subscriber","1985","1"
"763","2013-12-01 11:34:27","2013-12-01 11:47:10","351","Front St & Maiden Ln","40.70530954","-74.00612572","3002","South End Ave & Liberty St","40.711512","-74.015756","15836","Subscriber","1981","1"
"261","2013-12-01 11:34:29","2013-12-01 11:38:50","517","Pershing Square S","40.75149263","-73.97798848","472","E 32 St & Park Ave","40.7457121","-73.98194829","18167","Subscriber","1989","1"
"1093","2013-12-01 11:34:34","2013-12-01 11:52:47","342","Columbia St & Rivington St","40.71739973","-73.98016555","355","Bayard St & Baxter St","40.71602118","-73.99974372","19813","Subscriber","1976","1"
"1320","2013-12-01 11:34:37","2013-12-01 11:56:37","527","E 33 St & 1 Ave","40.74315566","-73.97434726","2006","Central Park S & 6 Ave","40.76590936","-73.97634151","16634","Subscriber","1965","1"
"333","2013-12-01 11:34:37","2013-12-01 11:40:10","281","Grand Army Plaza & Central Park S","40.7643971","-73.97371465","457","Broadway & W 58 St","40.76695317","-73.98169333","20211","Subscriber","1969","2"
"625","2013-12-01 11:34:47","2013-12-01 11:45:12","408","Market St & Cherry St","40.71076228","-73.99400398","128","MacDougal St & Prince St","40.72710258","-74.00297088","15900","Subscriber","1988","1"
"1407","2013-12-01 11:34:55","2013-12-01 11:58:22","300","Shevchenko Pl & E 6 St","40.728145","-73.990214","492","W 33 St & 7 Ave","40.75019995","-73.99093085","19113","Customer",\N,"0"
"604","2013-12-01 11:34:59","2013-12-01 11:45:03","357","E 11 St & Broadway","40.73261787","-73.99158043","379","W 31 St & 7 Ave","40.749156","-73.9916","15518","Subscriber","1953","1"
"316","2013-12-01 11:34:59","2013-12-01 11:40:15","375","Mercer St & Bleecker St","40.72679454","-73.99695094","401","Allen St & Rivington St","40.72019576","-73.98997825","16630","Subscriber","1964","1"
"582","2013-12-01 11:35:07","2013-12-01 11:44:49","464","E 56 St & 3 Ave","40.75934501","-73.96759673","457","Broadway & W 58 St","40.76695317","-73.98169333","17367","Subscriber","1972","1"
"551","2013-12-01 11:35:08","2013-12-01 11:44:19","438","St Marks Pl & 1 Ave","40.72779126","-73.98564945","540","Lexington Ave & E 26 St","40.74147286","-73.98320928","15466","Subscriber","1958","1"
"1444","2013-12-01 11:35:14","2013-12-01 11:59:18","293","Lafayette St & E 8 St","40.73028666","-73.9907647","137","E 56 St & Madison Ave","40.761628","-73.972924","15905","Subscriber","1979","1"
"441","2013-12-01 11:35:14","2013-12-01 11:42:35","265","Stanton St & Chrystie St","40.72229346","-73.99147535","296","Division St & Bowery","40.71413089","-73.9970468","19712","Subscriber","1957","1"
"380","2013-12-01 11:35:15","2013-12-01 11:41:35","362","Broadway & W 37 St","40.75172632","-73.98753523","318","E 43 St & Vanderbilt Ave","40.75320159","-73.9779874","16599","Subscriber","1981","1"
"539","2013-12-01 11:35:18","2013-12-01 11:44:17","545","E 23 St & 1 Ave","40.736502","-73.97809472","444","Broadway & W 24 St","40.7423543","-73.98915076","18928","Subscriber","1958","1"
"426","2013-12-01 11:35:18","2013-12-01 11:42:24","446","W 24 St & 7 Ave","40.74487634","-73.99529885","489","10 Ave & W 28 St","40.75066386","-74.00176802","20936","Subscriber","1983","2"
"408","2013-12-01 11:35:19","2013-12-01 11:42:07","497","E 17 St & Broadway","40.73704984","-73.99009296","236","St Marks Pl & 2 Ave","40.7284186","-73.98713956","17903","Subscriber","1982","1"
"350","2013-12-01 11:35:22","2013-12-01 11:41:12","461","E 20 St & 2 Ave","40.73587678","-73.98205027","546","E 30 St & Park Ave S","40.74444921","-73.98303529","20578","Subscriber","1968","1"
"541","2013-12-01 11:35:26","2013-12-01 11:44:27","442","W 27 St & 7 Ave","40.746647","-73.993915","527","E 33 St & 1 Ave","40.74315566","-73.97434726","19107","Subscriber","1987","1"
"484","2013-12-01 11:35:37","2013-12-01 11:43:41","150","E 2 St & Avenue C","40.7208736","-73.98085795","433","E 13 St & Avenue A","40.72955361","-73.98057249","20659","Subscriber","1952","1"
"197","2013-12-01 11:35:39","2013-12-01 11:38:56","344","Monroe St & Bedford Ave","40.6851443","-73.95380904","120","Lexington Ave & Classon Ave","40.68676793","-73.95928168","15987","Subscriber","1967","1"
"911","2013-12-01 11:35:42","2013-12-01 11:50:53","435","W 21 St & 6 Ave","40.74173969","-73.99415556","499","Broadway & W 60 St","40.76915505","-73.98191841","18168","Subscriber","1980","1"
"1646","2013-12-01 11:35:48","2013-12-01 12:03:14","426","West St & Chambers St","40.71754834","-74.01322069","514","12 Ave & W 40 St","40.76087502","-74.00277668","18820","Customer",\N,"0"
"910","2013-12-01 11:35:50","2013-12-01 11:51:00","393","E 5 St & Avenue C","40.72299208","-73.97995466","319","Park Pl & Church St","40.71336124","-74.00937622","16608","Subscriber","1974","1"
"757","2013-12-01 11:35:54","2013-12-01 11:48:31","173","Broadway & W 49 St","40.76064679","-73.98442659","173","Broadway & W 49 St","40.76064679","-73.98442659","17730","Customer",\N,"0"
"2687","2013-12-01 11:35:59","2013-12-01 12:20:46","499","Broadway & W 60 St","40.76915505","-73.98191841","499","Broadway & W 60 St","40.76915505","-73.98191841","16736","Subscriber","1983","2"
"1187","2013-12-01 11:36:00","2013-12-01 11:55:47","411","E 6 St & Avenue D","40.72228087","-73.97668709","116","W 17 St & 8 Ave","40.74177603","-74.00149746","17826","Subscriber","1994","1"
"742","2013-12-01 11:36:01","2013-12-01 11:48:23","173","Broadway & W 49 St","40.76064679","-73.98442659","173","Broadway & W 49 St","40.76064679","-73.98442659","16096","Customer",\N,"0"
"208","2013-12-01 11:36:08","2013-12-01 11:39:36","238","Bank St & Washington St","40.7361967","-74.00859207","284","Greenwich Ave & 8 Ave","40.7390169121","-74.0026376103","17938","Subscriber","1965","1"
"1735","2013-12-01 11:36:11","2013-12-01 12:05:06","411","E 6 St & Avenue D","40.72228087","-73.97668709","305","E 58 St & 3 Ave","40.76095756","-73.96724467","19288","Subscriber","1979","2"
"1625","2013-12-01 11:36:17","2013-12-01 12:03:22","426","West St & Chambers St","40.71754834","-74.01322069","514","12 Ave & W 40 St","40.76087502","-74.00277668","17457","Customer",\N,"0"
"99","2013-12-01 11:36:21","2013-12-01 11:38:00","326","E 11 St & 1 Ave","40.72953837","-73.98426726","237","E 11 St & 2 Ave","40.73047309","-73.98672378","19232","Subscriber","1987","1"
"444","2013-12-01 11:36:28","2013-12-01 11:43:52","367","E 53 St & Lexington Ave","40.75828065","-73.97069431","2017","E 43 St & 2 Ave","40.75022392","-73.97121414","20016","Subscriber","1967","1"
"721","2013-12-01 11:36:39","2013-12-01 11:48:40","217","Old Fulton St","40.70277159","-73.99383605","232","Cadman Plaza E & Tillary St","40.69597683","-73.99014892","20966","Customer",\N,"0"
"1180","2013-12-01 11:36:40","2013-12-01 11:56:20","305","E 58 St & 3 Ave","40.76095756","-73.96724467","499","Broadway & W 60 St","40.76915505","-73.98191841","17494","Subscriber","1986","2"
"693","2013-12-01 11:36:47","2013-12-01 11:48:20","217","Old Fulton St","40.70277159","-73.99383605","232","Cadman Plaza E & Tillary St","40.69597683","-73.99014892","15299","Customer",\N,"0"
"1434","2013-12-01 11:36:50","2013-12-01 12:00:44","391","Clark St & Henry St","40.69760127","-73.99344559","390","Duffield St & Willoughby St","40.69221589","-73.9842844","18202","Subscriber","1973","1"
"1641","2013-12-01 11:36:53","2013-12-01 12:04:14","428","E 3 St & 1 Ave","40.72467721","-73.98783413","479","9 Ave & W 45 St","40.76019252","-73.9912551","18821","Subscriber","1968","1"
"1636","2013-12-01 11:36:53","2013-12-01 12:04:09","327","Vesey Pl & River Terrace","40.7153379","-74.01658354","382","University Pl & E 14 St","40.73492695","-73.99200509","18652","Subscriber","1951","1"
"1187","2013-12-01 11:36:54","2013-12-01 11:56:41","305","E 58 St & 3 Ave","40.76095756","-73.96724467","499","Broadway & W 60 St","40.76915505","-73.98191841","20080","Subscriber","1983","1"
"398","2013-12-01 11:36:55","2013-12-01 11:43:33","358","Christopher St & Greenwich St","40.73291553","-74.00711384","161","LaGuardia Pl & W 3 St","40.72917025","-73.99810231","17622","Subscriber","1979","2"
"534","2013-12-01 11:37:00","2013-12-01 11:45:54","403","E 2 St & 2 Ave","40.72502876","-73.99069656","404","9 Ave & W 14 St","40.7405826","-74.00550867","16821","Subscriber","1977","1"
"255","2013-12-01 11:37:10","2013-12-01 11:41:25","439","E 4 St & 2 Ave","40.7262807","-73.98978041","326","E 11 St & 1 Ave","40.72953837","-73.98426726","14926","Subscriber","1962","1"
"403","2013-12-01 11:37:14","2013-12-01 11:43:57","545","E 23 St & 1 Ave","40.736502","-73.97809472","435","W 21 St & 6 Ave","40.74173969","-73.99415556","19286","Subscriber","1979","1"
"980","2013-12-01 11:37:15","2013-12-01 11:53:35","428","E 3 St & 1 Ave","40.72467721","-73.98783413","430","York St & Jay St","40.7014851","-73.98656928","17237","Subscriber","1984","1"
"4781","2013-12-01 11:37:16","2013-12-01 12:56:57","499","Broadway & W 60 St","40.76915505","-73.98191841","499","Broadway & W 60 St","40.76915505","-73.98191841","17910","Customer",\N,"0"
"834","2013-12-01 11:37:19","2013-12-01 11:51:13","521","8 Ave & W 31 St","40.75044999","-73.99481051","345","W 13 St & 6 Ave","40.73649403","-73.99704374","14918","Subscriber","1980","1"
"756","2013-12-01 11:37:22","2013-12-01 11:49:58","361","Allen St & Hester St","40.71605866","-73.99190759","521","8 Ave & W 31 St","40.75044999","-73.99481051","19661","Subscriber","1983","1"
"243","2013-12-01 11:37:23","2013-12-01 11:41:26","439","E 4 St & 2 Ave","40.7262807","-73.98978041","326","E 11 St & 1 Ave","40.72953837","-73.98426726","16295","Subscriber","1979","2"
"854","2013-12-01 11:37:24","2013-12-01 11:51:38","393","E 5 St & Avenue C","40.72299208","-73.97995466","369","Washington Pl & 6 Ave","40.73224119","-74.00026394","16815","Subscriber","1964","1"
"1411","2013-12-01 11:37:35","2013-12-01 12:01:06","147","Greenwich St & Warren St","40.71542197","-74.01121978","435","W 21 St & 6 Ave","40.74173969","-73.99415556","20803","Subscriber","1955","2"
"448","2013-12-01 11:37:43","2013-12-01 11:45:11","293","Lafayette St & E 8 St","40.73028666","-73.9907647","410","Suffolk St & Stanton St","40.72066442","-73.98517977","16103","Subscriber","1955","1"
"470","2013-12-01 11:37:46","2013-12-01 11:45:36","387","Centre St & Chambers St","40.71273266","-74.0046073","316","Fulton St & William St","40.70955958","-74.00653609","18246","Customer",\N,"0"
"1545","2013-12-01 11:37:49","2013-12-01 12:03:34","359","E 47 St & Park Ave","40.75510267","-73.97498696","462","W 22 St & 10 Ave","40.74691959","-74.00451887","15980","Subscriber","1990","2"
"324","2013-12-01 11:37:56","2013-12-01 11:43:20","261","Johnson St & Gold St","40.69474881","-73.98362464","395","Bond St & Schermerhorn St","40.68807003","-73.98410637","19145","Subscriber","1975","1"
"1606","2013-12-01 11:37:57","2013-12-01 12:04:43","316","Fulton St & William St","40.70955958","-74.00653609","304","Broadway & Battery Pl","40.70463334","-74.01361706","15641","Subscriber","1946","1"
"1906","2013-12-01 11:38:04","2013-12-01 12:09:50","523","W 38 St & 8 Ave","40.75466591","-73.99138152","376","John St & William St","40.70862144","-74.00722156","16609","Subscriber","1981","2"
"1243","2013-12-01 11:38:11","2013-12-01 11:58:54","497","E 17 St & Broadway","40.73704984","-73.99009296","492","W 33 St & 7 Ave","40.75019995","-73.99093085","16822","Customer",\N,"0"
"347","2013-12-01 11:38:17","2013-12-01 11:44:04","237","E 11 St & 2 Ave","40.73047309","-73.98672378","161","LaGuardia Pl & W 3 St","40.72917025","-73.99810231","18784","Subscriber","1987","1"
"887","2013-12-01 11:38:18","2013-12-01 11:53:05","168","W 18 St & 6 Ave","40.73971301","-73.99456405","450","W 49 St & 8 Ave","40.76227205","-73.98788205","16793","Customer",\N,"0"
"1170","2013-12-01 11:38:25","2013-12-01 11:57:55","460","S 4 St & Wythe Ave","40.71285887","-73.96590294","258","DeKalb Ave & Vanderbilt Ave","40.68940747","-73.96885458","19937","Customer",\N,"0"
"550","2013-12-01 11:38:30","2013-12-01 11:47:40","540","Lexington Ave & E 26 St","40.74147286","-73.98320928","253","W 13 St & 5 Ave","40.73543934","-73.99453948","18801","Subscriber","1983","1"
"1432","2013-12-01 11:38:36","2013-12-01 12:02:28","407","Henry St & Poplar St","40.700469","-73.991454","402","Broadway & E 22 St","40.7403432","-73.98955109","20861","Subscriber","1984","1"
"1143","2013-12-01 11:38:37","2013-12-01 11:57:40","147","Greenwich St & Warren St","40.71542197","-74.01121978","380","W 4 St & 7 Ave S","40.73401143","-74.00293877","20344","Subscriber","1939","1"
"343","2013-12-01 11:38:46","2013-12-01 11:44:29","457","Broadway & W 58 St","40.76695317","-73.98169333","447","8 Ave & W 52 St","40.76370739","-73.9851615","19289","Subscriber","1980","1"
"544","2013-12-01 11:38:51","2013-12-01 11:47:55","127","Barrow St & Hudson St","40.73172428","-74.00674436","442","W 27 St & 7 Ave","40.746647","-73.993915","20203","Subscriber","1971","1"
"238","2013-12-01 11:38:53","2013-12-01 11:42:51","432","E 7 St & Avenue A","40.72621788","-73.98379855","450","W 49 St & 8 Ave","40.76227205","-73.98788205","15733","Subscriber","1987","1"
"1281","2013-12-01 11:38:55","2013-12-01 12:00:16","259","South St & Whitehall St","40.70122128","-74.01234218","459","W 20 St & 11 Ave","40.746745","-74.007756","15920","Subscriber","1985","1"
"539","2013-12-01 11:38:57","2013-12-01 11:47:56","484","W 44 St & 5 Ave","40.75500254","-73.98014437","450","W 49 St & 8 Ave","40.76227205","-73.98788205","18363","Subscriber","1989","1"
"674","2013-12-01 11:38:58","2013-12-01 11:50:12","458","11 Ave & W 27 St","40.751396","-74.005226","508","W 46 St & 11 Ave","40.76341379","-73.99667444","16183","Subscriber","1982","2"
"325","2013-12-01 11:39:04","2013-12-01 11:44:29","366","Clinton Ave & Myrtle Ave","40.693261","-73.968896","239","Willoughby St & Fleet St","40.69196566","-73.9813018","17198","Subscriber","1979","1"
"656","2013-12-01 11:39:04","2013-12-01 11:50:00","460","S 4 St & Wythe Ave","40.71285887","-73.96590294","372","Franklin Ave & Myrtle Ave","40.694528","-73.958089","17469","Subscriber","1980","1"
"232","2013-12-01 11:39:05","2013-12-01 11:42:57","3002","South End Ave & Liberty St","40.711512","-74.015756","147","Greenwich St & Warren St","40.71542197","-74.01121978","16138","Subscriber","1977","1"
"1465","2013-12-01 11:39:05","2013-12-01 12:03:30","365","Fulton St & Grand Ave","40.68223166","-73.9614583","539","Metropolitan Ave & Bedford Ave","40.71534825","-73.96024116","19788","Subscriber","1989","2"
"145","2013-12-01 11:39:05","2013-12-01 11:41:30","285","Broadway & E 14 St","40.73454567","-73.99074142","475","E 16 St & Irving Pl","40.73524276","-73.98758561","20995","Subscriber","1975","1"
"2086","2013-12-01 11:39:07","2013-12-01 12:13:53","238","Bank St & Washington St","40.7361967","-74.00859207","519","Pershing Square N","40.75188406","-73.97770164","15034","Subscriber","1981","2"
"707","2013-12-01 11:39:10","2013-12-01 11:50:57","380","W 4 St & 7 Ave S","40.73401143","-74.00293877","521","8 Ave & W 31 St","40.75044999","-73.99481051","15272","Subscriber","1983","1"
"310","2013-12-01 11:39:13","2013-12-01 11:44:23","345","W 13 St & 6 Ave","40.73649403","-73.99704374","357","E 11 St & Broadway","40.73261787","-73.99158043","16885","Subscriber","1949","1"
"652","2013-12-01 11:39:18","2013-12-01 11:50:10","458","11 Ave & W 27 St","40.751396","-74.005226","508","W 46 St & 11 Ave","40.76341379","-73.99667444","16429","Subscriber","1982","1"
"1426","2013-12-01 11:39:20","2013-12-01 12:03:06","306","Cliff St & Fulton St","40.70823502","-74.00530063","458","11 Ave & W 27 St","40.751396","-74.005226","17697","Subscriber","1988","1"
"733","2013-12-01 11:39:29","2013-12-01 11:51:42","280","E 10 St & 5 Ave","40.73331967","-73.99510132","446","W 24 St & 7 Ave","40.74487634","-73.99529885","15459","Subscriber","1952","2"
"1982","2013-12-01 11:39:31","2013-12-01 12:12:33","2009","Catherine St & Monroe St","40.71117444","-73.99682619","296","Division St & Bowery","40.71413089","-73.9970468","16877","Subscriber","1986","1"
"291","2013-12-01 11:39:32","2013-12-01 11:44:23","379","W 31 St & 7 Ave","40.749156","-73.9916","474","5 Ave & E 29 St","40.7451677","-73.98683077","16017","Subscriber","1975","1"
"838","2013-12-01 11:39:36","2013-12-01 11:53:34","315","South St & Gouverneur Ln","40.70355377","-74.00670227","408","Market St & Cherry St","40.71076228","-73.99400398","20135","Customer",\N,"0"
"638","2013-12-01 11:39:36","2013-12-01 11:50:14","394","E 9 St & Avenue C","40.72521311","-73.97768752","285","Broadway & E 14 St","40.73454567","-73.99074142","17096","Subscriber","1982","2"
"1548","2013-12-01 11:39:44","2013-12-01 12:05:32","327","Vesey Pl & River Terrace","40.7153379","-74.01658354","450","W 49 St & 8 Ave","40.76227205","-73.98788205","17706","Subscriber","1988","1"
"163","2013-12-01 11:39:46","2013-12-01 11:42:29","474","5 Ave & E 29 St","40.7451677","-73.98683077","402","Broadway & E 22 St","40.7403432","-73.98955109","15153","Subscriber","1985","1"
"646","2013-12-01 11:39:52","2013-12-01 11:50:38","83","Atlantic Ave & Fort Greene Pl","40.68382604","-73.97632328","353","S Portland Ave & Hanson Pl","40.68539567","-73.97431458","16888","Customer",\N,"0"
"624","2013-12-01 11:39:55","2013-12-01 11:50:19","293","Lafayette St & E 8 St","40.73028666","-73.9907647","334","W 20 St & 7 Ave","40.74238787","-73.99726235","17169","Subscriber","1989","1"
"782","2013-12-01 11:40:05","2013-12-01 11:53:07","315","South St & Gouverneur Ln","40.70355377","-74.00670227","408","Market St & Cherry St","40.71076228","-73.99400398","20077","Customer",\N,"0"
"449","2013-12-01 11:40:09","2013-12-01 11:47:38","476","E 31 St & 3 Ave","40.74394314","-73.97966069","492","W 33 St & 7 Ave","40.75019995","-73.99093085","18331","Subscriber","1980","1"
"383","2013-12-01 11:40:15","2013-12-01 11:46:38","478","11 Ave & W 41 St","40.76030096","-73.99884222","450","W 49 St & 8 Ave","40.76227205","-73.98788205","16223","Subscriber","1987","2"
"161","2013-12-01 11:40:15","2013-12-01 11:42:56","521","8 Ave & W 31 St","40.75044999","-73.99481051","294","Washington Square E","40.73049393","-73.9957214","15185","Subscriber","1934","1"
"1142","2013-12-01 11:40:15","2013-12-01 11:59:17","433","E 13 St & Avenue A","40.72955361","-73.98057249","522","E 51 St & Lexington Ave","40.75714758","-73.97207836","17696","Subscriber","1979","2"
"296","2013-12-01 11:40:17","2013-12-01 11:45:13","307","Canal St & Rutgers St","40.71427487","-73.98990025","531","Forsyth St & Broome St","40.71893904","-73.99266288","15281","Subscriber","1975","1"
"1140","2013-12-01 11:40:19","2013-12-01 11:59:19","150","E 2 St & Avenue C","40.7208736","-73.98085795","116","W 17 St & 8 Ave","40.74177603","-74.00149746","19966","Subscriber","1976","1"
"123","2013-12-01 11:40:22","2013-12-01 11:42:25","406","Hicks St & Montague St","40.69512845","-73.99595065","157","Henry St & Atlantic Ave","40.69089272","-73.99612349","20144","Subscriber","1979","1"
"384","2013-12-01 11:40:25","2013-12-01 11:46:49","524","W 43 St & 6 Ave","40.75527307","-73.98316936","492","W 33 St & 7 Ave","40.75019995","-73.99093085","20834","Customer",\N,"0"
"1221","2013-12-01 11:40:25","2013-12-01 12:00:46","472","E 32 St & Park Ave","40.7457121","-73.98194829","455","1 Ave & E 44 St","40.75001986","-73.96905301","17743","Customer",\N,"0"
"372","2013-12-01 11:40:26","2013-12-01 11:46:38","352","W 56 St & 6 Ave","40.76340613","-73.97722479","368","Carmine St & 6 Ave","40.73038599","-74.00214988","18984","Subscriber","1988","1"
"2015","2013-12-01 11:40:29","2013-12-01 12:14:04","238","Bank St & Washington St","40.7361967","-74.00859207","519","Pershing Square N","40.75188406","-73.97770164","17002","Subscriber","1959","1"
"502","2013-12-01 11:40:31","2013-12-01 11:48:53","2012","E 27 St & 1 Ave","40.739445","-73.976806","293","Lafayette St & E 8 St","40.73028666","-73.9907647","19305","Subscriber","1969","1"
"356","2013-12-01 11:40:43","2013-12-01 11:46:39","399","Lafayette Ave & St James Pl","40.68851534","-73.9647628","262","Washington Park","40.69178232","-73.97372989","20985","Subscriber","1978","1"
"1152","2013-12-01 11:40:48","2013-12-01 12:00:00","147","Greenwich St & Warren St","40.71542197","-74.01121978","398","Atlantic Ave & Furman St","40.69165183","-73.9999786","19320","Subscriber","1978","1"
"527","2013-12-01 11:40:49","2013-12-01 11:49:36","479","9 Ave & W 45 St","40.76019252","-73.9912551","485","W 37 St & 5 Ave","40.75038009","-73.98338988","20079","Subscriber","1991","1"
"1220","2013-12-01 11:40:52","2013-12-01 12:01:12","495","W 47 St & 10 Ave","40.76269882","-73.99301222","402","Broadway & E 22 St","40.7403432","-73.98955109","17654","Subscriber","1968","1"
"218","2013-12-01 11:40:53","2013-12-01 11:44:31","237","E 11 St & 2 Ave","40.73047309","-73.98672378","285","Broadway & E 14 St","40.73454567","-73.99074142","14985","Subscriber","1969","1"
"1049","2013-12-01 11:41:11","2013-12-01 11:58:40","523","W 38 St & 8 Ave","40.75466591","-73.99138152","293","Lafayette St & E 8 St","40.73028666","-73.9907647","19903","Subscriber","1983","1"
"537","2013-12-01 11:41:13","2013-12-01 11:50:10","275","Washington Ave & Greene Ave","40.68650065","-73.96563307","373","Willoughby Ave & Walworth St","40.69331716","-73.95381995","20957","Subscriber","1973","1"
"358","2013-12-01 11:41:16","2013-12-01 11:47:14","375","Mercer St & Bleecker St","40.72679454","-73.99695094","293","Lafayette St & E 8 St","40.73028666","-73.9907647","19593","Subscriber","1984","2"
"500","2013-12-01 11:41:17","2013-12-01 11:49:37","327","Vesey Pl & River Terrace","40.7153379","-74.01658354","427","State St","40.70251526","-74.01427023","15170","Subscriber","1962","1"
"659","2013-12-01 11:41:22","2013-12-01 11:52:21","344","Monroe St & Bedford Ave","40.6851443","-73.95380904","431","Hanover Pl & Livingston St","40.68864636","-73.98263429","17712","Subscriber","1989","1"
"261","2013-12-01 11:41:23","2013-12-01 11:45:44","485","W 37 St & 5 Ave","40.75038009","-73.98338988","318","E 43 St & Vanderbilt Ave","40.75320159","-73.9779874","18195","Subscriber","1989","1"
"905","2013-12-01 11:41:32","2013-12-01 11:56:37","459","W 20 St & 11 Ave","40.746745","-74.007756","480","W 53 St & 10 Ave","40.76669671","-73.99061728","19507","Subscriber","1965","2"
"203","2013-12-01 11:41:36","2013-12-01 11:44:59","363","West Thames St","40.70834698","-74.01713445","304","Broadway & Battery Pl","40.70463334","-74.01361706","15132","Subscriber","1975","1"
"555","2013-12-01 11:41:36","2013-12-01 11:50:51","515","W 43 St & 10 Ave","40.76009437","-73.99461843","499","Broadway & W 60 St","40.76915505","-73.98191841","16427","Subscriber","1971","1"
"1501","2013-12-01 11:41:45","2013-12-01 12:06:46","477","W 41 St & 8 Ave","40.75640548","-73.9900262","336","Sullivan St & Washington Sq","40.73047747","-73.99906065","16835","Subscriber","1991","1"
"447","2013-12-01 11:41:51","2013-12-01 11:49:18","161","LaGuardia Pl & W 3 St","40.72917025","-73.99810231","435","W 21 St & 6 Ave","40.74173969","-73.99415556","18325","Subscriber","1985","1"
"980","2013-12-01 11:42:00","2013-12-01 11:58:20","437","Macon St & Nostrand Ave","40.6809833854","-73.9500479759","270","Adelphi St & Myrtle Ave","40.69308257","-73.97178913","18862","Subscriber","1985","1"
"341","2013-12-01 11:42:05","2013-12-01 11:47:46","307","Canal St & Rutgers St","40.71427487","-73.98990025","502","Henry St & Grand St","40.714215","-73.981346","18096","Subscriber","1978","2"
"202","2013-12-01 11:42:07","2013-12-01 11:45:29","312","Allen St & E Houston St","40.722055","-73.989111","301","E 2 St & Avenue B","40.72217444","-73.98368779","17587","Subscriber","1970","1"
"331","2013-12-01 11:42:10","2013-12-01 11:47:41","116","W 17 St & 8 Ave","40.74177603","-74.00149746","446","W 24 St & 7 Ave","40.74487634","-73.99529885","20343","Subscriber","1981","2"
"206","2013-12-01 11:42:13","2013-12-01 11:45:39","305","E 58 St & 3 Ave","40.76095756","-73.96724467","441","E 52 St & 2 Ave","40.756014","-73.967416","16722","Subscriber","1966","1"
"330","2013-12-01 11:42:17","2013-12-01 11:47:47","116","W 17 St & 8 Ave","40.74177603","-74.00149746","446","W 24 St & 7 Ave","40.74487634","-73.99529885","15637","Subscriber","1981","1"
"485","2013-12-01 11:42:20","2013-12-01 11:50:25","498","Broadway & W 32 St","40.74854862","-73.98808416","472","E 32 St & Park Ave","40.7457121","-73.98194829","14940","Subscriber","1980","2"
"546","2013-12-01 11:42:22","2013-12-01 11:51:28","442","W 27 St & 7 Ave","40.746647","-73.993915","116","W 17 St & 8 Ave","40.74177603","-74.00149746","14867","Subscriber","1985","2"
"284","2013-12-01 11:42:24","2013-12-01 11:47:08","485","W 37 St & 5 Ave","40.75038009","-73.98338988","444","Broadway & W 24 St","40.7423543","-73.98915076","18588","Subscriber","1984","1"
"684","2013-12-01 11:42:27","2013-12-01 11:53:51","315","South St & Gouverneur Ln","40.70355377","-74.00670227","408","Market St & Cherry St","40.71076228","-73.99400398","16419","Customer",\N,"0"
"701","2013-12-01 11:42:30","2013-12-01 11:54:11","480","W 53 St & 10 Ave","40.76669671","-73.99061728","522","E 51 St & Lexington Ave","40.75714758","-73.97207836","15932","Subscriber","1987","1"
"1058","2013-12-01 11:42:30","2013-12-01 12:00:08","236","St Marks Pl & 2 Ave","40.7284186","-73.98713956","469","Broadway & W 53 St","40.76344058","-73.98268129","18020","Subscriber","1981","1"
"1552","2013-12-01 11:42:31","2013-12-01 12:08:23","426","West St & Chambers St","40.71754834","-74.01322069","72","W 52 St & 11 Ave","40.76727216","-73.99392888","17004","Subscriber","1974","1"
"970","2013-12-01 11:42:31","2013-12-01 11:58:41","505","6 Ave & W 33 St","40.74901271","-73.98848395","505","6 Ave & W 33 St","40.74901271","-73.98848395","18518","Customer",\N,"0"
"333","2013-12-01 11:42:37","2013-12-01 11:48:10","466","W 25 St & 6 Ave","40.74395411","-73.99144871","352","W 56 St & 6 Ave","40.76340613","-73.97722479","17420","Subscriber","1967","1"
"612","2013-12-01 11:42:37","2013-12-01 11:52:49","2010","Grand St & Greene St","40.72165481","-74.00234737","355","Bayard St & Baxter St","40.71602118","-73.99974372","20007","Subscriber","1980","2"
"915","2013-12-01 11:42:39","2013-12-01 11:57:54","254","W 11 St & 6 Ave","40.73532427","-73.99800419","2003","1 Ave & E 18 St","40.73416059","-73.98024289","17607","Subscriber","1962","2"
"943","2013-12-01 11:42:39","2013-12-01 11:58:22","152","Warren St & Church St","40.71473993","-74.00910627","496","E 16 St & 5 Ave","40.73726186","-73.99238967","15208","Subscriber","1970","1"
"154","2013-12-01 11:42:40","2013-12-01 11:45:14","474","5 Ave & E 29 St","40.7451677","-73.98683077","402","Broadway & E 22 St","40.7403432","-73.98955109","20882","Subscriber","1978","1"
"475","2013-12-01 11:42:41","2013-12-01 11:50:36","489","10 Ave & W 28 St","40.75066386","-74.00176802","223","W 13 St & 7 Ave","40.73781509","-73.99994661","18364","Subscriber","1966","1"
"694","2013-12-01 11:42:44","2013-12-01 11:54:18","3002","South End Ave & Liberty St","40.711512","-74.015756","308","St James Pl & Oliver St","40.71307916","-73.99851193","18936","Subscriber","1990","1"
"1058","2013-12-01 11:42:50","2013-12-01 12:00:28","2000","Front St & Washington St","40.70255088","-73.98940236","323","Lawrence St & Willoughby St","40.69236178","-73.98631746","17437","Subscriber","1976","2"
"464","2013-12-01 11:42:52","2013-12-01 11:50:36","347","W Houston St & Hudson St","40.72873888","-74.00748842","151","Cleveland Pl & Spring St","40.7218158","-73.99720307","15724","Subscriber","1983","1"
"526","2013-12-01 11:42:53","2013-12-01 11:51:39","354","Emerson Pl & Myrtle Ave","40.69363137","-73.96223558","323","Lawrence St & Willoughby St","40.69236178","-73.98631746","20994","Subscriber","1986","1"
"360","2013-12-01 11:42:57","2013-12-01 11:48:57","147","Greenwich St & Warren St","40.71542197","-74.01121978","3002","South End Ave & Liberty St","40.711512","-74.015756","19297","Subscriber","1979","2"
"173","2013-12-01 11:42:58","2013-12-01 11:45:51","229","Great Jones St","40.72743423","-73.99379025","251","Mott St & Prince St","40.72317958","-73.99480012","17257","Subscriber","1962","1"
"682","2013-12-01 11:43:01","2013-12-01 11:54:23","477","W 41 St & 8 Ave","40.75640548","-73.9900262","540","Lexington Ave & E 26 St","40.74147286","-73.98320928","19003","Subscriber","1964","1"
"1416","2013-12-01 11:43:01","2013-12-01 12:06:37","233","Joralemon St & Adams St","40.69246277","-73.98963911","399","Lafayette Ave & St James Pl","40.68851534","-73.9647628","18078","Customer",\N,"0"
"702","2013-12-01 11:43:04","2013-12-01 11:54:46","339","Avenue D & E 12 St","40.72580614","-73.97422494","412","Forsyth St & Canal St","40.7158155","-73.99422366","18086","Subscriber","1952","1"
"477","2013-12-01 11:43:07","2013-12-01 11:51:04","503","E 20 St & Park Ave","40.73827428","-73.98751968","472","E 32 St & Park Ave","40.7457121","-73.98194829","19280","Subscriber","1967","1"
"1910","2013-12-01 11:43:08","2013-12-01 12:14:58","311","Norfolk St & Broome St","40.7172274","-73.98802084","426","West St & Chambers St","40.71754834","-74.01322069","16474","Subscriber","1976","1"
"306","2013-12-01 11:43:14","2013-12-01 11:48:20","285","Broadway & E 14 St","40.73454567","-73.99074142","294","Washington Square E","40.73049393","-73.9957214","17715","Subscriber","1954","1"
"1906","2013-12-01 11:43:19","2013-12-01 12:15:05","454","E 51 St & 1 Ave","40.75455731","-73.96592976","412","Forsyth St & Canal St","40.7158155","-73.99422366","20663","Subscriber","1959","1"
"269","2013-12-01 11:43:22","2013-12-01 11:47:51","307","Canal St & Rutgers St","40.71427487","-73.98990025","307","Canal St & Rutgers St","40.71427487","-73.98990025","15545","Subscriber","1962","1"
"529","2013-12-01 11:43:22","2013-12-01 11:52:11","346","Bank St & Hudson St","40.73652889","-74.00618026","382","University Pl & E 14 St","40.73492695","-73.99200509","19007","Subscriber","1983","2"
"630","2013-12-01 11:43:24","2013-12-01 11:53:54","303","Mercer St & Spring St","40.72362738","-73.99949601","284","Greenwich Ave & 8 Ave","40.7390169121","-74.0026376103","15078","Subscriber","1966","1"
"553","2013-12-01 11:43:29","2013-12-01 11:52:42","529","W 42 St & 8 Ave","40.7575699","-73.99098507","509","9 Ave & W 22 St","40.7454973","-74.00197139","16140","Subscriber","1956","1"
"3024","2013-12-01 11:43:33","2013-12-01 12:33:57","365","Fulton St & Grand Ave","40.68223166","-73.9614583","397","Fulton St & Clermont Ave","40.68415748","-73.96922273","20133","Subscriber","1979","2"
"388","2013-12-01 11:43:33","2013-12-01 11:50:01","498","Broadway & W 32 St","40.74854862","-73.98808416","472","E 32 St & Park Ave","40.7457121","-73.98194829","17191","Subscriber","1978","1"
"240","2013-12-01 11:43:36","2013-12-01 11:47:36","483","E 12 St & 3 Ave","40.73223272","-73.98889957","254","W 11 St & 6 Ave","40.73532427","-73.99800419","20212","Subscriber","1976","1"
"324","2013-12-01 11:43:38","2013-12-01 11:49:02","540","Lexington Ave & E 26 St","40.74147286","-73.98320928","285","Broadway & E 14 St","40.73454567","-73.99074142","17114","Subscriber","1986","1"
"662","2013-12-01 11:43:48","2013-12-01 11:54:50","2004","6 Ave & Broome St","40.724399","-74.004704","195","Liberty St & Broadway","40.70905623","-74.01043382","19414","Subscriber","1983","1"
"1649","2013-12-01 11:43:51","2013-12-01 12:11:20","367","E 53 St & Lexington Ave","40.75828065","-73.97069431","263","Elizabeth St & Hester St","40.71729","-73.996375","19716","Subscriber","1987","1"
"1262","2013-12-01 11:43:52","2013-12-01 12:04:54","319","Park Pl & Church St","40.71336124","-74.00937622","480","W 53 St & 10 Ave","40.76669671","-73.99061728","15904","Subscriber","1968","1"
"405","2013-12-01 11:43:55","2013-12-01 11:50:40","509","9 Ave & W 22 St","40.7454973","-74.00197139","382","University Pl & E 14 St","40.73492695","-73.99200509","15856","Subscriber","1979","1"
"283","2013-12-01 11:44:07","2013-12-01 11:48:50","368","Carmine St & 6 Ave","40.73038599","-74.00214988","358","Christopher St & Greenwich St","40.73291553","-74.00711384","17850","Subscriber","1969","2"
"486","2013-12-01 11:44:15","2013-12-01 11:52:21","284","Greenwich Ave & 8 Ave","40.7390169121","-74.0026376103","521","8 Ave & W 31 St","40.75044999","-73.99481051","16731","Subscriber","1982","1"
"75","2013-12-01 11:44:16","2013-12-01 11:45:31","2017","E 43 St & 2 Ave","40.75022392","-73.97121414","2017","E 43 St & 2 Ave","40.75022392","-73.97121414","20016","Subscriber","1967","1"
"378","2013-12-01 11:44:19","2013-12-01 11:50:37","426","West St & Chambers St","40.71754834","-74.01322069","320","Church St & Leonard St","40.71743998","-74.00583475","16633","Subscriber","1978","2"
"647","2013-12-01 11:44:21","2013-12-01 11:55:08","251","Mott St & Prince St","40.72317958","-73.99480012","151","Cleveland Pl & Spring St","40.7218158","-73.99720307","19035","Subscriber","1973","1"
"1064","2013-12-01 11:44:27","2013-12-01 12:02:11","499","Broadway & W 60 St","40.76915505","-73.98191841","305","E 58 St & 3 Ave","40.76095756","-73.96724467","15983","Subscriber","1953","2"
"930","2013-12-01 11:44:31","2013-12-01 12:00:01","233","Joralemon St & Adams St","40.69246277","-73.98963911","224","Spruce St & Nassau St","40.71146364","-74.00552427","16920","Subscriber","1946","1"
"1057","2013-12-01 11:44:35","2013-12-01 12:02:12","499","Broadway & W 60 St","40.76915505","-73.98191841","305","E 58 St & 3 Ave","40.76095756","-73.96724467","18439","Subscriber","1954","1"
"141","2013-12-01 11:44:37","2013-12-01 11:46:58","504","1 Ave & E 15 St","40.73221853","-73.98165557","297","E 15 St & 3 Ave","40.734232","-73.986923","19706","Subscriber","1982","1"
"343","2013-12-01 11:44:38","2013-12-01 11:50:21","490","8 Ave & W 33 St","40.751551","-73.993934","2021","W 45 St & 8 Ave","40.75929124","-73.98859651","16271","Subscriber","1984","1"
"102","2013-12-01 11:44:40","2013-12-01 11:46:22","512","W 29 St & 9 Ave","40.7500727","-73.99839279","521","8 Ave & W 31 St","40.75044999","-73.99481051","17307","Subscriber","1979","1"
"285","2013-12-01 11:44:47","2013-12-01 11:49:32","2003","1 Ave & E 18 St","40.73416059","-73.98024289","475","E 16 St & Irving Pl","40.73524276","-73.98758561","19970","Subscriber","1986","1"
"1288","2013-12-01 11:44:52","2013-12-01 12:06:20","290","2 Ave & E 58 St","40.76020258","-73.96478473","403","E 2 St & 2 Ave","40.72502876","-73.99069656","20358","Subscriber","1946","1"
"1810","2013-12-01 11:44:56","2013-12-01 12:15:06","308","St James Pl & Oliver St","40.71307916","-73.99851193","116","W 17 St & 8 Ave","40.74177603","-74.00149746","16128","Subscriber","1975","1"
"694","2013-12-01 11:44:57","2013-12-01 11:56:31","300","Shevchenko Pl & E 6 St","40.728145","-73.990214","296","Division St & Bowery","40.71413089","-73.9970468","18705","Subscriber","1968","1"
"573","2013-12-01 11:45:00","2013-12-01 11:54:33","382","University Pl & E 14 St","40.73492695","-73.99200509","368","Carmine St & 6 Ave","40.73038599","-74.00214988","19789","Subscriber","1976","1"
"449","2013-12-01 11:45:04","2013-12-01 11:52:33","357","E 11 St & Broadway","40.73261787","-73.99158043","348","W Broadway & Spring St","40.72490985","-74.00154702","15245","Subscriber","1974","2"
"990","2013-12-01 11:45:06","2013-12-01 12:01:36","540","Lexington Ave & E 26 St","40.74147286","-73.98320928","268","Howard St & Centre St","40.71910537","-73.99973337","18897","Subscriber","1975","1"
"249","2013-12-01 11:45:06","2013-12-01 11:49:15","346","Bank St & Hudson St","40.73652889","-74.00618026","116","W 17 St & 8 Ave","40.74177603","-74.00149746","18360","Subscriber","1983","1"
"584","2013-12-01 11:45:16","2013-12-01 11:55:00","393","E 5 St & Avenue C","40.72299208","-73.97995466","293","Lafayette St & E 8 St","40.73028666","-73.9907647","18318","Subscriber","1979","2"
"554","2013-12-01 11:45:20","2013-12-01 11:54:34","310","State St & Smith St","40.68926942","-73.98912867","416","Cumberland St & Lafayette Ave","40.68753406","-73.97265183","15052","Subscriber","1983","2"
"969","2013-12-01 11:45:24","2013-12-01 12:01:33","386","Centre St & Worth St","40.71494807","-74.00234482","116","W 17 St & 8 Ave","40.74177603","-74.00149746","15276","Subscriber","1979","1"
"550","2013-12-01 11:45:34","2013-12-01 11:54:44","326","E 11 St & 1 Ave","40.72953837","-73.98426726","527","E 33 St & 1 Ave","40.74315566","-73.97434726","16295","Subscriber","1974","1"
"439","2013-12-01 11:45:34","2013-12-01 11:52:53","303","Mercer St & Spring St","40.72362738","-73.99949601","497","E 17 St & Broadway","40.73704984","-73.99009296","19782","Subscriber","1962","1"
"90","2013-12-01 11:45:37","2013-12-01 11:47:07","294","Washington Square E","40.73049393","-73.9957214","294","Washington Square E","40.73049393","-73.9957214","18035","Subscriber","1990","2"
"561","2013-12-01 11:45:39","2013-12-01 11:55:00","519","Pershing Square N","40.75188406","-73.97770164","285","Broadway & E 14 St","40.73454567","-73.99074142","14745","Subscriber","1964","1"
"713","2013-12-01 11:45:56","2013-12-01 11:57:49","453","W 22 St & 8 Ave","40.74475148","-73.99915362","470","W 20 St & 8 Ave","40.74345335","-74.00004031","16751","Subscriber","1989","1"
"502","2013-12-01 11:45:58","2013-12-01 11:54:20","453","W 22 St & 8 Ave","40.74475148","-73.99915362","382","University Pl & E 14 St","40.73492695","-73.99200509","18449","Subscriber","1989","2"
"691","2013-12-01 11:46:01","2013-12-01 11:57:32","449","W 52 St & 9 Ave","40.76461837","-73.98789473","137","E 56 St & Madison Ave","40.761628","-73.972924","15885","Subscriber","1955","1"
"1147","2013-12-01 11:46:09","2013-12-01 12:05:16","263","Elizabeth St & Hester St","40.71729","-73.996375","363","West Thames St","40.70834698","-74.01713445","20058","Subscriber","1954","1"
"1077","2013-12-01 11:46:28","2013-12-01 12:04:25","532","S 5 Pl & S 4 St","40.710451","-73.960876","350","Clinton St & Grand St","40.71559509","-73.9870295","19892","Subscriber","1991","2"
"484","2013-12-01 11:46:38","2013-12-01 11:54:42","497","E 17 St & Broadway","40.73704984","-73.99009296","435","W 21 St & 6 Ave","40.74173969","-73.99415556","15123","Customer",\N,"0"
"601","2013-12-01 11:46:38","2013-12-01 11:56:39","421","Clermont Ave & Park Ave","40.69573398","-73.97129668","233","Joralemon St & Adams St","40.69246277","-73.98963911","17890","Subscriber","1987","1"
"388","2013-12-01 11:46:44","2013-12-01 11:53:12","511","E 14 St & Avenue B","40.72938685","-73.97772429","285","Broadway & E 14 St","40.73454567","-73.99074142","20299","Subscriber","1968","1"
"706","2013-12-01 11:46:46","2013-12-01 11:58:32","477","W 41 St & 8 Ave","40.75640548","-73.9900262","546","E 30 St & Park Ave S","40.74444921","-73.98303529","15661","Subscriber","1984","1"
"1255","2013-12-01 11:46:48","2013-12-01 12:07:43","447","8 Ave & W 52 St","40.76370739","-73.9851615","476","E 31 St & 3 Ave","40.74394314","-73.97966069","16153","Subscriber","1989","1"
"450","2013-12-01 11:46:55","2013-12-01 11:54:25","524","W 43 St & 6 Ave","40.75527307","-73.98316936","526","E 33 St & 5 Ave","40.74765947","-73.98490707","17768","Customer",\N,"0"
"428","2013-12-01 11:46:58","2013-12-01 11:54:06","524","W 43 St & 6 Ave","40.75527307","-73.98316936","526","E 33 St & 5 Ave","40.74765947","-73.98490707","15054","Customer",\N,"0"
"799","2013-12-01 11:47:02","2013-12-01 12:00:21","519","Pershing Square N","40.75188406","-73.97770164","537","Lexington Ave & E 24 St","40.74025878","-73.98409214","15161","Subscriber","1954","1"
"1125","2013-12-01 11:47:08","2013-12-01 12:05:53","116","W 17 St & 8 Ave","40.74177603","-74.00149746","251","Mott St & Prince St","40.72317958","-73.99480012","19399","Subscriber","1969","1"
"186","2013-12-01 11:47:09","2013-12-01 11:50:15","459","W 20 St & 11 Ave","40.746745","-74.007756","475","E 16 St & Irving Pl","40.73524276","-73.98758561","17073","Subscriber","1972","1"
"529","2013-12-01 11:47:09","2013-12-01 11:55:58","308","St James Pl & Oliver St","40.71307916","-73.99851193","82","St James Pl & Pearl St","40.71117416","-74.00016545","19617","Subscriber","1964","1"
"820","2013-12-01 11:47:12","2013-12-01 12:00:52","537","Lexington Ave & E 24 St","40.74025878","-73.98409214","404","9 Ave & W 14 St","40.7405826","-74.00550867","18523","Subscriber","1979","1"
"904","2013-12-01 11:47:13","2013-12-01 12:02:17","327","Vesey Pl & River Terrace","40.7153379","-74.01658354","128","MacDougal St & Prince St","40.72710258","-74.00297088","16834","Subscriber","1965","2"
"452","2013-12-01 11:47:16","2013-12-01 11:54:48","2009","Catherine St & Monroe St","40.71117444","-73.99682619","531","Forsyth St & Broome St","40.71893904","-73.99266288","16863","Subscriber","1967","1"
"191","2013-12-01 11:47:19","2013-12-01 11:50:30","521","8 Ave & W 31 St","40.75044999","-73.99481051","442","W 27 St & 7 Ave","40.746647","-73.993915","19225","Subscriber","1972","1"
"428","2013-12-01 11:47:22","2013-12-01 11:54:30","503","E 20 St & Park Ave","40.73827428","-73.98751968","161","LaGuardia Pl & W 3 St","40.72917025","-73.99810231","18220","Subscriber","1989","1"
"345","2013-12-01 11:47:22","2013-12-01 11:53:07","496","E 16 St & 5 Ave","40.73726186","-73.99238967","537","Lexington Ave & E 24 St","40.74025878","-73.98409214","19060","Subscriber","1989","2"
"226","2013-12-01 11:47:37","2013-12-01 11:51:23","329","Greenwich St & N Moore St","40.72043411","-74.01020609","426","West St & Chambers St","40.71754834","-74.01322069","16567","Subscriber","1971","1"
"890","2013-12-01 11:47:37","2013-12-01 12:02:27","327","Vesey Pl & River Terrace","40.7153379","-74.01658354","128","MacDougal St & Prince St","40.72710258","-74.00297088","18472","Subscriber","1962","1"
"1073","2013-12-01 11:47:43","2013-12-01 12:05:36","407","Henry St & Poplar St","40.700469","-73.991454","268","Howard St & Centre St","40.71910537","-73.99973337","18755","Subscriber","1976","1"
"275","2013-12-01 11:47:45","2013-12-01 11:52:20","361","Allen St & Hester St","40.71605866","-73.99190759","361","Allen St & Hester St","40.71605866","-73.99190759","15962","Subscriber","1968","1"
"1356","2013-12-01 11:47:45","2013-12-01 12:10:21","459","W 20 St & 11 Ave","40.746745","-74.007756","147","Greenwich St & Warren St","40.71542197","-74.01121978","19447","Subscriber","1963","2"
"474","2013-12-01 11:47:45","2013-12-01 11:55:39","394","E 9 St & Avenue C","40.72521311","-73.97768752","285","Broadway & E 14 St","40.73454567","-73.99074142","18365","Subscriber","1992","1"
"529","2013-12-01 11:47:48","2013-12-01 11:56:37","435","W 21 St & 6 Ave","40.74173969","-73.99415556","252","MacDougal St & Washington Sq","40.73226398","-73.99852205","15496","Subscriber","1966","2"
"851","2013-12-01 11:47:51","2013-12-01 12:02:02","127","Barrow St & Hudson St","40.73172428","-74.00674436","518","E 39 St & 2 Ave","40.74780373","-73.9734419","16950","Subscriber","1982","1"
"249","2013-12-01 11:47:53","2013-12-01 11:52:02","394","E 9 St & Avenue C","40.72521311","-73.97768752","410","Suffolk St & Stanton St","40.72066442","-73.98517977","16243","Subscriber","1986","1"
"1221","2013-12-01 11:47:54","2013-12-01 12:08:15","503","E 20 St & Park Ave","40.73827428","-73.98751968","477","W 41 St & 8 Ave","40.75640548","-73.9900262","17701","Subscriber","1969","1"
"700","2013-12-01 11:48:05","2013-12-01 11:59:45","422","W 59 St & 10 Ave","40.770513","-73.988038","479","9 Ave & W 45 St","40.76019252","-73.9912551","16220","Subscriber","1982","2"
"945","2013-12-01 11:48:08","2013-12-01 12:03:53","327","Vesey Pl & River Terrace","40.7153379","-74.01658354","225","W 14 St & The High Line","40.74195138","-74.00803013","19277","Customer",\N,"0"
"600","2013-12-01 11:48:09","2013-12-01 11:58:09","312","Allen St & E Houston St","40.722055","-73.989111","254","W 11 St & 6 Ave","40.73532427","-73.99800419","20812","Subscriber","1980","1"
"1121","2013-12-01 11:48:10","2013-12-01 12:06:51","233","Joralemon St & Adams St","40.69246277","-73.98963911","399","Lafayette Ave & St James Pl","40.68851534","-73.9647628","15507","Customer",\N,"0"
"1256","2013-12-01 11:48:13","2013-12-01 12:09:09","379","W 31 St & 7 Ave","40.749156","-73.9916","326","E 11 St & 1 Ave","40.72953837","-73.98426726","17581","Subscriber","1984","2"
"785","2013-12-01 11:48:19","2013-12-01 12:01:24","340","Madison St & Clinton St","40.71269042","-73.98776323","497","E 17 St & Broadway","40.73704984","-73.99009296","17721","Subscriber","1979","1"
"839","2013-12-01 11:48:25","2013-12-01 12:02:24","2003","1 Ave & E 18 St","40.73416059","-73.98024289","521","8 Ave & W 31 St","40.75044999","-73.99481051","17571","Subscriber","1984","1"
"266","2013-12-01 11:48:26","2013-12-01 11:52:52","143","Clinton St & Joralemon St","40.69239502","-73.99337909","391","Clark St & Henry St","40.69760127","-73.99344559","16912","Subscriber","1969","1"
"582","2013-12-01 11:48:29","2013-12-01 11:58:11","312","Allen St & E Houston St","40.722055","-73.989111","252","MacDougal St & Washington Sq","40.73226398","-73.99852205","17091","Subscriber","1982","2"
"500","2013-12-01 11:48:34","2013-12-01 11:56:54","297","E 15 St & 3 Ave","40.734232","-73.986923","411","E 6 St & Avenue D","40.72228087","-73.97668709","19165","Subscriber","1985","1"
"1995","2013-12-01 11:48:40","2013-12-01 12:21:55","296","Division St & Bowery","40.71413089","-73.9970468","345","W 13 St & 6 Ave","40.73649403","-73.99704374","15480","Subscriber","1984","1"
"1489","2013-12-01 11:49:00","2013-12-01 12:13:49","459","W 20 St & 11 Ave","40.746745","-74.007756","152","Warren St & Church St","40.71473993","-74.00910627","16749","Subscriber","1963","1"
"658","2013-12-01 11:49:08","2013-12-01 12:00:06","470","W 20 St & 8 Ave","40.74345335","-74.00004031","346","Bank St & Hudson St","40.73652889","-74.00618026","15427","Subscriber","1946","1"
"352","2013-12-01 11:49:17","2013-12-01 11:55:09","324","DeKalb Ave & Hudson Ave","40.689888","-73.981013","233","Joralemon St & Adams St","40.69246277","-73.98963911","18481","Subscriber","1961","1"
"301","2013-12-01 11:49:30","2013-12-01 11:54:31","382","University Pl & E 14 St","40.73492695","-73.99200509","345","W 13 St & 6 Ave","40.73649403","-73.99704374","15109","Subscriber","1964","2"
"1421","2013-12-01 11:49:31","2013-12-01 12:13:12","476","E 31 St & 3 Ave","40.74394314","-73.97966069","499","Broadway & W 60 St","40.76915505","-73.98191841","20361","Subscriber","1989","1"
"454","2013-12-01 11:49:37","2013-12-01 11:57:11","294","Washington Square E","40.73049393","-73.9957214","346","Bank St & Hudson St","40.73652889","-74.00618026","16021","Subscriber","1967","1"
"260","2013-12-01 11:49:44","2013-12-01 11:54:04","382","University Pl & E 14 St","40.73492695","-73.99200509","345","W 13 St & 6 Ave","40.73649403","-73.99704374","17438","Subscriber","1964","1"
"744","2013-12-01 11:49:48","2013-12-01 12:02:12","404","9 Ave & W 14 St","40.7405826","-74.00550867","323","Lawrence St & Willoughby St","40.69236178","-73.98631746","18177","Subscriber","1988","1"
"990","2013-12-01 11:49:48","2013-12-01 12:06:18","478","11 Ave & W 41 St","40.76030096","-73.99884222","285","Broadway & E 14 St","40.73454567","-73.99074142","18653","Subscriber","1988","2"
"574","2013-12-01 11:49:52","2013-12-01 11:59:26","470","W 20 St & 8 Ave","40.74345335","-74.00004031","325","E 19 St & 3 Ave","40.73624527","-73.98473765","19760","Subscriber","1983","1"
"392","2013-12-01 11:50:04","2013-12-01 11:56:36","168","W 18 St & 6 Ave","40.73971301","-73.99456405","498","Broadway & W 32 St","40.74854862","-73.98808416","18929","Subscriber","1966","1"
"179","2013-12-01 11:50:18","2013-12-01 11:53:17","432","E 7 St & Avenue A","40.72621788","-73.98379855","433","E 13 St & Avenue A","40.72955361","-73.98057249","17568","Subscriber","1988","2"
"1901","2013-12-01 11:50:18","2013-12-01 12:21:59","72","W 52 St & 11 Ave","40.76727216","-73.99392888","296","Division St & Bowery","40.71413089","-73.9970468","17845","Subscriber","1983","1"
"1918","2013-12-01 11:50:20","2013-12-01 12:22:18","72","W 52 St & 11 Ave","40.76727216","-73.99392888","296","Division St & Bowery","40.71413089","-73.9970468","20714","Subscriber","1985","1"
"448","2013-12-01 11:50:22","2013-12-01 11:57:50","372","Franklin Ave & Myrtle Ave","40.694528","-73.958089","258","DeKalb Ave & Vanderbilt Ave","40.68940747","-73.96885458","17477","Subscriber","1980","1"
"303","2013-12-01 11:50:23","2013-12-01 11:55:26","476","E 31 St & 3 Ave","40.74394314","-73.97966069","536","1 Ave & E 30 St","40.74144387","-73.97536082","17693","Subscriber","1951","1"
"696","2013-12-01 11:50:28","2013-12-01 12:02:04","537","Lexington Ave & E 24 St","40.74025878","-73.98409214","375","Mercer St & Bleecker St","40.72679454","-73.99695094","15785","Subscriber","1993","1"
"119","2013-12-01 11:50:29","2013-12-01 11:52:28","146","Hudson St & Reade St","40.71625008","-74.0091059","320","Church St & Leonard St","40.71743998","-74.00583475","20241","Subscriber","1960","1"
"1230","2013-12-01 11:50:36","2013-12-01 12:11:06","281","Grand Army Plaza & Central Park S","40.7643971","-73.97371465","465","Broadway & W 41 St","40.75513557","-73.98658032","15973","Customer",\N,"0"
"182","2013-12-01 11:50:37","2013-12-01 11:53:39","237","E 11 St & 2 Ave","40.73047309","-73.98672378","297","E 15 St & 3 Ave","40.734232","-73.986923","19232","Subscriber","1946","1"
"875","2013-12-01 11:50:39","2013-12-01 12:05:14","151","Cleveland Pl & Spring St","40.7218158","-73.99720307","379","W 31 St & 7 Ave","40.749156","-73.9916","20577","Subscriber","1962","1"
"1970","2013-12-01 11:50:42","2013-12-01 12:23:32","433","E 13 St & Avenue A","40.72955361","-73.98057249","439","E 4 St & 2 Ave","40.7262807","-73.98978041","19363","Subscriber","1990","1"
"1260","2013-12-01 11:50:43","2013-12-01 12:11:43","281","Grand Army Plaza & Central Park S","40.7643971","-73.97371465","465","Broadway & W 41 St","40.75513557","-73.98658032","15344","Customer",\N,"0"
"633","2013-12-01 11:50:48","2013-12-01 12:01:21","412","Forsyth St & Canal St","40.7158155","-73.99422366","195","Liberty St & Broadway","40.70905623","-74.01043382","19713","Subscriber","1990","1"
"2000","2013-12-01 11:50:49","2013-12-01 12:24:09","499","Broadway & W 60 St","40.76915505","-73.98191841","329","Greenwich St & N Moore St","40.72043411","-74.01020609","20254","Subscriber","1961","2"
"407","2013-12-01 11:50:53","2013-12-01 11:57:40","448","W 37 St & 10 Ave","40.75660359","-73.9979009","509","9 Ave & W 22 St","40.7454973","-74.00197139","19238","Subscriber","1979","2"
"238","2013-12-01 11:50:59","2013-12-01 11:54:57","402","Broadway & E 22 St","40.7403432","-73.98955109","546","E 30 St & Park Ave S","40.74444921","-73.98303529","17739","Subscriber","1985","1"
"560","2013-12-01 11:51:18","2013-12-01 12:00:38","518","E 39 St & 2 Ave","40.74780373","-73.9734419","497","E 17 St & Broadway","40.73704984","-73.99009296","16911","Subscriber","1965","1"
"831","2013-12-01 11:51:20","2013-12-01 12:05:11","327","Vesey Pl & River Terrace","40.7153379","-74.01658354","268","Howard St & Centre St","40.71910537","-73.99973337","18186","Subscriber","1956","2"
"197","2013-12-01 11:51:25","2013-12-01 11:54:42","402","Broadway & E 22 St","40.7403432","-73.98955109","461","E 20 St & 2 Ave","40.73587678","-73.98205027","17135","Subscriber","1977","1"
"2100","2013-12-01 11:51:25","2013-12-01 12:26:25","329","Greenwich St & N Moore St","40.72043411","-74.01020609","422","W 59 St & 10 Ave","40.770513","-73.988038","15306","Subscriber","1962","2"
"266","2013-12-01 11:51:28","2013-12-01 11:55:54","473","Rivington St & Chrystie St","40.72110063","-73.9919254","151","Cleveland Pl & Spring St","40.7218158","-73.99720307","16301","Subscriber","1985","1"
"958","2013-12-01 11:51:32","2013-12-01 12:07:30","512","W 29 St & 9 Ave","40.7500727","-73.99839279","482","W 15 St & 7 Ave","40.73935542","-73.99931783","17377","Subscriber","1959","2"
"471","2013-12-01 11:51:48","2013-12-01 11:59:39","531","Forsyth St & Broome St","40.71893904","-73.99266288","250","Lafayette St & Jersey St","40.72456089","-73.99565293","19471","Subscriber","1991","1"
"132","2013-12-01 11:51:51","2013-12-01 11:54:03","432","E 7 St & Avenue A","40.72621788","-73.98379855","301","E 2 St & Avenue B","40.72217444","-73.98368779","15354","Subscriber","1975","1"
"277","2013-12-01 11:51:55","2013-12-01 11:56:32","316","Fulton St & William St","40.70955958","-74.00653609","320","Church St & Leonard St","40.71743998","-74.00583475","17094","Subscriber","1972","2"
"1571","2013-12-01 11:51:58","2013-12-01 12:18:09","353","S Portland Ave & Hanson Pl","40.68539567","-73.97431458","539","Metropolitan Ave & Bedford Ave","40.71534825","-73.96024116","20267","Customer",\N,"0"
"1412","2013-12-01 11:52:00","2013-12-01 12:15:32","173","Broadway & W 49 St","40.76064679","-73.98442659","538","W 49 St & 5 Ave","40.75795248","-73.97787642","17730","Customer",\N,"0"
"1400","2013-12-01 11:52:02","2013-12-01 12:15:22","173","Broadway & W 49 St","40.76064679","-73.98442659","538","W 49 St & 5 Ave","40.75795248","-73.97787642","16096","Customer",\N,"0"
"183","2013-12-01 11:52:02","2013-12-01 11:55:05","382","University Pl & E 14 St","40.73492695","-73.99200509","345","W 13 St & 6 Ave","40.73649403","-73.99704374","14955","Subscriber","1984","1"
"968","2013-12-01 11:52:08","2013-12-01 12:08:16","446","W 24 St & 7 Ave","40.74487634","-73.99529885","394","E 9 St & Avenue C","40.72521311","-73.97768752","15459","Customer",\N,"0"
"289","2013-12-01 11:52:21","2013-12-01 11:57:10","466","W 25 St & 6 Ave","40.74395411","-73.99144871","512","W 29 St & 9 Ave","40.7500727","-73.99839279","19384","Subscriber","1962","1"
"909","2013-12-01 11:52:25","2013-12-01 12:07:34","519","Pershing Square N","40.75188406","-73.97770164","423","W 54 St & 9 Ave","40.76584941","-73.98690506","17742","Subscriber","1983","1"
"647","2013-12-01 11:52:28","2013-12-01 12:03:15","469","Broadway & W 53 St","40.76344058","-73.98268129","294","Washington Square E","40.73049393","-73.9957214","20887","Subscriber","1990","1"
"995","2013-12-01 11:52:30","2013-12-01 12:09:05","300","Shevchenko Pl & E 6 St","40.728145","-73.990214","168","W 18 St & 6 Ave","40.73971301","-73.99456405","20696","Subscriber","1982","1"
"267","2013-12-01 11:52:32","2013-12-01 11:56:59","546","E 30 St & Park Ave S","40.74444921","-73.98303529","527","E 33 St & 1 Ave","40.74315566","-73.97434726","18034","Subscriber","1975","1"
"257","2013-12-01 11:52:34","2013-12-01 11:56:51","446","W 24 St & 7 Ave","40.74487634","-73.99529885","402","Broadway & E 22 St","40.7403432","-73.98955109","16441","Subscriber","1974","1"
"938","2013-12-01 11:52:38","2013-12-01 12:08:16","476","E 31 St & 3 Ave","40.74394314","-73.97966069","152","Warren St & Church St","40.71473993","-74.00910627","19294","Subscriber","1980","1"
"819","2013-12-01 11:52:43","2013-12-01 12:06:22","164","E 47 St & 2 Ave","40.75323098","-73.97032517","402","Broadway & E 22 St","40.7403432","-73.98955109","16732","Subscriber","1984","1"
"416","2013-12-01 11:52:55","2013-12-01 11:59:51","497","E 17 St & Broadway","40.73704984","-73.99009296","434","9 Ave & W 18 St","40.74317449","-74.00366443","14600","Subscriber","1977","2"
"11135","2013-12-01 11:53:00","2013-12-01 14:58:35","309","Murray St & West St","40.7149787","-74.013012","426","West St & Chambers St","40.71754834","-74.01322069","14624","Subscriber","1951","1"
"1107","2013-12-01 11:53:01","2013-12-01 12:11:28","539","Metropolitan Ave & Bedford Ave","40.71534825","-73.96024116","418","Front St & Gold St","40.70224","-73.982578","14885","Subscriber","1984","1"
"655","2013-12-01 11:53:02","2013-12-01 12:03:57","428","E 3 St & 1 Ave","40.72467721","-73.98783413","223","W 13 St & 7 Ave","40.73781509","-73.99994661","15455","Subscriber","1946","1"
"117","2013-12-01 11:53:03","2013-12-01 11:55:00","309","Murray St & West St","40.7149787","-74.013012","309","Murray St & West St","40.7149787","-74.013012","16252","Subscriber","1965","1"
"577","2013-12-01 11:53:05","2013-12-01 12:02:42","254","W 11 St & 6 Ave","40.73532427","-73.99800419","458","11 Ave & W 27 St","40.751396","-74.005226","20288","Subscriber","1944","1"
"350","2013-12-01 11:53:06","2013-12-01 11:58:56","236","St Marks Pl & 2 Ave","40.7284186","-73.98713956","375","Mercer St & Bleecker St","40.72679454","-73.99695094","18058","Subscriber","1990","2"
"10266","2013-12-01 11:53:13","2013-12-01 14:44:19","529","W 42 St & 8 Ave","40.7575699","-73.99098507","173","Broadway & W 49 St","40.76064679","-73.98442659","16891","Customer",\N,"0"
"200","2013-12-01 11:53:16","2013-12-01 11:56:36","236","St Marks Pl & 2 Ave","40.7284186","-73.98713956","357","E 11 St & Broadway","40.73261787","-73.99158043","17155","Subscriber","1982","1"
"782","2013-12-01 11:53:16","2013-12-01 12:06:18","164","E 47 St & 2 Ave","40.75323098","-73.97032517","402","Broadway & E 22 St","40.7403432","-73.98955109","16647","Subscriber","1986","1"
"310","2013-12-01 11:53:19","2013-12-01 11:58:29","492","W 33 St & 7 Ave","40.75019995","-73.99093085","546","E 30 St & Park Ave S","40.74444921","-73.98303529","17652","Subscriber","1986","1"
"3584","2013-12-01 11:53:19","2013-12-01 12:53:03","281","Grand Army Plaza & Central Park S","40.7643971","-73.97371465","2006","Central Park S & 6 Ave","40.76590936","-73.97634151","18660","Customer",\N,"0"
"289","2013-12-01 11:53:22","2013-12-01 11:58:11","276","Duane St & Greenwich St","40.71748752","-74.0104554","387","Centre St & Chambers St","40.71273266","-74.0046073","18846","Subscriber","1975","1"
"310","2013-12-01 11:53:23","2013-12-01 11:58:33","492","W 33 St & 7 Ave","40.75019995","-73.99093085","546","E 30 St & Park Ave S","40.74444921","-73.98303529","20834","Subscriber","1988","2"
"323","2013-12-01 11:53:24","2013-12-01 11:58:47","72","W 52 St & 11 Ave","40.76727216","-73.99392888","423","W 54 St & 9 Ave","40.76584941","-73.98690506","15601","Subscriber","1980","2"
"429","2013-12-01 11:53:29","2013-12-01 12:00:38","513","W 56 St & 10 Ave","40.768254","-73.988639","515","W 43 St & 10 Ave","40.76009437","-73.99461843","15020","Subscriber","1988","1"
"384","2013-12-01 11:53:30","2013-12-01 11:59:54","447","8 Ave & W 52 St","40.76370739","-73.9851615","479","9 Ave & W 45 St","40.76019252","-73.9912551","19111","Subscriber","1977","2"
"10873","2013-12-01 11:53:50","2013-12-01 14:55:03","309","Murray St & West St","40.7149787","-74.013012","426","West St & Chambers St","40.71754834","-74.01322069","20684","Customer",\N,"0"
"458","2013-12-01 11:53:51","2013-12-01 12:01:29","540","Lexington Ave & E 26 St","40.74147286","-73.98320928","442","W 27 St & 7 Ave","40.746647","-73.993915","15466","Subscriber","1990","2"
"600","2013-12-01 11:53:52","2013-12-01 12:03:52","540","Lexington Ave & E 26 St","40.74147286","-73.98320928","265","Stanton St & Chrystie St","40.72229346","-73.99147535","17496","Subscriber","1982","1"
"1101","2013-12-01 11:53:53","2013-12-01 12:12:14","72","W 52 St & 11 Ave","40.76727216","-73.99392888","468","Broadway & W 55 St","40.7652654","-73.98192338","18776","Subscriber","1971","1"
"782","2013-12-01 11:53:55","2013-12-01 12:06:57","151","Cleveland Pl & Spring St","40.7218158","-73.99720307","511","E 14 St & Avenue B","40.72938685","-73.97772429","20018","Subscriber","1989","1"
"1175","2013-12-01 11:54:01","2013-12-01 12:13:36","308","St James Pl & Oliver St","40.71307916","-73.99851193","511","E 14 St & Avenue B","40.72938685","-73.97772429","18604","Subscriber","1962","1"
"344","2013-12-01 11:54:07","2013-12-01 11:59:51","540","Lexington Ave & E 26 St","40.74147286","-73.98320928","168","W 18 St & 6 Ave","40.73971301","-73.99456405","15879","Subscriber","1989","1"
"291","2013-12-01 11:54:07","2013-12-01 11:58:58","382","University Pl & E 14 St","40.73492695","-73.99200509","503","E 20 St & Park Ave","40.73827428","-73.98751968","19609","Subscriber","1982","1"
"10184","2013-12-01 11:54:15","2013-12-01 14:43:59","529","W 42 St & 8 Ave","40.7575699","-73.99098507","173","Broadway & W 49 St","40.76064679","-73.98442659","17778","Customer",\N,"0"
"568","2013-12-01 11:54:25","2013-12-01 12:03:53","355","Bayard St & Baxter St","40.71602118","-73.99974372","293","Lafayette St & E 8 St","40.73028666","-73.9907647","19812","Subscriber","1979","1"
"465","2013-12-01 11:54:29","2013-12-01 12:02:14","236","St Marks Pl & 2 Ave","40.7284186","-73.98713956","536","1 Ave & E 30 St","40.74144387","-73.97536082","18301","Subscriber","1989","1"
"550","2013-12-01 11:54:33","2013-12-01 12:03:43","357","E 11 St & Broadway","40.73261787","-73.99158043","301","E 2 St & Avenue B","40.72217444","-73.98368779","16885","Subscriber","1988","2"
"2755","2013-12-01 11:54:38","2013-12-01 12:40:33","2008","Little West St & 1 Pl","40.70569254","-74.01677685","457","Broadway & W 58 St","40.76695317","-73.98169333","15903","Subscriber","1982","1"
"347","2013-12-01 11:54:41","2013-12-01 12:00:28","358","Christopher St & Greenwich St","40.73291553","-74.00711384","453","W 22 St & 8 Ave","40.74475148","-73.99915362","17850","Subscriber","1973","1"
"297","2013-12-01 11:54:44","2013-12-01 11:59:41","331","Pike St & Monroe St","40.71173107","-73.99193043","296","Division St & Bowery","40.71413089","-73.9970468","16460","Subscriber","1983","1"
"194","2013-12-01 11:54:46","2013-12-01 11:58:00","446","W 24 St & 7 Ave","40.74487634","-73.99529885","482","W 15 St & 7 Ave","40.73935542","-73.99931783","20092","Subscriber","1965","1"
"806","2013-12-01 11:54:49","2013-12-01 12:08:15","408","Market St & Cherry St","40.71076228","-73.99400398","386","Centre St & Worth St","40.71494807","-74.00234482","20135","Customer",\N,"0"
"312","2013-12-01 11:54:51","2013-12-01 12:00:03","521","8 Ave & W 31 St","40.75044999","-73.99481051","509","9 Ave & W 22 St","40.7454973","-74.00197139","18865","Subscriber","1967","1"
"622","2013-12-01 11:54:52","2013-12-01 12:05:14","358","Christopher St & Greenwich St","40.73291553","-74.00711384","402","Broadway & E 22 St","40.7403432","-73.98955109","14775","Subscriber","1985","2"
"599","2013-12-01 11:54:54","2013-12-01 12:04:53","478","11 Ave & W 41 St","40.76030096","-73.99884222","484","W 44 St & 5 Ave","40.75500254","-73.98014437","17392","Subscriber","1987","1"
"1546","2013-12-01 11:54:56","2013-12-01 12:20:42","466","W 25 St & 6 Ave","40.74395411","-73.99144871","305","E 58 St & 3 Ave","40.76095756","-73.96724467","16057","Subscriber","1981","2"
"948","2013-12-01 11:54:57","2013-12-01 12:10:45","2003","1 Ave & E 18 St","40.73416059","-73.98024289","455","1 Ave & E 44 St","40.75001986","-73.96905301","18381","Customer",\N,"0"
"961","2013-12-01 11:55:01","2013-12-01 12:11:02","368","Carmine St & 6 Ave","40.73038599","-74.00214988","523","W 38 St & 8 Ave","40.75466591","-73.99138152","18151","Subscriber","1978","1"
"485","2013-12-01 11:55:05","2013-12-01 12:03:10","499","Broadway & W 60 St","40.76915505","-73.98191841","2006","Central Park S & 6 Ave","40.76590936","-73.97634151","17476","Subscriber","1989","1"
"525","2013-12-01 11:55:09","2013-12-01 12:03:54","358","Christopher St & Greenwich St","40.73291553","-74.00711384","294","Washington Square E","40.73049393","-73.9957214","20739","Subscriber","1984","1"
"770","2013-12-01 11:55:10","2013-12-01 12:08:00","408","Market St & Cherry St","40.71076228","-73.99400398","386","Centre St & Worth St","40.71494807","-74.00234482","18896","Customer",\N,"0"
"526","2013-12-01 11:55:10","2013-12-01 12:03:56","498","Broadway & W 32 St","40.74854862","-73.98808416","497","E 17 St & Broadway","40.73704984","-73.99009296","16202","Subscriber","1986","2"
"648","2013-12-01 11:55:12","2013-12-01 12:06:00","487","E 20 St & FDR Drive","40.73314259","-73.97573881","453","W 22 St & 8 Ave","40.74475148","-73.99915362","15679","Subscriber","1964","1"
"644","2013-12-01 11:55:14","2013-12-01 12:05:58","297","E 15 St & 3 Ave","40.734232","-73.986923","438","St Marks Pl & 1 Ave","40.72779126","-73.98564945","18263","Subscriber","1988","2"
"240","2013-12-01 11:55:14","2013-12-01 11:59:14","151","Cleveland Pl & Spring St","40.7218158","-73.99720307","151","Cleveland Pl & Spring St","40.7218158","-73.99720307","16285","Subscriber","1973","1"
"1135","2013-12-01 11:55:15","2013-12-01 12:14:10","293","Lafayette St & E 8 St","40.73028666","-73.9907647","347","W Houston St & Hudson St","40.72873888","-74.00748842","15643","Subscriber","1982","1"
"328","2013-12-01 11:55:16","2013-12-01 12:00:44","479","9 Ave & W 45 St","40.76019252","-73.9912551","447","8 Ave & W 52 St","40.76370739","-73.9851615","15606","Subscriber","1988","1"
"997","2013-12-01 11:55:17","2013-12-01 12:11:54","306","Cliff St & Fulton St","40.70823502","-74.00530063","412","Forsyth St & Canal St","40.7158155","-73.99422366","16664","Subscriber","1962","2"
"1520","2013-12-01 11:55:23","2013-12-01 12:20:43","309","Murray St & West St","40.7149787","-74.013012","513","W 56 St & 10 Ave","40.768254","-73.988639","20745","Subscriber","1965","1"
"933","2013-12-01 11:55:24","2013-12-01 12:10:57","2003","1 Ave & E 18 St","40.73416059","-73.98024289","455","1 Ave & E 44 St","40.75001986","-73.96905301","16602","Customer",\N,"0"
"468","2013-12-01 11:55:24","2013-12-01 12:03:12","546","E 30 St & Park Ave S","40.74444921","-73.98303529","504","1 Ave & E 15 St","40.73221853","-73.98165557","14878","Subscriber","1971","1"
"459","2013-12-01 11:55:28","2013-12-01 12:03:07","300","Shevchenko Pl & E 6 St","40.728145","-73.990214","300","Shevchenko Pl & E 6 St","40.728145","-73.990214","18029","Subscriber","1973","2"
"583","2013-12-01 11:55:28","2013-12-01 12:05:11","446","W 24 St & 7 Ave","40.74487634","-73.99529885","402","Broadway & E 22 St","40.7403432","-73.98955109","17552","Subscriber","1960","1"
"591","2013-12-01 11:55:28","2013-12-01 12:05:19","446","W 24 St & 7 Ave","40.74487634","-73.99529885","402","Broadway & E 22 St","40.7403432","-73.98955109","18409","Subscriber","1964","1"
"197","2013-12-01 11:55:32","2013-12-01 11:58:49","361","Allen St & Hester St","40.71605866","-73.99190759","307","Canal St & Rutgers St","40.71427487","-73.98990025","18459","Subscriber","1946","1"
"376","2013-12-01 11:55:33","2013-12-01 12:01:49","363","West Thames St","40.70834698","-74.01713445","309","Murray St & West St","40.7149787","-74.013012","14738","Subscriber","1982","1"
"221","2013-12-01 11:55:36","2013-12-01 11:59:17","402","Broadway & E 22 St","40.7403432","-73.98955109","345","W 13 St & 6 Ave","40.73649403","-73.99704374","15153","Subscriber","1982","1"
"270","2013-12-01 11:55:39","2013-12-01 12:00:09","498","Broadway & W 32 St","40.74854862","-73.98808416","472","E 32 St & Park Ave","40.7457121","-73.98194829","16473","Subscriber","1985","1"
"210","2013-12-01 11:55:54","2013-12-01 11:59:24","363","West Thames St","40.70834698","-74.01713445","488","W 39 St & 9 Ave","40.75645824","-73.99372222","19766","Subscriber","1961","2"
"747","2013-12-01 11:55:55","2013-12-01 12:08:22","408","Market St & Cherry St","40.71076228","-73.99400398","386","Centre St & Worth St","40.71494807","-74.00234482","16419","Customer",\N,"0"
"362","2013-12-01 11:55:57","2013-12-01 12:01:59","363","West Thames St","40.70834698","-74.01713445","309","Murray St & West St","40.7149787","-74.013012","15682","Subscriber","1985","2"
"1209","2013-12-01 11:56:03","2013-12-01 12:16:12","405","Washington St & Gansevoort St","40.739323","-74.008119","382","University Pl & E 14 St","40.73492695","-73.99200509","16517","Subscriber","1951","2"
"366","2013-12-01 11:56:03","2013-12-01 12:02:09","428","E 3 St & 1 Ave","40.72467721","-73.98783413","2003","1 Ave & E 18 St","40.73416059","-73.98024289","16306","Subscriber","1985","1"
"641","2013-12-01 11:56:06","2013-12-01 12:06:47","446","W 24 St & 7 Ave","40.74487634","-73.99529885","404","9 Ave & W 14 St","40.7405826","-74.00550867","14640","Subscriber","1976","1"
"1166","2013-12-01 11:56:06","2013-12-01 12:15:32","327","Vesey Pl & River Terrace","40.7153379","-74.01658354","304","Broadway & Battery Pl","40.70463334","-74.01361706","17803","Customer",\N,"0"
"1171","2013-12-01 11:56:07","2013-12-01 12:15:38","389","Broadway & Berry St","40.71044554","-73.96525063","399","Lafayette Ave & St James Pl","40.68851534","-73.9647628","17039","Subscriber","1984","1"
"278","2013-12-01 11:56:15","2013-12-01 12:00:53","503","E 20 St & Park Ave","40.73827428","-73.98751968","293","Lafayette St & E 8 St","40.73028666","-73.9907647","16024","Subscriber","1975","1"
"582","2013-12-01 11:56:15","2013-12-01 12:05:57","268","Howard St & Centre St","40.71910537","-73.99973337","336","Sullivan St & Washington Sq","40.73047747","-73.99906065","16908","Subscriber","1985","1"
"165","2013-12-01 11:56:24","2013-12-01 11:59:09","212","W 16 St & The High Line","40.74334935","-74.00681753","462","W 22 St & 10 Ave","40.74691959","-74.00451887","18685","Subscriber","1959","1"
"1220","2013-12-01 11:56:29","2013-12-01 12:16:49","3002","South End Ave & Liberty St","40.711512","-74.015756","382","University Pl & E 14 St","40.73492695","-73.99200509","19297","Subscriber","1978","2"
"443","2013-12-01 11:56:30","2013-12-01 12:03:53","403","E 2 St & 2 Ave","40.72502876","-73.99069656","293","Lafayette St & E 8 St","40.73028666","-73.9907647","17776","Subscriber","1958","2"
"709","2013-12-01 11:56:36","2013-12-01 12:08:25","382","University Pl & E 14 St","40.73492695","-73.99200509","312","Allen St & E Houston St","40.722055","-73.989111","18018","Subscriber","1990","1"
"1115","2013-12-01 11:56:43","2013-12-01 12:15:18","327","Vesey Pl & River Terrace","40.7153379","-74.01658354","304","Broadway & Battery Pl","40.70463334","-74.01361706","18943","Customer",\N,"0"
"154","2013-12-01 11:56:44","2013-12-01 11:59:18","470","W 20 St & 8 Ave","40.74345335","-74.00004031","446","W 24 St & 7 Ave","40.74487634","-73.99529885","17509","Subscriber","1980","1"
"1310","2013-12-01 11:56:45","2013-12-01 12:18:35","514","12 Ave & W 40 St","40.76087502","-74.00277668","459","W 20 St & 11 Ave","40.746745","-74.007756","17090","Customer",\N,"0"
"939","2013-12-01 11:56:45","2013-12-01 12:12:24","414","Pearl St & Anchorage Pl","40.70281858","-73.98765762","406","Hicks St & Montague St","40.69512845","-73.99595065","18308","Subscriber","1979","1"
"648","2013-12-01 11:56:52","2013-12-01 12:07:40","257","Lispenard St & Broadway","40.71939226","-74.00247214","382","University Pl & E 14 St","40.73492695","-73.99200509","17007","Subscriber","1973","1"
"302","2013-12-01 11:56:56","2013-12-01 12:01:58","499","Broadway & W 60 St","40.76915505","-73.98191841","449","W 52 St & 9 Ave","40.76461837","-73.98789473","20080","Subscriber","1986","2"
"820","2013-12-01 11:56:57","2013-12-01 12:10:37","72","W 52 St & 11 Ave","40.76727216","-73.99392888","525","W 34 St & 11 Ave","40.75594159","-74.0021163","19511","Subscriber","1983","2"
"200","2013-12-01 11:57:00","2013-12-01 12:00:20","494","W 26 St & 8 Ave","40.74734825","-73.99723551","489","10 Ave & W 28 St","40.75066386","-74.00176802","20282","Subscriber","1966","1"
"817","2013-12-01 11:57:06","2013-12-01 12:10:43","72","W 52 St & 11 Ave","40.76727216","-73.99392888","525","W 34 St & 11 Ave","40.75594159","-74.0021163","18392","Subscriber","1980","1"
"539","2013-12-01 11:57:06","2013-12-01 12:06:05","421","Clermont Ave & Park Ave","40.69573398","-73.97129668","233","Joralemon St & Adams St","40.69246277","-73.98963911","18335","Subscriber","1973","1"
"220","2013-12-01 11:57:06","2013-12-01 12:00:46","308","St James Pl & Oliver St","40.71307916","-73.99851193","387","Centre St & Chambers St","40.71273266","-74.0046073","19827","Subscriber","1985","2"
"287","2013-12-01 11:57:06","2013-12-01 12:01:53","499","Broadway & W 60 St","40.76915505","-73.98191841","449","W 52 St & 9 Ave","40.76461837","-73.98789473","17494","Subscriber","1983","1"
"817","2013-12-01 11:57:08","2013-12-01 12:10:45","474","5 Ave & E 29 St","40.7451677","-73.98683077","496","E 16 St & 5 Ave","40.73726186","-73.99238967","15250","Customer",\N,"0"
"341","2013-12-01 11:57:09","2013-12-01 12:02:50","521","8 Ave & W 31 St","40.75044999","-73.99481051","489","10 Ave & W 28 St","40.75066386","-74.00176802","20145","Customer",\N,"0"
"233","2013-12-01 11:57:09","2013-12-01 12:01:02","359","E 47 St & Park Ave","40.75510267","-73.97498696","335","Washington Pl & Broadway","40.72903917","-73.99404649","17278","Subscriber","1985","2"
"319","2013-12-01 11:57:10","2013-12-01 12:02:29","195","Liberty St & Broadway","40.70905623","-74.01043382","534","Water - Whitehall Plaza","40.70255065","-74.0127234","19395","Subscriber","1967","1"
"2607","2013-12-01 11:57:15","2013-12-01 12:40:42","2008","Little West St & 1 Pl","40.70569254","-74.01677685","457","Broadway & W 58 St","40.76695317","-73.98169333","15725","Customer",\N,"0"
"328","2013-12-01 11:57:15","2013-12-01 12:02:43","462","W 22 St & 10 Ave","40.74691959","-74.00451887","223","W 13 St & 7 Ave","40.73781509","-73.99994661","16444","Subscriber","1970","1"
"257","2013-12-01 11:57:17","2013-12-01 12:01:34","497","E 17 St & Broadway","40.73704984","-73.99009296","435","W 21 St & 6 Ave","40.74173969","-73.99415556","19888","Subscriber","1983","1"
"352","2013-12-01 11:57:19","2013-12-01 12:03:11","326","E 11 St & 1 Ave","40.72953837","-73.98426726","253","W 13 St & 5 Ave","40.73543934","-73.99453948","16985","Subscriber","1985","1"
"1100","2013-12-01 11:57:20","2013-12-01 12:15:40","327","Vesey Pl & River Terrace","40.7153379","-74.01658354","304","Broadway & Battery Pl","40.70463334","-74.01361706","17346","Customer",\N,"0"
"808","2013-12-01 11:57:22","2013-12-01 12:10:50","474","5 Ave & E 29 St","40.7451677","-73.98683077","496","E 16 St & 5 Ave","40.73726186","-73.99238967","20256","Customer",\N,"0"
"1167","2013-12-01 11:57:27","2013-12-01 12:16:54","410","Suffolk St & Stanton St","40.72066442","-73.98517977","346","Bank St & Hudson St","40.73652889","-74.00618026","16103","Subscriber","1976","2"
"581","2013-12-01 11:57:31","2013-12-01 12:07:12","442","W 27 St & 7 Ave","40.746647","-73.993915","533","Broadway & W 39 St","40.75299641","-73.98721619","19044","Subscriber","1950","1"
"534","2013-12-01 11:57:31","2013-12-01 12:06:25","195","Liberty St & Broadway","40.70905623","-74.01043382","355","Bayard St & Baxter St","40.71602118","-73.99974372","16892","Subscriber","1963","1"
"260","2013-12-01 11:57:35","2013-12-01 12:01:55","278","Concord St & Bridge St","40.69766564","-73.98476437","414","Pearl St & Anchorage Pl","40.70281858","-73.98765762","19916","Subscriber","1982","1"
"1096","2013-12-01 11:57:37","2013-12-01 12:15:53","293","Lafayette St & E 8 St","40.73028666","-73.9907647","243","Fulton St & Rockwell Pl","40.687979","-73.978474","14875","Subscriber","1979","1"
"9976","2013-12-01 11:57:39","2013-12-01 14:43:55","529","W 42 St & 8 Ave","40.7575699","-73.99098507","173","Broadway & W 49 St","40.76064679","-73.98442659","18989","Customer",\N,"0"
"420","2013-12-01 11:57:44","2013-12-01 12:04:44","233","Joralemon St & Adams St","40.69246277","-73.98963911","414","Pearl St & Anchorage Pl","40.70281858","-73.98765762","14660","Subscriber","1962","1"
"756","2013-12-01 11:57:46","2013-12-01 12:10:22","518","E 39 St & 2 Ave","40.74780373","-73.9734419","477","W 41 St & 8 Ave","40.75640548","-73.9900262","19482","Subscriber","1964","1"
"428","2013-12-01 11:57:47","2013-12-01 12:04:55","490","8 Ave & W 33 St","40.751551","-73.993934","168","W 18 St & 6 Ave","40.73971301","-73.99456405","20124","Customer",\N,"0"
"919","2013-12-01 11:57:48","2013-12-01 12:13:07","536","1 Ave & E 30 St","40.74144387","-73.97536082","383","Greenwich Ave & Charles St","40.735238","-74.000271","17820","Subscriber","1988","2"
"1238","2013-12-01 11:57:52","2013-12-01 12:18:30","514","12 Ave & W 40 St","40.76087502","-74.00277668","459","W 20 St & 11 Ave","40.746745","-74.007756","16335","Customer",\N,"0"
"515","2013-12-01 11:57:53","2013-12-01 12:06:28","195","Liberty St & Broadway","40.70905623","-74.01043382","355","Bayard St & Baxter St","40.71602118","-73.99974372","20914","Subscriber","1985","2"
"1020","2013-12-01 11:57:57","2013-12-01 12:14:57","457","Broadway & W 58 St","40.76695317","-73.98169333","454","E 51 St & 1 Ave","40.75455731","-73.96592976","19311","Subscriber","1941","2"
"265","2013-12-01 11:58:08","2013-12-01 12:02:33","540","Lexington Ave & E 26 St","40.74147286","-73.98320928","297","E 15 St & 3 Ave","40.734232","-73.986923","19034","Subscriber","1976","1"
"706","2013-12-01 11:58:17","2013-12-01 12:10:03","173","Broadway & W 49 St","40.76064679","-73.98442659","153","E 40 St & 5 Ave","40.752062307","-73.9816324043","19085","Customer",\N,"0"
"1044","2013-12-01 11:58:21","2013-12-01 12:15:45","293","Lafayette St & E 8 St","40.73028666","-73.9907647","243","Fulton St & Rockwell Pl","40.687979","-73.978474","18874","Subscriber","1983","2"
"322","2013-12-01 11:58:23","2013-12-01 12:03:45","223","W 13 St & 7 Ave","40.73781509","-73.99994661","435","W 21 St & 6 Ave","40.74173969","-73.99415556","15419","Subscriber","1980","1"
"609","2013-12-01 11:58:28","2013-12-01 12:08:37","426","West St & Chambers St","40.71754834","-74.01322069","225","W 14 St & The High Line","40.74195138","-74.00803013","16567","Subscriber","1969","2"
"296","2013-12-01 11:58:32","2013-12-01 12:03:28","502","Henry St & Grand St","40.714215","-73.981346","311","Norfolk St & Broome St","40.7172274","-73.98802084","19205","Subscriber","1970","1"
"1063","2013-12-01 11:58:41","2013-12-01 12:16:24","274","Lafayette Ave & Fort Greene Pl","40.68691865","-73.976682","2002","Wythe Ave & Metropolitan Ave","40.716887","-73.963198","15418","Subscriber","1985","1"
"534","2013-12-01 11:58:43","2013-12-01 12:07:37","406","Hicks St & Montague St","40.69512845","-73.99595065","414","Pearl St & Anchorage Pl","40.70281858","-73.98765762","15289","Subscriber","1961","2"
"393","2013-12-01 11:58:50","2013-12-01 12:05:23","306","Cliff St & Fulton St","40.70823502","-74.00530063","355","Bayard St & Baxter St","40.71602118","-73.99974372","15820","Subscriber","1989","2"
"204","2013-12-01 11:58:54","2013-12-01 12:02:18","324","DeKalb Ave & Hudson Ave","40.689888","-73.981013","241","DeKalb Ave & S Portland Ave","40.68981035","-73.97493121","16645","Subscriber","1989","1"
"427","2013-12-01 11:59:01","2013-12-01 12:06:08","2003","1 Ave & E 18 St","40.73416059","-73.98024289","438","St Marks Pl & 1 Ave","40.72779126","-73.98564945","17416","Subscriber","1989","2"
"642","2013-12-01 11:59:02","2013-12-01 12:09:44","537","Lexington Ave & E 24 St","40.74025878","-73.98409214","531","Forsyth St & Broome St","40.71893904","-73.99266288","20862","Subscriber","1979","1"
"1124","2013-12-01 11:59:18","2013-12-01 12:18:02","432","E 7 St & Avenue A","40.72621788","-73.98379855","458","11 Ave & W 27 St","40.751396","-74.005226","16897","Customer",\N,"0"
"372","2013-12-01 11:59:21","2013-12-01 12:05:33","402","Broadway & E 22 St","40.7403432","-73.98955109","382","University Pl & E 14 St","40.73492695","-73.99200509","16032","Subscriber","1948","1"
"983","2013-12-01 11:59:22","2013-12-01 12:15:45","296","Division St & Bowery","40.71413089","-73.9970468","325","E 19 St & 3 Ave","40.73624527","-73.98473765","18869","Customer",\N,"0"
"381","2013-12-01 11:59:24","2013-12-01 12:05:45","455","1 Ave & E 44 St","40.75001986","-73.96905301","2022","E 59 St & Sutton Pl","40.75849116","-73.95920622","18601","Subscriber","1970","1"
"351","2013-12-01 11:59:24","2013-12-01 12:05:15","390","Duffield St & Willoughby St","40.69221589","-73.9842844","218","Gallatin Pl & Livingston St","40.69028437","-73.98707105","20324","Customer",\N,"0"
"993","2013-12-01 11:59:29","2013-12-01 12:16:02","296","Division St & Bowery","40.71413089","-73.9970468","325","E 19 St & 3 Ave","40.73624527","-73.98473765","20633","Subscriber","1961","1"
"949","2013-12-01 11:59:30","2013-12-01 12:15:19","487","E 20 St & FDR Drive","40.73314259","-73.97573881","290","2 Ave & E 58 St","40.76020258","-73.96478473","16866","Subscriber","1985","2"
"486","2013-12-01 11:59:32","2013-12-01 12:07:38","482","W 15 St & 7 Ave","40.73935542","-73.99931783","545","E 23 St & 1 Ave","40.736502","-73.97809472","15654","Subscriber","1974","1"
"1382","2013-12-01 11:59:43","2013-12-01 12:22:45","225","W 14 St & The High Line","40.74195138","-74.00803013","225","W 14 St & The High Line","40.74195138","-74.00803013","20847","Customer",\N,"0"
"808","2013-12-01 11:59:45","2013-12-01 12:13:13","301","E 2 St & Avenue B","40.72217444","-73.98368779","236","St Marks Pl & 2 Ave","40.7284186","-73.98713956","15354","Subscriber","1975","1"
"1887","2013-12-01 11:59:45","2013-12-01 12:31:12","320","Church St & Leonard St","40.71743998","-74.00583475","430","York St & Jay St","40.7014851","-73.98656928","20241","Subscriber","1984","1"
"1889","2013-12-01 11:59:48","2013-12-01 12:31:17","458","11 Ave & W 27 St","40.751396","-74.005226","430","York St & Jay St","40.7014851","-73.98656928","19461","Subscriber","1987","2"
"717","2013-12-01 11:59:53","2013-12-01 12:11:50","497","E 17 St & Broadway","40.73704984","-73.99009296","521","8 Ave & W 31 St","40.75044999","-73.99481051","19849","Subscriber","1980","1"
"788","2013-12-01 12:00:01","2013-12-01 12:13:09","481","S 3 St & Bedford Ave","40.71260486","-73.96264403","366","Clinton Ave & Myrtle Ave","40.693261","-73.968896","20810","Subscriber","1967","1"
"424","2013-12-01 12:00:04","2013-12-01 12:07:08","461","E 20 St & 2 Ave","40.73587678","-73.98205027","435","W 21 St & 6 Ave","40.74173969","-73.99415556","16412","Subscriber","1954","1"
"221","2013-12-01 12:00:05","2013-12-01 12:03:46","531","Forsyth St & Broome St","40.71893904","-73.99266288","263","Elizabeth St & Hester St","40.71729","-73.996375","16863","Subscriber","1967","1"
"237","2013-12-01 12:00:08","2013-12-01 12:04:05","472","E 32 St & Park Ave","40.7457121","-73.98194829","474","5 Ave & E 29 St","40.7451677","-73.98683077","15113","Subscriber","1964","1"
"490","2013-12-01 12:00:09","2013-12-01 12:08:19","247","Perry St & Bleecker St","40.73535398","-74.00483091","347","W Houston St & Hudson St","40.72873888","-74.00748842","17764","Subscriber","1962","1"
"1067","2013-12-01 12:00:11","2013-12-01 12:17:58","195","Liberty St & Broadway","40.70905623","-74.01043382","401","Allen St & Rivington St","40.72019576","-73.98997825","15999","Subscriber","1986","1"
"798","2013-12-01 12:00:13","2013-12-01 12:13:31","168","W 18 St & 6 Ave","40.73971301","-73.99456405","335","Washington Pl & Broadway","40.72903917","-73.99404649","18429","Subscriber","1974","2"
"808","2013-12-01 12:00:16","2013-12-01 12:13:44","432","E 7 St & Avenue A","40.72621788","-73.98379855","296","Division St & Bowery","40.71413089","-73.9970468","17467","Subscriber","1973","1"
"742","2013-12-01 12:00:16","2013-12-01 12:12:38","459","W 20 St & 11 Ave","40.746745","-74.007756","459","W 20 St & 11 Ave","40.746745","-74.007756","19168","Customer",\N,"0"
"504","2013-12-01 12:00:18","2013-12-01 12:08:42","504","1 Ave & E 15 St","40.73221853","-73.98165557","293","Lafayette St & E 8 St","40.73028666","-73.9907647","15148","Subscriber","1989","2"
"681","2013-12-01 12:00:21","2013-12-01 12:11:42","463","9 Ave & W 16 St","40.74206539","-74.00443172","402","Broadway & E 22 St","40.7403432","-73.98955109","20787","Customer",\N,"0"
"1465","2013-12-01 12:00:21","2013-12-01 12:24:46","248","Laight St & Hudson St","40.72185379","-74.00771779","540","Lexington Ave & E 26 St","40.74147286","-73.98320928","19828","Subscriber","1959","1"
"1458","2013-12-01 12:00:24","2013-12-01 12:24:42","479","9 Ave & W 45 St","40.76019252","-73.9912551","459","W 20 St & 11 Ave","40.746745","-74.007756","15390","Customer",\N,"0"
"269","2013-12-01 12:00:24","2013-12-01 12:04:53","265","Stanton St & Chrystie St","40.72229346","-73.99147535","350","Clinton St & Grand St","40.71559509","-73.9870295","20014","Subscriber","1975","1"
"414","2013-12-01 12:00:24","2013-12-01 12:07:18","127","Barrow St & Hudson St","40.73172428","-74.00674436","225","W 14 St & The High Line","40.74195138","-74.00803013","17853","Subscriber","1970","1"
"425","2013-12-01 12:00:26","2013-12-01 12:07:31","247","Perry St & Bleecker St","40.73535398","-74.00483091","347","W Houston St & Hudson St","40.72873888","-74.00748842","20308","Subscriber","1962","1"
"226","2013-12-01 12:00:27","2013-12-01 12:04:13","168","W 18 St & 6 Ave","40.73971301","-73.99456405","325","E 19 St & 3 Ave","40.73624527","-73.98473765","17779","Subscriber","1984","1"
"760","2013-12-01 12:00:28","2013-12-01 12:13:08","168","W 18 St & 6 Ave","40.73971301","-73.99456405","489","10 Ave & W 28 St","40.75066386","-74.00176802","18797","Subscriber","1982","1"
"217","2013-12-01 12:00:30","2013-12-01 12:04:07","472","E 32 St & Park Ave","40.7457121","-73.98194829","474","5 Ave & E 29 St","40.7451677","-73.98683077","14940","Subscriber","1960","1"
"3776","2013-12-01 12:00:30","2013-12-01 13:03:26","503","E 20 St & Park Ave","40.73827428","-73.98751968","281","Grand Army Plaza & Central Park S","40.7643971","-73.97371465","18291","Customer",\N,"0"
"933","2013-12-01 12:00:31","2013-12-01 12:16:04","454","E 51 St & 1 Ave","40.75455731","-73.96592976","499","Broadway & W 60 St","40.76915505","-73.98191841","15199","Subscriber","1948","1"
"1238","2013-12-01 12:00:32","2013-12-01 12:21:10","225","W 14 St & The High Line","40.74195138","-74.00803013","3002","South End Ave & Liberty St","40.711512","-74.015756","16867","Subscriber","1958","2"
"855","2013-12-01 12:00:33","2013-12-01 12:14:48","518","E 39 St & 2 Ave","40.74780373","-73.9734419","459","W 20 St & 11 Ave","40.746745","-74.007756","16678","Subscriber","1956","1"
"5731","2013-12-01 12:00:35","2013-12-01 13:36:06","505","6 Ave & W 33 St","40.74901271","-73.98848395","2006","Central Park S & 6 Ave","40.76590936","-73.97634151","16551","Customer",\N,"0"
"657","2013-12-01 12:00:35","2013-12-01 12:11:32","478","11 Ave & W 41 St","40.76030096","-73.99884222","453","W 22 St & 8 Ave","40.74475148","-73.99915362","20908","Subscriber","1978","1"
"579","2013-12-01 12:00:37","2013-12-01 12:10:16","2021","W 45 St & 8 Ave","40.75929124","-73.98859651","153","E 40 St & 5 Ave","40.752062307","-73.9816324043","19867","Subscriber","1965","2"
"290","2013-12-01 12:00:37","2013-12-01 12:05:27","285","Broadway & E 14 St","40.73454567","-73.99074142","168","W 18 St & 6 Ave","40.73971301","-73.99456405","18007","Subscriber","1965","1"
"3706","2013-12-01 12:00:41","2013-12-01 13:02:27","525","W 34 St & 11 Ave","40.75594159","-74.0021163","2021","W 45 St & 8 Ave","40.75929124","-73.98859651","20070","Customer",\N,"0"
"322","2013-12-01 12:00:45","2013-12-01 12:06:07","160","E 37 St & Lexington Ave","40.748238","-73.978311","440","E 45 St & 3 Ave","40.75255434","-73.97282625","16471","Subscriber","1986","1"
"3752","2013-12-01 12:00:49","2013-12-01 13:03:21","503","E 20 St & Park Ave","40.73827428","-73.98751968","281","Grand Army Plaza & Central Park S","40.7643971","-73.97371465","15653","Customer",\N,"0"
"321","2013-12-01 12:00:51","2013-12-01 12:06:12","402","Broadway & E 22 St","40.7403432","-73.98955109","545","E 23 St & 1 Ave","40.736502","-73.97809472","17894","Subscriber","1968","1"
"538","2013-12-01 12:01:05","2013-12-01 12:10:03","257","Lispenard St & Broadway","40.71939226","-74.00247214","369","Washington Pl & 6 Ave","40.73224119","-74.00026394","19647","Subscriber","1953","1"
"777","2013-12-01 12:01:07","2013-12-01 12:14:04","540","Lexington Ave & E 26 St","40.74147286","-73.98320928","448","W 37 St & 10 Ave","40.75660359","-73.9979009","17630","Subscriber","1981","1"
"858","2013-12-01 12:01:14","2013-12-01 12:15:32","266","Avenue D & E 8 St","40.72368361","-73.97574813","355","Bayard St & Baxter St","40.71602118","-73.99974372","19480","Subscriber","1987","1"
"1148","2013-12-01 12:01:22","2013-12-01 12:20:30","497","E 17 St & Broadway","40.73704984","-73.99009296","153","E 40 St & 5 Ave","40.752062307","-73.9816324043","17837","Customer",\N,"0"
"2037","2013-12-01 12:01:25","2013-12-01 12:35:22","290","2 Ave & E 58 St","40.76020258","-73.96478473","2010","Grand St & Greene St","40.72165481","-74.00234737","19910","Customer",\N,"0"
"1079","2013-12-01 12:01:26","2013-12-01 12:19:25","382","University Pl & E 14 St","40.73492695","-73.99200509","335","Washington Pl & Broadway","40.72903917","-73.99404649","20293","Subscriber","1987","1"
"1142","2013-12-01 12:01:39","2013-12-01 12:20:41","432","E 7 St & Avenue A","40.72621788","-73.98379855","470","W 20 St & 8 Ave","40.74345335","-74.00004031","20747","Customer",\N,"0"
"893","2013-12-01 12:01:41","2013-12-01 12:16:34","505","6 Ave & W 33 St","40.74901271","-73.98848395","435","W 21 St & 6 Ave","40.74173969","-73.99415556","19950","Subscriber","1961","1"
"609","2013-12-01 12:01:42","2013-12-01 12:11:51","368","Carmine St & 6 Ave","40.73038599","-74.00214988","301","E 2 St & Avenue B","40.72217444","-73.98368779","18984","Subscriber","1989","2"
"1353","2013-12-01 12:01:43","2013-12-01 12:24:16","173","Broadway & W 49 St","40.76064679","-73.98442659","328","Watts St & Greenwich St","40.72405549","-74.00965965","19869","Subscriber","1959","1"
"490","2013-12-01 12:01:43","2013-12-01 12:09:53","487","E 20 St & FDR Drive","40.73314259","-73.97573881","410","Suffolk St & Stanton St","40.72066442","-73.98517977","17396","Subscriber","1983","1"
"895","2013-12-01 12:01:44","2013-12-01 12:16:39","2002","Wythe Ave & Metropolitan Ave","40.716887","-73.963198","144","Nassau St & Navy St","40.69839895","-73.98068914","17595","Subscriber","1984","1"
"886","2013-12-01 12:01:44","2013-12-01 12:16:30","2002","Wythe Ave & Metropolitan Ave","40.716887","-73.963198","144","Nassau St & Navy St","40.69839895","-73.98068914","15817","Subscriber","1978","2"
"495","2013-12-01 12:01:45","2013-12-01 12:10:00","263","Elizabeth St & Hester St","40.71729","-73.996375","293","Lafayette St & E 8 St","40.73028666","-73.9907647","19042","Subscriber","1978","1"
"1061","2013-12-01 12:01:48","2013-12-01 12:19:29","2003","1 Ave & E 18 St","40.73416059","-73.98024289","375","Mercer St & Bleecker St","40.72679454","-73.99695094","15124","Subscriber","1985","1"
"1373","2013-12-01 12:01:50","2013-12-01 12:24:43","512","W 29 St & 9 Ave","40.7500727","-73.99839279","319","Park Pl & Church St","40.71336124","-74.00937622","18259","Subscriber","1964","1"
"422","2013-12-01 12:01:56","2013-12-01 12:08:58","496","E 16 St & 5 Ave","40.73726186","-73.99238967","212","W 16 St & The High Line","40.74334935","-74.00681753","15208","Subscriber","1973","1"
"329","2013-12-01 12:01:58","2013-12-01 12:07:27","412","Forsyth St & Canal St","40.7158155","-73.99422366","340","Madison St & Clinton St","40.71269042","-73.98776323","18340","Subscriber","1957","1"
"1480","2013-12-01 12:02:01","2013-12-01 12:26:41","237","E 11 St & 2 Ave","40.73047309","-73.98672378","363","West Thames St","40.70834698","-74.01713445","15283","Subscriber","1959","1"
"502","2013-12-01 12:02:02","2013-12-01 12:10:24","285","Broadway & E 14 St","40.73454567","-73.99074142","251","Mott St & Prince St","40.72317958","-73.99480012","19364","Subscriber","1982","1"
"578","2013-12-01 12:02:07","2013-12-01 12:11:45","434","9 Ave & W 18 St","40.74317449","-74.00366443","357","E 11 St & Broadway","40.73261787","-73.99158043","17907","Subscriber","1951","1"
"214","2013-12-01 12:02:07","2013-12-01 12:05:41","454","E 51 St & 1 Ave","40.75455731","-73.96592976","522","E 51 St & Lexington Ave","40.75714758","-73.97207836","18466","Subscriber","1976","1"
"539","2013-12-01 12:02:07","2013-12-01 12:11:06","303","Mercer St & Spring St","40.72362738","-73.99949601","300","Shevchenko Pl & E 6 St","40.728145","-73.990214","15482","Subscriber","1987","1"
"1302","2013-12-01 12:02:13","2013-12-01 12:23:55","388","W 26 St & 10 Ave","40.749717753","-74.002950346","360","William St & Pine St","40.70717936","-74.00887308","18742","Subscriber","1977","1"
"1380","2013-12-01 12:02:15","2013-12-01 12:25:15","223","W 13 St & 7 Ave","40.73781509","-73.99994661","458","11 Ave & W 27 St","40.751396","-74.005226","15615","Subscriber","1985","2"
"444","2013-12-01 12:02:24","2013-12-01 12:09:48","422","W 59 St & 10 Ave","40.770513","-73.988038","479","9 Ave & W 45 St","40.76019252","-73.9912551","17738","Subscriber","1973","1"
"375","2013-12-01 12:02:27","2013-12-01 12:08:42","522","E 51 St & Lexington Ave","40.75714758","-73.97207836","441","E 52 St & 2 Ave","40.756014","-73.967416","19390","Subscriber","1959","2"
"676","2013-12-01 12:02:35","2013-12-01 12:13:51","536","1 Ave & E 30 St","40.74144387","-73.97536082","503","E 20 St & Park Ave","40.73827428","-73.98751968","14539","Subscriber","1988","2"
"510","2013-12-01 12:02:38","2013-12-01 12:11:08","127","Barrow St & Hudson St","40.73172428","-74.00674436","265","Stanton St & Chrystie St","40.72229346","-73.99147535","14574","Subscriber","1970","1"
"407","2013-12-01 12:02:42","2013-12-01 12:09:29","2021","W 45 St & 8 Ave","40.75929124","-73.98859651","477","W 41 St & 8 Ave","40.75640548","-73.9900262","16271","Subscriber","1955","1"
"212","2013-12-01 12:02:43","2013-12-01 12:06:15","483","E 12 St & 3 Ave","40.73223272","-73.98889957","497","E 17 St & Broadway","40.73704984","-73.99009296","17833","Subscriber","1984","1"
"177","2013-12-01 12:02:47","2013-12-01 12:05:44","449","W 52 St & 9 Ave","40.76461837","-73.98789473","173","Broadway & W 49 St","40.76064679","-73.98442659","17494","Subscriber","1989","1"
"291","2013-12-01 12:02:49","2013-12-01 12:07:40","458","11 Ave & W 27 St","40.751396","-74.005226","435","W 21 St & 6 Ave","40.74173969","-73.99415556","20288","Subscriber","1979","1"
"387","2013-12-01 12:02:50","2013-12-01 12:09:17","448","W 37 St & 10 Ave","40.75660359","-73.9979009","523","W 38 St & 8 Ave","40.75466591","-73.99138152","19249","Subscriber","1964","2"
"98","2013-12-01 12:02:51","2013-12-01 12:04:29","470","W 20 St & 8 Ave","40.74345335","-74.00004031","470","W 20 St & 8 Ave","40.74345335","-74.00004031","19508","Subscriber","1974","1"
"214","2013-12-01 12:02:52","2013-12-01 12:06:26","516","E 47 St & 1 Ave","40.75206862","-73.96784384","440","E 45 St & 3 Ave","40.75255434","-73.97282625","19230","Subscriber","1949","1"
"520","2013-12-01 12:02:58","2013-12-01 12:11:38","345","W 13 St & 6 Ave","40.73649403","-73.99704374","326","E 11 St & 1 Ave","40.72953837","-73.98426726","18745","Subscriber","1983","1"
"341","2013-12-01 12:03:12","2013-12-01 12:08:53","447","8 Ave & W 52 St","40.76370739","-73.9851615","499","Broadway & W 60 St","40.76915505","-73.98191841","19289","Subscriber","1981","2"
"669","2013-12-01 12:03:19","2013-12-01 12:14:28","435","W 21 St & 6 Ave","40.74173969","-73.99415556","350","Clinton St & Grand St","40.71559509","-73.9870295","17841","Subscriber","1981","1"
"288","2013-12-01 12:03:20","2013-12-01 12:08:08","492","W 33 St & 7 Ave","40.75019995","-73.99093085","334","W 20 St & 7 Ave","40.74238787","-73.99726235","19113","Subscriber","1980","1"
"973","2013-12-01 12:03:27","2013-12-01 12:19:40","487","E 20 St & FDR Drive","40.73314259","-73.97573881","195","Liberty St & Broadway","40.70905623","-74.01043382","15472","Subscriber","1991","2"
"438","2013-12-01 12:03:30","2013-12-01 12:10:48","305","E 58 St & 3 Ave","40.76095756","-73.96724467","352","W 56 St & 6 Ave","40.76340613","-73.97722479","14969","Subscriber","1985","1"
"109","2013-12-01 12:03:30","2013-12-01 12:05:19","2021","W 45 St & 8 Ave","40.75929124","-73.98859651","479","9 Ave & W 45 St","40.76019252","-73.9912551","20571","Customer",\N,"0"
"531","2013-12-01 12:03:30","2013-12-01 12:12:21","503","E 20 St & Park Ave","40.73827428","-73.98751968","380","W 4 St & 7 Ave S","40.73401143","-74.00293877","17147","Subscriber","1986","2"
"296","2013-12-01 12:03:31","2013-12-01 12:08:27","494","W 26 St & 8 Ave","40.74734825","-73.99723551","458","11 Ave & W 27 St","40.751396","-74.005226","20225","Subscriber","1967","1"
"660","2013-12-01 12:03:32","2013-12-01 12:14:32","435","W 21 St & 6 Ave","40.74173969","-73.99415556","368","Carmine St & 6 Ave","40.73038599","-74.00214988","17688","Subscriber","1982","1"
"934","2013-12-01 12:03:35","2013-12-01 12:19:09","168","W 18 St & 6 Ave","40.73971301","-73.99456405","358","Christopher St & Greenwich St","40.73291553","-74.00711384","16056","Subscriber","1946","1"
"1271","2013-12-01 12:03:35","2013-12-01 12:24:46","479","9 Ave & W 45 St","40.76019252","-73.9912551","459","W 20 St & 11 Ave","40.746745","-74.007756","18266","Customer",\N,"0"
"335","2013-12-01 12:03:37","2013-12-01 12:09:12","391","Clark St & Henry St","40.69760127","-73.99344559","398","Atlantic Ave & Furman St","40.69165183","-73.9999786","15235","Subscriber","1972","2"
"954","2013-12-01 12:03:37","2013-12-01 12:19:31","263","Elizabeth St & Hester St","40.71729","-73.996375","411","E 6 St & Avenue D","40.72228087","-73.97668709","14963","Subscriber","1984","1"
"1567","2013-12-01 12:03:45","2013-12-01 12:29:52","525","W 34 St & 11 Ave","40.75594159","-74.0021163","318","E 43 St & Vanderbilt Ave","40.75320159","-73.9779874","18879","Customer",\N,"0"
"713","2013-12-01 12:03:47","2013-12-01 12:15:40","512","W 29 St & 9 Ave","40.7500727","-73.99839279","362","Broadway & W 37 St","40.75172632","-73.98753523","17339","Subscriber","1959","2"
"593","2013-12-01 12:03:51","2013-12-01 12:13:44","537","Lexington Ave & E 24 St","40.74025878","-73.98409214","445","E 10 St & Avenue A","40.72740794","-73.98142006","19060","Subscriber","1983","1"
"444","2013-12-01 12:03:53","2013-12-01 12:11:17","82","St James Pl & Pearl St","40.71117416","-74.00016545","340","Madison St & Clinton St","40.71269042","-73.98776323","20767","Subscriber","1956","2"
"140","2013-12-01 12:03:53","2013-12-01 12:06:13","492","W 33 St & 7 Ave","40.75019995","-73.99093085","267","Broadway & W 36 St","40.75097711","-73.98765428","16822","Subscriber","1986","1"
"207","2013-12-01 12:03:56","2013-12-01 12:07:23","212","W 16 St & The High Line","40.74334935","-74.00681753","462","W 22 St & 10 Ave","40.74691959","-74.00451887","19138","Subscriber","1952","2"
"701","2013-12-01 12:03:58","2013-12-01 12:15:39","402","Broadway & E 22 St","40.7403432","-73.98955109","519","Pershing Square N","40.75188406","-73.97770164","17654","Subscriber","1984","1"
"326","2013-12-01 12:04:03","2013-12-01 12:09:29","433","E 13 St & Avenue A","40.72955361","-73.98057249","483","E 12 St & 3 Ave","40.73223272","-73.98889957","20872","Subscriber","1986","1"
"79","2013-12-01 12:04:06","2013-12-01 12:05:25","263","Elizabeth St & Hester St","40.71729","-73.996375","263","Elizabeth St & Hester St","40.71729","-73.996375","16863","Subscriber","1967","1"
"1243","2013-12-01 12:04:10","2013-12-01 12:24:53","502","Henry St & Grand St","40.714215","-73.981346","527","E 33 St & 1 Ave","40.74315566","-73.97434726","15426","Customer",\N,"0"
"539","2013-12-01 12:04:12","2013-12-01 12:13:11","258","DeKalb Ave & Vanderbilt Ave","40.68940747","-73.96885458","395","Bond St & Schermerhorn St","40.68807003","-73.98410637","19937","Subscriber","1979","1"
"1131","2013-12-01 12:04:20","2013-12-01 12:23:11","304","Broadway & Battery Pl","40.70463334","-74.01361706","150","E 2 St & Avenue C","40.7208736","-73.98085795","19510","Customer",\N,"0"
"567","2013-12-01 12:04:26","2013-12-01 12:13:53","490","8 Ave & W 33 St","40.751551","-73.993934","485","W 37 St & 5 Ave","40.75038009","-73.98338988","15177","Subscriber","1953","1"
"1422","2013-12-01 12:04:28","2013-12-01 12:28:10","509","9 Ave & W 22 St","40.7454973","-74.00197139","479","9 Ave & W 45 St","40.76019252","-73.9912551","16140","Subscriber","1956","1"
"243","2013-12-01 12:04:32","2013-12-01 12:08:35","489","10 Ave & W 28 St","40.75066386","-74.00176802","509","9 Ave & W 22 St","40.7454973","-74.00197139","20813","Subscriber","1981","2"
"484","2013-12-01 12:04:32","2013-12-01 12:12:36","127","Barrow St & Hudson St","40.73172428","-74.00674436","404","9 Ave & W 14 St","40.7405826","-74.00550867","20708","Subscriber","1948","1"
"1048","2013-12-01 12:04:37","2013-12-01 12:22:05","417","Barclay St & Church St","40.71291224","-74.01020234","293","Lafayette St & E 8 St","40.73028666","-73.9907647","18474","Subscriber","1980","1"
"409","2013-12-01 12:04:40","2013-12-01 12:11:29","461","E 20 St & 2 Ave","40.73587678","-73.98205027","439","E 4 St & 2 Ave","40.7262807","-73.98978041","17135","Subscriber","1974","1"
"322","2013-12-01 12:04:41","2013-12-01 12:10:03","509","9 Ave & W 22 St","40.7454973","-74.00197139","466","W 25 St & 6 Ave","40.74395411","-73.99144871","18154","Subscriber","1978","1"
"2443","2013-12-01 12:04:43","2013-12-01 12:45:26","268","Howard St & Centre St","40.71910537","-73.99973337","296","Division St & Bowery","40.71413089","-73.9970468","20247","Subscriber","1956","2"
"1233","2013-12-01 12:04:47","2013-12-01 12:25:20","470","W 20 St & 8 Ave","40.74345335","-74.00004031","423","W 54 St & 9 Ave","40.76584941","-73.98690506","14768","Subscriber","1974","1"
"1467","2013-12-01 12:04:47","2013-12-01 12:29:14","538","W 49 St & 5 Ave","40.75795248","-73.97787642","444","Broadway & W 24 St","40.7423543","-73.98915076","18105","Customer",\N,"0"
"639","2013-12-01 12:04:48","2013-12-01 12:15:27","304","Broadway & Battery Pl","40.70463334","-74.01361706","316","Fulton St & William St","40.70955958","-74.00653609","15641","Subscriber","1946","1"
"319","2013-12-01 12:04:49","2013-12-01 12:10:08","528","2 Ave & E 31 St","40.74290902","-73.97706058","498","Broadway & W 32 St","40.74854862","-73.98808416","15360","Subscriber","1986","1"
"166","2013-12-01 12:04:50","2013-12-01 12:07:36","497","E 17 St & Broadway","40.73704984","-73.99009296","168","W 18 St & 6 Ave","40.73971301","-73.99456405","17121","Subscriber","1979","1"
"745","2013-12-01 12:04:51","2013-12-01 12:17:16","516","E 47 St & 1 Ave","40.75206862","-73.96784384","484","W 44 St & 5 Ave","40.75500254","-73.98014437","19241","Subscriber","1987","2"
"1837","2013-12-01 12:04:54","2013-12-01 12:35:31","337","Old Slip & Front St","40.7037992","-74.00838676","315","South St & Gouverneur Ln","40.70355377","-74.00670227","17263","Subscriber","1981","2"
"188","2013-12-01 12:04:57","2013-12-01 12:08:05","521","8 Ave & W 31 St","40.75044999","-73.99481051","523","W 38 St & 8 Ave","40.75466591","-73.99138152","16180","Subscriber","1974","1"
"397","2013-12-01 12:05:01","2013-12-01 12:11:38","382","University Pl & E 14 St","40.73492695","-73.99200509","326","E 11 St & 1 Ave","40.72953837","-73.98426726","15955","Subscriber","1975","2"
"837","2013-12-01 12:05:01","2013-12-01 12:18:58","326","E 11 St & 1 Ave","40.72953837","-73.98426726","334","W 20 St & 7 Ave","40.74238787","-73.99726235","15508","Subscriber","1964","1"
"422","2013-12-01 12:05:03","2013-12-01 12:12:05","447","8 Ave & W 52 St","40.76370739","-73.9851615","352","W 56 St & 6 Ave","40.76340613","-73.97722479","18281","Subscriber","1964","2"
"160","2013-12-01 12:05:03","2013-12-01 12:07:43","360","William St & Pine St","40.70717936","-74.00887308","376","John St & William St","40.70862144","-74.00722156","18806","Subscriber","1988","2"
"303","2013-12-01 12:05:06","2013-12-01 12:10:09","468","Broadway & W 55 St","40.7652654","-73.98192338","499","Broadway & W 60 St","40.76915505","-73.98191841","19374","Subscriber","1972","1"
"839","2013-12-01 12:05:13","2013-12-01 12:19:12","326","E 11 St & 1 Ave","40.72953837","-73.98426726","334","W 20 St & 7 Ave","40.74238787","-73.99726235","19875","Subscriber","1965","2"
"1247","2013-12-01 12:05:15","2013-12-01 12:26:02","392","Jay St & Tech Pl","40.695065","-73.987167","387","Centre St & Chambers St","40.71273266","-74.0046073","18891","Customer",\N,"0"
"316","2013-12-01 12:05:17","2013-12-01 12:10:33","268","Howard St & Centre St","40.71910537","-73.99973337","229","Great Jones St","40.72743423","-73.99379025","16486","Subscriber","1971","1"
"1063","2013-12-01 12:05:23","2013-12-01 12:23:06","350","Clinton St & Grand St","40.71559509","-73.9870295","532","S 5 Pl & S 4 St","40.710451","-73.960876","19892","Subscriber","1991","2"
"538","2013-12-01 12:05:27","2013-12-01 12:14:25","486","Broadway & W 29 St","40.7462009","-73.98855723","477","W 41 St & 8 Ave","40.75640548","-73.9900262","16683","Subscriber","1980","1"
"2836","2013-12-01 12:05:35","2013-12-01 12:52:51","327","Vesey Pl & River Terrace","40.7153379","-74.01658354","326","E 11 St & 1 Ave","40.72953837","-73.98426726","18208","Subscriber","1974","1"
"566","2013-12-01 12:05:36","2013-12-01 12:15:02","168","W 18 St & 6 Ave","40.73971301","-73.99456405","346","Bank St & Hudson St","40.73652889","-74.00618026","18293","Subscriber","1973","1"
"1231","2013-12-01 12:05:38","2013-12-01 12:26:09","392","Jay St & Tech Pl","40.695065","-73.987167","387","Centre St & Chambers St","40.71273266","-74.0046073","16631","Customer",\N,"0"
"357","2013-12-01 12:05:40","2013-12-01 12:11:37","382","University Pl & E 14 St","40.73492695","-73.99200509","438","St Marks Pl & 1 Ave","40.72779126","-73.98564945","19825","Subscriber","1990","1"
"497","2013-12-01 12:05:46","2013-12-01 12:14:03","504","1 Ave & E 15 St","40.73221853","-73.98165557","334","W 20 St & 7 Ave","40.74238787","-73.99726235","14878","Subscriber","1971","1"
"435","2013-12-01 12:05:48","2013-12-01 12:13:03","327","Vesey Pl & River Terrace","40.7153379","-74.01658354","426","West St & Chambers St","40.71754834","-74.01322069","16598","Subscriber","1974","1"
"2108","2013-12-01 12:05:48","2013-12-01 12:40:56","225","W 14 St & The High Line","40.74195138","-74.00803013","290","2 Ave & E 58 St","40.76020258","-73.96478473","15450","Customer",\N,"0"
"557","2013-12-01 12:05:50","2013-12-01 12:15:07","375","Mercer St & Bleecker St","40.72679454","-73.99695094","504","1 Ave & E 15 St","40.73221853","-73.98165557","20147","Subscriber","1955","1"
"1086","2013-12-01 12:05:56","2013-12-01 12:24:02","336","Sullivan St & Washington Sq","40.73047747","-73.99906065","470","W 20 St & 8 Ave","40.74345335","-74.00004031","19266","Customer",\N,"0"
"1088","2013-12-01 12:05:58","2013-12-01 12:24:06","410","Suffolk St & Stanton St","40.72066442","-73.98517977","430","York St & Jay St","40.7014851","-73.98656928","20978","Subscriber","1986","1"
"1087","2013-12-01 12:06:01","2013-12-01 12:24:08","345","W 13 St & 6 Ave","40.73649403","-73.99704374","405","Washington St & Gansevoort St","40.739323","-74.008119","15109","Subscriber","1981","1"
"2079","2013-12-01 12:06:03","2013-12-01 12:40:42","225","W 14 St & The High Line","40.74195138","-74.00803013","290","2 Ave & E 58 St","40.76020258","-73.96478473","19283","Customer",\N,"0"
"1228","2013-12-01 12:06:06","2013-12-01 12:26:34","387","Centre St & Chambers St","40.71273266","-74.0046073","387","Centre St & Chambers St","40.71273266","-74.0046073","14615","Customer",\N,"0"
"1566","2013-12-01 12:06:06","2013-12-01 12:32:12","479","9 Ave & W 45 St","40.76019252","-73.9912551","368","Carmine St & 6 Ave","40.73038599","-74.00214988","18403","Customer",\N,"0"
"208","2013-12-01 12:06:12","2013-12-01 12:09:40","326","E 11 St & 1 Ave","40.72953837","-73.98426726","439","E 4 St & 2 Ave","40.7262807","-73.98978041","16624","Subscriber","1987","1"
"1078","2013-12-01 12:06:12","2013-12-01 12:24:10","336","Sullivan St & Washington Sq","40.73047747","-73.99906065","470","W 20 St & 8 Ave","40.74345335","-74.00004031","15739","Customer",\N,"0"
"514","2013-12-01 12:06:17","2013-12-01 12:14:51","513","W 56 St & 10 Ave","40.768254","-73.988639","514","12 Ave & W 40 St","40.76087502","-74.00277668","19926","Subscriber","1982","1"
"330","2013-12-01 12:06:23","2013-12-01 12:11:53","393","E 5 St & Avenue C","40.72299208","-73.97995466","312","Allen St & E Houston St","40.722055","-73.989111","14855","Subscriber","1978","1"
"415","2013-12-01 12:06:41","2013-12-01 12:13:36","483","E 12 St & 3 Ave","40.73223272","-73.98889957","335","Washington Pl & Broadway","40.72903917","-73.99404649","15068","Subscriber","1985","1"
"510","2013-12-01 12:06:50","2013-12-01 12:15:20","318","E 43 St & Vanderbilt Ave","40.75320159","-73.9779874","510","W 51 St & 6 Ave","40.7606597","-73.98042047","18195","Customer",\N,"0"
"644","2013-12-01 12:06:50","2013-12-01 12:17:34","379","W 31 St & 7 Ave","40.749156","-73.9916","482","W 15 St & 7 Ave","40.73935542","-73.99931783","17909","Subscriber","1953","2"
"336","2013-12-01 12:06:52","2013-12-01 12:12:28","477","W 41 St & 8 Ave","40.75640548","-73.9900262","450","W 49 St & 8 Ave","40.76227205","-73.98788205","19646","Subscriber","1964","1"
"230","2013-12-01 12:07:01","2013-12-01 12:10:51","237","E 11 St & 2 Ave","40.73047309","-73.98672378","445","E 10 St & Avenue A","40.72740794","-73.98142006","19831","Subscriber","1987","1"
"288","2013-12-01 12:07:08","2013-12-01 12:11:56","358","Christopher St & Greenwich St","40.73291553","-74.00711384","405","Washington St & Gansevoort St","40.739323","-74.008119","16437","Subscriber","1985","1"
"802","2013-12-01 12:07:17","2013-12-01 12:20:39","457","Broadway & W 58 St","40.76695317","-73.98169333","444","Broadway & W 24 St","40.7423543","-73.98915076","20896","Subscriber","1988","1"
"351","2013-12-01 12:07:18","2013-12-01 12:13:09","517","Pershing Square S","40.75149263","-73.97798848","476","E 31 St & 3 Ave","40.74394314","-73.97966069","15377","Subscriber","1980","1"
"1087","2013-12-01 12:07:18","2013-12-01 12:25:25","2006","Central Park S & 6 Ave","40.76590936","-73.97634151","466","W 25 St & 6 Ave","40.74395411","-73.99144871","20066","Subscriber","1978","1"
"1798","2013-12-01 12:07:23","2013-12-01 12:37:21","457","Broadway & W 58 St","40.76695317","-73.98169333","2006","Central Park S & 6 Ave","40.76590936","-73.97634151","15366","Customer",\N,"0"
"450","2013-12-01 12:07:25","2013-12-01 12:14:55","435","W 21 St & 6 Ave","40.74173969","-73.99415556","362","Broadway & W 37 St","40.75172632","-73.98753523","19286","Subscriber","1953","1"
"257","2013-12-01 12:07:26","2013-12-01 12:11:43","405","Washington St & Gansevoort St","40.739323","-74.008119","380","W 4 St & 7 Ave S","40.73401143","-74.00293877","15142","Subscriber","1981","1"
"1009","2013-12-01 12:07:27","2013-12-01 12:24:16","422","W 59 St & 10 Ave","40.770513","-73.988038","486","Broadway & W 29 St","40.7462009","-73.98855723","15324","Subscriber","1976","2"
"431","2013-12-01 12:07:29","2013-12-01 12:14:40","385","E 55 St & 2 Ave","40.75797322","-73.96603308","281","Grand Army Plaza & Central Park S","40.7643971","-73.97371465","19981","Subscriber","1987","1"
"374","2013-12-01 12:07:30","2013-12-01 12:13:44","375","Mercer St & Bleecker St","40.72679454","-73.99695094","383","Greenwich Ave & Charles St","40.735238","-74.000271","18058","Subscriber","1983","2"
"1056","2013-12-01 12:07:30","2013-12-01 12:25:06","499","Broadway & W 60 St","40.76915505","-73.98191841","83","Atlantic Ave & Fort Greene Pl","40.68382604","-73.97632328","18687","Subscriber","1956","1"
"723","2013-12-01 12:07:42","2013-12-01 12:19:45","433","E 13 St & Avenue A","40.72955361","-73.98057249","518","E 39 St & 2 Ave","40.74780373","-73.9734419","17568","Subscriber","1984","2"
"391","2013-12-01 12:07:42","2013-12-01 12:14:13","446","W 24 St & 7 Ave","40.74487634","-73.99529885","463","9 Ave & W 16 St","40.74206539","-74.00443172","19814","Subscriber","1973","1"
"585","2013-12-01 12:07:44","2013-12-01 12:17:29","373","Willoughby Ave & Walworth St","40.69331716","-73.95381995","275","Washington Ave & Greene Ave","40.68650065","-73.96563307","20957","Subscriber","1973","1"
"782","2013-12-01 12:07:46","2013-12-01 12:20:48","276","Duane St & Greenwich St","40.71748752","-74.0104554","225","W 14 St & The High Line","40.74195138","-74.00803013","19779","Subscriber","1988","2"
"438","2013-12-01 12:07:49","2013-12-01 12:15:07","382","University Pl & E 14 St","40.73492695","-73.99200509","358","Christopher St & Greenwich St","40.73291553","-74.00711384","18652","Subscriber","1978","1"
"2845","2013-12-01 12:07:50","2013-12-01 12:55:15","379","W 31 St & 7 Ave","40.749156","-73.9916","361","Allen St & Hester St","40.71605866","-73.99190759","15518","Customer",\N,"0"
"459","2013-12-01 12:07:53","2013-12-01 12:15:32","281","Grand Army Plaza & Central Park S","40.7643971","-73.97371465","484","W 44 St & 5 Ave","40.75500254","-73.98014437","16595","Subscriber","1989","1"
"924","2013-12-01 12:07:54","2013-12-01 12:23:18","2003","1 Ave & E 18 St","40.73416059","-73.98024289","380","W 4 St & 7 Ave S","40.73401143","-74.00293877","16306","Subscriber","1985","1"
"1039","2013-12-01 12:07:56","2013-12-01 12:25:15","397","Fulton St & Clermont Ave","40.68415748","-73.96922273","414","Pearl St & Anchorage Pl","40.70281858","-73.98765762","15297","Subscriber","1972","2"
"464","2013-12-01 12:08:01","2013-12-01 12:15:45","368","Carmine St & 6 Ave","40.73038599","-74.00214988","434","9 Ave & W 18 St","40.74317449","-74.00366443","15626","Subscriber","1976","1"
"348","2013-12-01 12:08:03","2013-12-01 12:13:51","355","Bayard St & Baxter St","40.71602118","-73.99974372","146","Hudson St & Reade St","40.71625008","-74.0091059","18428","Subscriber","1967","2"
"2833","2013-12-01 12:08:03","2013-12-01 12:55:16","379","W 31 St & 7 Ave","40.749156","-73.9916","361","Allen St & Hester St","40.71605866","-73.99190759","15650","Customer",\N,"0"
"896","2013-12-01 12:08:21","2013-12-01 12:23:17","2003","1 Ave & E 18 St","40.73416059","-73.98024289","380","W 4 St & 7 Ave S","40.73401143","-74.00293877","20159","Subscriber","1984","2"
"625","2013-12-01 12:08:22","2013-12-01 12:18:47","540","Lexington Ave & E 26 St","40.74147286","-73.98320928","442","W 27 St & 7 Ave","40.746647","-73.993915","19003","Subscriber","1936","1"
"1629","2013-12-01 12:08:34","2013-12-01 12:35:43","329","Greenwich St & N Moore St","40.72043411","-74.01020609","392","Jay St & Tech Pl","40.695065","-73.987167","17754","Subscriber","1984","1"
"461","2013-12-01 12:08:36","2013-12-01 12:16:17","229","Great Jones St","40.72743423","-73.99379025","301","E 2 St & Avenue B","40.72217444","-73.98368779","18349","Subscriber","1978","2"
"1365","2013-12-01 12:08:48","2013-12-01 12:31:33","363","West Thames St","40.70834698","-74.01713445","363","West Thames St","40.70834698","-74.01713445","18880","Subscriber","1973","1"
"1468","2013-12-01 12:08:52","2013-12-01 12:33:20","358","Christopher St & Greenwich St","40.73291553","-74.00711384","72","W 52 St & 11 Ave","40.76727216","-73.99392888","19819","Customer",\N,"0"
"2649","2013-12-01 12:08:52","2013-12-01 12:53:01","327","Vesey Pl & River Terrace","40.7153379","-74.01658354","326","E 11 St & 1 Ave","40.72953837","-73.98426726","16743","Subscriber","1974","1"
"541","2013-12-01 12:09:08","2013-12-01 12:18:09","161","LaGuardia Pl & W 3 St","40.72917025","-73.99810231","223","W 13 St & 7 Ave","40.73781509","-73.99994661","20649","Subscriber","1976","2"
"1086","2013-12-01 12:09:10","2013-12-01 12:27:16","526","E 33 St & 5 Ave","40.74765947","-73.98490707","513","W 56 St & 10 Ave","40.768254","-73.988639","15054","Subscriber","1949","1"
"740","2013-12-01 12:09:10","2013-12-01 12:21:30","302","Avenue D & E 3 St","40.72082834","-73.97793172","285","Broadway & E 14 St","40.73454567","-73.99074142","15603","Subscriber","1989","2"
"259","2013-12-01 12:09:18","2013-12-01 12:13:37","505","6 Ave & W 33 St","40.74901271","-73.98848395","444","Broadway & W 24 St","40.7423543","-73.98915076","20557","Subscriber","1967","1"
"330","2013-12-01 12:09:18","2013-12-01 12:14:48","448","W 37 St & 10 Ave","40.75660359","-73.9979009","382","University Pl & E 14 St","40.73492695","-73.99200509","18563","Subscriber","1983","1"
"661","2013-12-01 12:09:27","2013-12-01 12:20:28","346","Bank St & Hudson St","40.73652889","-74.00618026","146","Hudson St & Reade St","40.71625008","-74.0091059","20784","Subscriber","1982","1"
"1063","2013-12-01 12:09:36","2013-12-01 12:27:19","499","Broadway & W 60 St","40.76915505","-73.98191841","499","Broadway & W 60 St","40.76915505","-73.98191841","16427","Customer",\N,"0"
"1314","2013-12-01 12:09:39","2013-12-01 12:31:33","2004","6 Ave & Broome St","40.724399","-74.004704","521","8 Ave & W 31 St","40.75044999","-73.99481051","15261","Subscriber","1985","2"
"176","2013-12-01 12:09:40","2013-12-01 12:12:36","515","W 43 St & 10 Ave","40.76009437","-73.99461843","448","W 37 St & 10 Ave","40.75660359","-73.9979009","16117","Subscriber","1982","1"
"526","2013-12-01 12:09:44","2013-12-01 12:18:30","2010","Grand St & Greene St","40.72165481","-74.00234737","300","Shevchenko Pl & E 6 St","40.728145","-73.990214","17919","Subscriber","1977","1"
"331","2013-12-01 12:09:45","2013-12-01 12:15:16","79","Franklin St & W Broadway","40.71911552","-74.00666661","2004","6 Ave & Broome St","40.724399","-74.004704","15270","Subscriber","1982","1"
"321","2013-12-01 12:09:49","2013-12-01 12:15:10","79","Franklin St & W Broadway","40.71911552","-74.00666661","2004","6 Ave & Broome St","40.724399","-74.004704","20289","Subscriber","1987","1"
"1183","2013-12-01 12:09:53","2013-12-01 12:29:36","358","Christopher St & Greenwich St","40.73291553","-74.00711384","531","Forsyth St & Broome St","40.71893904","-73.99266288","17486","Subscriber","1985","2"
"540","2013-12-01 12:09:53","2013-12-01 12:18:53","402","Broadway & E 22 St","40.7403432","-73.98955109","383","Greenwich Ave & Charles St","40.735238","-74.000271","18630","Subscriber","1985","2"
"1093","2013-12-01 12:10:02","2013-12-01 12:28:15","484","W 44 St & 5 Ave","40.75500254","-73.98014437","336","Sullivan St & Washington Sq","40.73047747","-73.99906065","15458","Subscriber","1956","1"
"767","2013-12-01 12:10:02","2013-12-01 12:22:49","486","Broadway & W 29 St","40.7462009","-73.98855723","375","Mercer St & Bleecker St","40.72679454","-73.99695094","19622","Subscriber","1983","1"
"3542","2013-12-01 12:10:07","2013-12-01 13:09:09","367","E 53 St & Lexington Ave","40.75828065","-73.97069431","247","Perry St & Bleecker St","40.73535398","-74.00483091","19043","Customer",\N,"0"
"238","2013-12-01 12:10:10","2013-12-01 12:14:08","223","W 13 St & 7 Ave","40.73781509","-73.99994661","127","Barrow St & Hudson St","40.73172428","-74.00674436","16444","Subscriber","1990","1"
"595","2013-12-01 12:10:15","2013-12-01 12:20:10","382","University Pl & E 14 St","40.73492695","-73.99200509","297","E 15 St & 3 Ave","40.734232","-73.986923","17007","Subscriber","1973","1"
"190","2013-12-01 12:10:15","2013-12-01 12:13:25","336","Sullivan St & Washington Sq","40.73047747","-73.99906065","382","University Pl & E 14 St","40.73492695","-73.99200509","16393","Customer",\N,"0"
"1218","2013-12-01 12:10:17","2013-12-01 12:30:35","362","Broadway & W 37 St","40.75172632","-73.98753523","497","E 17 St & Broadway","40.73704984","-73.99009296","17410","Customer",\N,"0"
"508","2013-12-01 12:10:19","2013-12-01 12:18:47","357","E 11 St & Broadway","40.73261787","-73.99158043","346","Bank St & Hudson St","40.73652889","-74.00618026","15061","Subscriber","1980","2"
"362","2013-12-01 12:10:22","2013-12-01 12:16:24","128","MacDougal St & Prince St","40.72710258","-74.00297088","229","Great Jones St","40.72743423","-73.99379025","15900","Subscriber","1973","1"
"270","2013-12-01 12:10:27","2013-12-01 12:14:57","229","Great Jones St","40.72743423","-73.99379025","368","Carmine St & 6 Ave","40.73038599","-74.00214988","18312","Subscriber","1982","1"
"279","2013-12-01 12:10:32","2013-12-01 12:15:11","306","Cliff St & Fulton St","40.70823502","-74.00530063","308","St James Pl & Oliver St","40.71307916","-73.99851193","19213","Subscriber","1964","1"
"1191","2013-12-01 12:10:32","2013-12-01 12:30:23","362","Broadway & W 37 St","40.75172632","-73.98753523","497","E 17 St & Broadway","40.73704984","-73.99009296","15406","Customer",\N,"0"
"717","2013-12-01 12:10:33","2013-12-01 12:22:30","325","E 19 St & 3 Ave","40.73624527","-73.98473765","160","E 37 St & Lexington Ave","40.748238","-73.978311","18730","Subscriber","1955","2"
"1804","2013-12-01 12:10:36","2013-12-01 12:40:40","405","Washington St & Gansevoort St","40.739323","-74.008119","426","West St & Chambers St","40.71754834","-74.01322069","16248","Customer",\N,"0"
"1655","2013-12-01 12:10:43","2013-12-01 12:38:18","116","W 17 St & 8 Ave","40.74177603","-74.00149746","259","South St & Whitehall St","40.70122128","-74.01234218","20654","Customer",\N,"0"
"1004","2013-12-01 12:10:49","2013-12-01 12:27:33","312","Allen St & E Houston St","40.722055","-73.989111","351","Front St & Maiden Ln","40.70530954","-74.00612572","17981","Subscriber","1979","2"
"515","2013-12-01 12:10:52","2013-12-01 12:19:27","509","9 Ave & W 22 St","40.7454973","-74.00197139","247","Perry St & Bleecker St","40.73535398","-74.00483091","20011","Customer",\N,"0"
"2057","2013-12-01 12:10:54","2013-12-01 12:45:11","405","Washington St & Gansevoort St","40.739323","-74.008119","426","West St & Chambers St","40.71754834","-74.01322069","18644","Customer",\N,"0"
"263","2013-12-01 12:10:55","2013-12-01 12:15:18","410","Suffolk St & Stanton St","40.72066442","-73.98517977","311","Norfolk St & Broome St","40.7172274","-73.98802084","17396","Subscriber","1983","1"
"227","2013-12-01 12:10:55","2013-12-01 12:14:42","444","Broadway & W 24 St","40.7423543","-73.98915076","497","E 17 St & Broadway","40.73704984","-73.99009296","17354","Subscriber","1990","1"
"1465","2013-12-01 12:10:58","2013-12-01 12:35:23","297","E 15 St & 3 Ave","40.734232","-73.986923","334","W 20 St & 7 Ave","40.74238787","-73.99726235","17057","Subscriber","1986","1"
"1450","2013-12-01 12:10:59","2013-12-01 12:35:09","297","E 15 St & 3 Ave","40.734232","-73.986923","334","W 20 St & 7 Ave","40.74238787","-73.99726235","18059","Subscriber","1988","2"
"764","2013-12-01 12:11:02","2013-12-01 12:23:46","161","LaGuardia Pl & W 3 St","40.72917025","-73.99810231","309","Murray St & West St","40.7149787","-74.013012","17160","Subscriber","1979","1"
"1633","2013-12-01 12:11:03","2013-12-01 12:38:16","116","W 17 St & 8 Ave","40.74177603","-74.00149746","259","South St & Whitehall St","40.70122128","-74.01234218","18360","Subscriber","1977","2"
"936","2013-12-01 12:11:05","2013-12-01 12:26:41","489","10 Ave & W 28 St","40.75066386","-74.00176802","509","9 Ave & W 22 St","40.7454973","-74.00197139","16283","Subscriber","1979","1"
"722","2013-12-01 12:11:10","2013-12-01 12:23:12","527","E 33 St & 1 Ave","40.74315566","-73.97434726","465","Broadway & W 41 St","40.75513557","-73.98658032","18034","Subscriber","1978","1"
"227","2013-12-01 12:11:11","2013-12-01 12:14:58","533","Broadway & W 39 St","40.75299641","-73.98721619","486","Broadway & W 29 St","40.7462009","-73.98855723","17844","Subscriber","1986","1"
"770","2013-12-01 12:11:16","2013-12-01 12:24:06","450","W 49 St & 8 Ave","40.76227205","-73.98788205","521","8 Ave & W 31 St","40.75044999","-73.99481051","18526","Subscriber","1977","1"
"808","2013-12-01 12:11:21","2013-12-01 12:24:49","480","W 53 St & 10 Ave","40.76669671","-73.99061728","318","E 43 St & Vanderbilt Ave","40.75320159","-73.9779874","14832","Subscriber","1964","1"
"718","2013-12-01 12:11:24","2013-12-01 12:23:22","469","Broadway & W 53 St","40.76344058","-73.98268129","456","E 53 St & Madison Ave","40.7597108","-73.97402311","15127","Subscriber","1975","2"
"648","2013-12-01 12:11:26","2013-12-01 12:22:14","229","Great Jones St","40.72743423","-73.99379025","502","Henry St & Grand St","40.714215","-73.981346","16101","Subscriber","1967","1"
"390","2013-12-01 12:11:29","2013-12-01 12:17:59","439","E 4 St & 2 Ave","40.7262807","-73.98978041","303","Mercer St & Spring St","40.72362738","-73.99949601","20735","Subscriber","1981","1"
"5222","2013-12-01 12:11:34","2013-12-01 13:38:36","514","12 Ave & W 40 St","40.76087502","-74.00277668","514","12 Ave & W 40 St","40.76087502","-74.00277668","18820","Customer",\N,"0"
"1025","2013-12-01 12:11:37","2013-12-01 12:28:42","375","Mercer St & Bleecker St","40.72679454","-73.99695094","152","Warren St & Church St","40.71473993","-74.00910627","15607","Subscriber","1959","2"
"285","2013-12-01 12:11:38","2013-12-01 12:16:23","251","Mott St & Prince St","40.72317958","-73.99480012","2010","Grand St & Greene St","40.72165481","-74.00234737","19883","Subscriber","1987","1"
"512","2013-12-01 12:11:40","2013-12-01 12:20:12","521","8 Ave & W 31 St","40.75044999","-73.99481051","318","E 43 St & Vanderbilt Ave","40.75320159","-73.9779874","16731","Subscriber","1990","1"
"5213","2013-12-01 12:11:56","2013-12-01 13:38:49","514","12 Ave & W 40 St","40.76087502","-74.00277668","514","12 Ave & W 40 St","40.76087502","-74.00277668","17457","Customer",\N,"0"
"333","2013-12-01 12:12:03","2013-12-01 12:17:36","523","W 38 St & 8 Ave","40.75466591","-73.99138152","492","W 33 St & 7 Ave","40.75019995","-73.99093085","16180","Subscriber","1974","1"
"717","2013-12-01 12:12:04","2013-12-01 12:24:01","376","John St & William St","40.70862144","-74.00722156","426","West St & Chambers St","40.71754834","-74.01322069","18567","Subscriber","1979","1"
"421","2013-12-01 12:12:09","2013-12-01 12:19:10","314","Montague St & Clinton St","40.69424674","-73.99215922","431","Hanover Pl & Livingston St","40.68864636","-73.98263429","17740","Subscriber","1983","1"
"637","2013-12-01 12:12:10","2013-12-01 12:22:47","531","Forsyth St & Broome St","40.71893904","-73.99266288","280","E 10 St & 5 Ave","40.73331967","-73.99510132","17174","Subscriber","1962","2"
"430","2013-12-01 12:12:10","2013-12-01 12:19:20","399","Lafayette Ave & St James Pl","40.68851534","-73.9647628","416","Cumberland St & Lafayette Ave","40.68753406","-73.97265183","19015","Subscriber","1987","2"
"474","2013-12-01 12:12:11","2013-12-01 12:20:05","537","Lexington Ave & E 24 St","40.74025878","-73.98409214","379","W 31 St & 7 Ave","40.749156","-73.9916","18475","Subscriber","1961","1"
"142","2013-12-01 12:12:13","2013-12-01 12:14:35","2021","W 45 St & 8 Ave","40.75929124","-73.98859651","486","Broadway & W 29 St","40.7462009","-73.98855723","16325","Subscriber","1982","1"
"1092","2013-12-01 12:12:17","2013-12-01 12:30:29","341","Stanton St & Mangin St","40.71782143","-73.97628939","251","Mott St & Prince St","40.72317958","-73.99480012","16078","Subscriber","1981","2"
"749","2013-12-01 12:12:18","2013-12-01 12:24:47","382","University Pl & E 14 St","40.73492695","-73.99200509","228","E 48 St & 3 Ave","40.7546011026","-73.971878855","18690","Subscriber","1956","1"
"782","2013-12-01 12:12:25","2013-12-01 12:25:27","348","W Broadway & Spring St","40.72490985","-74.00154702","168","W 18 St & 6 Ave","40.73971301","-73.99456405","15245","Subscriber","1960","2"
"970","2013-12-01 12:12:27","2013-12-01 12:28:37","514","12 Ave & W 40 St","40.76087502","-74.00277668","116","W 17 St & 8 Ave","40.74177603","-74.00149746","20286","Subscriber","1986","2"
"1202","2013-12-01 12:12:28","2013-12-01 12:32:30","2010","Grand St & Greene St","40.72165481","-74.00234737","360","William St & Pine St","40.70717936","-74.00887308","15374","Subscriber","1958","2"
"319","2013-12-01 12:12:30","2013-12-01 12:17:49","329","Greenwich St & N Moore St","40.72043411","-74.01020609","127","Barrow St & Hudson St","40.73172428","-74.00674436","16901","Subscriber","1966","1"
"280","2013-12-01 12:12:32","2013-12-01 12:17:12","504","1 Ave & E 15 St","40.73221853","-73.98165557","497","E 17 St & Broadway","40.73704984","-73.99009296","19412","Subscriber","1972","1"
"530","2013-12-01 12:12:36","2013-12-01 12:21:26","239","Willoughby St & Fleet St","40.69196566","-73.9813018","354","Emerson Pl & Myrtle Ave","40.69363137","-73.96223558","17198","Subscriber","1968","1"
"330","2013-12-01 12:12:37","2013-12-01 12:18:07","347","W Houston St & Hudson St","40.72873888","-74.00748842","426","West St & Chambers St","40.71754834","-74.01322069","14608","Subscriber","1982","1"
"215","2013-12-01 12:12:37","2013-12-01 12:16:12","434","9 Ave & W 18 St","40.74317449","-74.00366443","334","W 20 St & 7 Ave","40.74238787","-73.99726235","17924","Subscriber","1983","1"
"836","2013-12-01 12:12:38","2013-12-01 12:26:34","462","W 22 St & 10 Ave","40.74691959","-74.00451887","482","W 15 St & 7 Ave","40.73935542","-73.99931783","19662","Subscriber","1974","1"
"477","2013-12-01 12:12:39","2013-12-01 12:20:36","477","W 41 St & 8 Ave","40.75640548","-73.9900262","492","W 33 St & 7 Ave","40.75019995","-73.99093085","16271","Subscriber","1978","1"
"1828","2013-12-01 12:12:41","2013-12-01 12:43:09","395","Bond St & Schermerhorn St","40.68807003","-73.98410637","236","St Marks Pl & 2 Ave","40.7284186","-73.98713956","17283","Subscriber","1968","1"
"458","2013-12-01 12:12:41","2013-12-01 12:20:19","296","Division St & Bowery","40.71413089","-73.9970468","236","St Marks Pl & 2 Ave","40.7284186","-73.98713956","15887","Subscriber","1990","1"
"1476","2013-12-01 12:12:42","2013-12-01 12:37:18","305","E 58 St & 3 Ave","40.76095756","-73.96724467","326","E 11 St & 1 Ave","40.72953837","-73.98426726","15983","Subscriber","1954","1"
"1574","2013-12-01 12:12:48","2013-12-01 12:39:02","528","2 Ave & E 31 St","40.74290902","-73.97706058","361","Allen St & Hester St","40.71605866","-73.99190759","15717","Subscriber","1955","2"
"341","2013-12-01 12:12:50","2013-12-01 12:18:31","254","W 11 St & 6 Ave","40.73532427","-73.99800419","357","E 11 St & Broadway","40.73261787","-73.99158043","19967","Subscriber","1982","1"
"589","2013-12-01 12:12:52","2013-12-01 12:22:41","521","8 Ave & W 31 St","40.75044999","-73.99481051","447","8 Ave & W 52 St","40.76370739","-73.9851615","18856","Subscriber","1980","1"
"1460","2013-12-01 12:13:03","2013-12-01 12:37:23","305","E 58 St & 3 Ave","40.76095756","-73.96724467","499","Broadway & W 60 St","40.76915505","-73.98191841","17534","Subscriber","1953","2"
"1261","2013-12-01 12:13:07","2013-12-01 12:34:08","316","Fulton St & William St","40.70955958","-74.00653609","380","W 4 St & 7 Ave S","40.73401143","-74.00293877","15935","Customer",\N,"0"
"1795","2013-12-01 12:13:08","2013-12-01 12:43:03","436","Hancock St & Bedford Ave","40.68216564","-73.95399026","396","Lefferts Pl & Franklin Ave","40.680342423","-73.9557689392","20953","Subscriber","1989","1"
"1746","2013-12-01 12:13:13","2013-12-01 12:42:19","348","W Broadway & Spring St","40.72490985","-74.00154702","529","W 42 St & 8 Ave","40.7575699","-73.99098507","19844","Subscriber","1954","1"
"292","2013-12-01 12:13:13","2013-12-01 12:18:05","391","Clark St & Henry St","40.69760127","-73.99344559","2000","Front St & Washington St","40.70255088","-73.98940236","19525","Subscriber","1971","1"
"811","2013-12-01 12:13:18","2013-12-01 12:26:49","412","Forsyth St & Canal St","40.7158155","-73.99422366","329","Greenwich St & N Moore St","40.72043411","-74.01020609","16947","Subscriber","1969","1"
"316","2013-12-01 12:13:19","2013-12-01 12:18:35","285","Broadway & E 14 St","40.73454567","-73.99074142","439","E 4 St & 2 Ave","40.7262807","-73.98978041","18365","Subscriber","1989","1"
"311","2013-12-01 12:13:21","2013-12-01 12:18:32","465","Broadway & W 41 St","40.75513557","-73.98658032","442","W 27 St & 7 Ave","40.746647","-73.993915","19415","Subscriber","1994","1"
"283","2013-12-01 12:13:28","2013-12-01 12:18:11","285","Broadway & E 14 St","40.73454567","-73.99074142","300","Shevchenko Pl & E 6 St","40.728145","-73.990214","19455","Subscriber","1987","1"
"1324","2013-12-01 12:13:33","2013-12-01 12:35:37","457","Broadway & W 58 St","40.76695317","-73.98169333","347","W Houston St & Hudson St","40.72873888","-74.00748842","20211","Subscriber","1988","2"
"233","2013-12-01 12:13:37","2013-12-01 12:17:30","403","E 2 St & 2 Ave","40.72502876","-73.99069656","531","Forsyth St & Broome St","40.71893904","-73.99266288","20358","Subscriber","1973","1"
"165","2013-12-01 12:13:37","2013-12-01 12:16:22","446","W 24 St & 7 Ave","40.74487634","-73.99529885","453","W 22 St & 8 Ave","40.74475148","-73.99915362","17509","Subscriber","1980","1"
"229","2013-12-01 12:13:44","2013-12-01 12:17:33","411","E 6 St & Avenue D","40.72228087","-73.97668709","317","E 6 St & Avenue B","40.72453734","-73.98185424","19165","Subscriber","1982","1"
"240","2013-12-01 12:13:44","2013-12-01 12:17:44","439","E 4 St & 2 Ave","40.7262807","-73.98978041","323","Lawrence St & Willoughby St","40.69236178","-73.98631746","20283","Subscriber","1984","1"
"2029","2013-12-01 12:13:46","2013-12-01 12:47:35","430","York St & Jay St","40.7014851","-73.98656928","481","S 3 St & Bedford Ave","40.71260486","-73.96264403","17237","Subscriber","1973","1"
"678","2013-12-01 12:13:48","2013-12-01 12:25:06","465","Broadway & W 41 St","40.75513557","-73.98658032","474","5 Ave & E 29 St","40.7451677","-73.98683077","16621","Customer",\N,"0"
"234","2013-12-01 12:13:51","2013-12-01 12:17:45","439","E 4 St & 2 Ave","40.7262807","-73.98978041","323","Lawrence St & Willoughby St","40.69236178","-73.98631746","16013","Subscriber","1981","1"
"1386","2013-12-01 12:13:54","2013-12-01 12:37:00","327","Vesey Pl & River Terrace","40.7153379","-74.01658354","442","W 27 St & 7 Ave","40.746647","-73.993915","17661","Subscriber","1959","2"
"2476","2013-12-01 12:13:54","2013-12-01 12:55:10","379","W 31 St & 7 Ave","40.749156","-73.9916","361","Allen St & Hester St","40.71605866","-73.99190759","20577","Customer",\N,"0"
"363","2013-12-01 12:13:55","2013-12-01 12:19:58","462","W 22 St & 10 Ave","40.74691959","-74.00451887","435","W 21 St & 6 Ave","40.74173969","-73.99415556","15032","Subscriber","1973","1"
"440","2013-12-01 12:13:57","2013-12-01 12:21:17","237","E 11 St & 2 Ave","40.73047309","-73.98672378","229","Great Jones St","40.72743423","-73.99379025","20540","Subscriber","1971","1"
"962","2013-12-01 12:13:58","2013-12-01 12:30:00","449","W 52 St & 9 Ave","40.76461837","-73.98789473","426","West St & Chambers St","40.71754834","-74.01322069","15680","Subscriber","1986","2"
"933","2013-12-01 12:14:00","2013-12-01 12:29:33","507","E 25 St & 2 Ave","40.73912601","-73.97973776","525","W 34 St & 11 Ave","40.75594159","-74.0021163","19599","Subscriber","1957","1"
"460","2013-12-01 12:14:01","2013-12-01 12:21:41","410","Suffolk St & Stanton St","40.72066442","-73.98517977","161","LaGuardia Pl & W 3 St","40.72917025","-73.99810231","20226","Subscriber","1991","1"
"335","2013-12-01 12:14:02","2013-12-01 12:19:37","421","Clermont Ave & Park Ave","40.69573398","-73.97129668","324","DeKalb Ave & Hudson Ave","40.689888","-73.981013","15003","Subscriber","1983","1"
"791","2013-12-01 12:14:05","2013-12-01 12:27:16","150","E 2 St & Avenue C","40.7208736","-73.98085795","2010","Grand St & Greene St","40.72165481","-74.00234737","14565","Subscriber","1989","1"
"214","2013-12-01 12:14:07","2013-12-01 12:17:41","263","Elizabeth St & Hester St","40.71729","-73.996375","531","Forsyth St & Broome St","40.71893904","-73.99266288","16863","Subscriber","1967","1"
"685","2013-12-01 12:14:12","2013-12-01 12:25:37","490","8 Ave & W 33 St","40.751551","-73.993934","509","9 Ave & W 22 St","40.7454973","-74.00197139","19244","Subscriber","1983","2"
"522","2013-12-01 12:14:19","2013-12-01 12:23:01","72","W 52 St & 11 Ave","40.76727216","-73.99392888","493","W 45 St & 6 Ave","40.7568001","-73.98291153","18835","Subscriber","1962","1"
"264","2013-12-01 12:14:19","2013-12-01 12:18:43","147","Greenwich St & Warren St","40.71542197","-74.01121978","3002","South End Ave & Liberty St","40.711512","-74.015756","16138","Subscriber","1977","1"
"483","2013-12-01 12:14:25","2013-12-01 12:22:28","459","W 20 St & 11 Ave","40.746745","-74.007756","459","W 20 St & 11 Ave","40.746745","-74.007756","19050","Subscriber","1951","1"
"425","2013-12-01 12:14:35","2013-12-01 12:21:40","301","E 2 St & Avenue B","40.72217444","-73.98368779","375","Mercer St & Bleecker St","40.72679454","-73.99695094","16885","Subscriber","1969","1"
"280","2013-12-01 12:14:35","2013-12-01 12:19:15","233","Joralemon St & Adams St","40.69246277","-73.98963911","398","Atlantic Ave & Furman St","40.69165183","-73.9999786","20848","Subscriber","1985","2"
"118","2013-12-01 12:14:36","2013-12-01 12:16:34","326","E 11 St & 1 Ave","40.72953837","-73.98426726","459","W 20 St & 11 Ave","40.746745","-74.007756","18680","Subscriber","1990","1"
"1549","2013-12-01 12:14:38","2013-12-01 12:40:27","426","West St & Chambers St","40.71754834","-74.01322069","497","E 17 St & Broadway","40.73704984","-73.99009296","19120","Customer",\N,"0"
"485","2013-12-01 12:14:40","2013-12-01 12:22:45","317","E 6 St & Avenue B","40.72453734","-73.98185424","297","E 15 St & 3 Ave","40.734232","-73.986923","17970","Subscriber","1991","1"
"372","2013-12-01 12:14:40","2013-12-01 12:20:52","262","Washington Park","40.69178232","-73.97372989","399","Lafayette Ave & St James Pl","40.68851534","-73.9647628","20985","Subscriber","1978","1"
"539","2013-12-01 12:14:44","2013-12-01 12:23:43","484","W 44 St & 5 Ave","40.75500254","-73.98014437","457","Broadway & W 58 St","40.76695317","-73.98169333","20524","Subscriber","1967","1"
"685","2013-12-01 12:14:51","2013-12-01 12:26:16","475","E 16 St & Irving Pl","40.73524276","-73.98758561","320","Church St & Leonard St","40.71743998","-74.00583475","20114","Subscriber","1987","1"
"1035","2013-12-01 12:14:55","2013-12-01 12:32:10","499","Broadway & W 60 St","40.76915505","-73.98191841","509","9 Ave & W 22 St","40.7454973","-74.00197139","19289","Subscriber","1987","1"
"486","2013-12-01 12:14:58","2013-12-01 12:23:04","329","Greenwich St & N Moore St","40.72043411","-74.01020609","224","Spruce St & Nassau St","40.71146364","-74.00552427","17955","Subscriber","1953","1"
"1644","2013-12-01 12:14:58","2013-12-01 12:42:22","386","Centre St & Worth St","40.71494807","-74.00234482","392","Jay St & Tech Pl","40.695065","-73.987167","16084","Customer",\N,"0"
"1184","2013-12-01 12:15:10","2013-12-01 12:34:54","426","West St & Chambers St","40.71754834","-74.01322069","297","E 15 St & 3 Ave","40.734232","-73.986923","16474","Subscriber","1976","1"
"1963","2013-12-01 12:15:14","2013-12-01 12:47:57","137","E 56 St & Madison Ave","40.761628","-73.972924","386","Centre St & Worth St","40.71494807","-74.00234482","15885","Customer",\N,"0"
"1680","2013-12-01 12:15:18","2013-12-01 12:43:18","447","8 Ave & W 52 St","40.76370739","-73.9851615","433","E 13 St & Avenue A","40.72955361","-73.98057249","19927","Subscriber","1988","1"
"1245","2013-12-01 12:15:23","2013-12-01 12:36:08","494","W 26 St & 8 Ave","40.74734825","-73.99723551","422","W 59 St & 10 Ave","40.770513","-73.988038","20532","Subscriber","1980","2"
"165","2013-12-01 12:15:26","2013-12-01 12:18:11","347","W Houston St & Hudson St","40.72873888","-74.00748842","128","MacDougal St & Prince St","40.72710258","-74.00297088","19750","Subscriber","1973","2"
"691","2013-12-01 12:15:29","2013-12-01 12:27:00","459","W 20 St & 11 Ave","40.746745","-74.007756","488","W 39 St & 9 Ave","40.75645824","-73.99372222","19168","Subscriber","1978","1"
"765","2013-12-01 12:15:30","2013-12-01 12:28:15","247","Perry St & Bleecker St","40.73535398","-74.00483091","496","E 16 St & 5 Ave","40.73726186","-73.99238967","15173","Subscriber","1986","2"
"1605","2013-12-01 12:15:36","2013-12-01 12:42:21","386","Centre St & Worth St","40.71494807","-74.00234482","392","Jay St & Tech Pl","40.695065","-73.987167","15451","Customer",\N,"0"
"175","2013-12-01 12:15:43","2013-12-01 12:18:38","500","Broadway & W 51 St","40.76228826","-73.98336183","457","Broadway & W 58 St","40.76695317","-73.98169333","17742","Subscriber","1985","2"
"559","2013-12-01 12:15:48","2013-12-01 12:25:07","143","Clinton St & Joralemon St","40.69239502","-73.99337909","467","Dean St & 4 Ave","40.68312489","-73.97895137","17287","Subscriber","1970","1"
"985","2013-12-01 12:15:49","2013-12-01 12:32:14","301","E 2 St & Avenue B","40.72217444","-73.98368779","380","W 4 St & 7 Ave S","40.73401143","-74.00293877","18984","Subscriber","1970","1"
"190","2013-12-01 12:15:56","2013-12-01 12:19:06","449","W 52 St & 9 Ave","40.76461837","-73.98789473","479","9 Ave & W 45 St","40.76019252","-73.9912551","20080","Subscriber","1983","1"
"294","2013-12-01 12:15:57","2013-12-01 12:20:51","469","Broadway & W 53 St","40.76344058","-73.98268129","450","W 49 St & 8 Ave","40.76227205","-73.98788205","16850","Subscriber","1972","1"
"174","2013-12-01 12:16:00","2013-12-01 12:18:54","449","W 52 St & 9 Ave","40.76461837","-73.98789473","479","9 Ave & W 45 St","40.76019252","-73.9912551","17832","Subscriber","1986","2"
"1199","2013-12-01 12:16:03","2013-12-01 12:36:02","494","W 26 St & 8 Ave","40.74734825","-73.99723551","422","W 59 St & 10 Ave","40.770513","-73.988038","14927","Subscriber","1985","1"
"367","2013-12-01 12:16:03","2013-12-01 12:22:10","394","E 9 St & Avenue C","40.72521311","-73.97768752","341","Stanton St & Mangin St","40.71782143","-73.97628939","18235","Subscriber","1943","2"
"194","2013-12-01 12:16:10","2013-12-01 12:19:24","493","W 45 St & 6 Ave","40.7568001","-73.98291153","484","W 44 St & 5 Ave","40.75500254","-73.98014437","20213","Subscriber","1958","1"
"523","2013-12-01 12:16:11","2013-12-01 12:24:54","368","Carmine St & 6 Ave","40.73038599","-74.00214988","251","Mott St & Prince St","40.72317958","-73.99480012","18312","Subscriber","1982","1"
"535","2013-12-01 12:16:12","2013-12-01 12:25:07","435","W 21 St & 6 Ave","40.74173969","-73.99415556","438","St Marks Pl & 1 Ave","40.72779126","-73.98564945","15419","Subscriber","1986","1"
"1081","2013-12-01 12:16:12","2013-12-01 12:34:13","2002","Wythe Ave & Metropolitan Ave","40.716887","-73.963198","356","Bialystoker Pl & Delancey St","40.71622644","-73.98261206","14925","Customer",\N,"0"
"323","2013-12-01 12:16:13","2013-12-01 12:21:36","348","W Broadway & Spring St","40.72490985","-74.00154702","294","Washington Square E","40.73049393","-73.9957214","18371","Subscriber","1984","1"
"470","2013-12-01 12:16:18","2013-12-01 12:24:08","361","Allen St & Hester St","40.71605866","-73.99190759","375","Mercer St & Bleecker St","40.72679454","-73.99695094","15962","Subscriber","1982","1"
"737","2013-12-01 12:16:20","2013-12-01 12:28:37","444","Broadway & W 24 St","40.7423543","-73.98915076","518","E 39 St & 2 Ave","40.74780373","-73.9734419","18837","Subscriber","1982","2"
"1061","2013-12-01 12:16:29","2013-12-01 12:34:10","2002","Wythe Ave & Metropolitan Ave","40.716887","-73.963198","356","Bialystoker Pl & Delancey St","40.71622644","-73.98261206","17657","Subscriber","1982","1"
"482","2013-12-01 12:16:34","2013-12-01 12:24:36","445","E 10 St & Avenue A","40.72740794","-73.98142006","497","E 17 St & Broadway","40.73704984","-73.99009296","19060","Customer",\N,"0"
"516","2013-12-01 12:16:38","2013-12-01 12:25:14","480","W 53 St & 10 Ave","40.76669671","-73.99061728","352","W 56 St & 6 Ave","40.76340613","-73.97722479","16208","Subscriber","1990","1"
"1520","2013-12-01 12:16:45","2013-12-01 12:42:05","386","Centre St & Worth St","40.71494807","-74.00234482","392","Jay St & Tech Pl","40.695065","-73.987167","19123","Customer",\N,"0"
"179","2013-12-01 12:16:50","2013-12-01 12:19:49","354","Emerson Pl & Myrtle Ave","40.69363137","-73.96223558","364","Lafayette Ave & Classon Ave","40.68900443","-73.96023854","18612","Subscriber","1986","1"
"430","2013-12-01 12:16:52","2013-12-01 12:24:02","358","Christopher St & Greenwich St","40.73291553","-74.00711384","382","University Pl & E 14 St","40.73492695","-73.99200509","19635","Subscriber","1981","1"
"756","2013-12-01 12:16:55","2013-12-01 12:29:31","380","W 4 St & 7 Ave S","40.73401143","-74.00293877","490","8 Ave & W 33 St","40.751551","-73.993934","20118","Subscriber","1978","1"
"510","2013-12-01 12:16:58","2013-12-01 12:25:28","382","University Pl & E 14 St","40.73492695","-73.99200509","453","W 22 St & 8 Ave","40.74475148","-73.99915362","20069","Subscriber","1989","2"
"1566","2013-12-01 12:16:58","2013-12-01 12:43:04","263","Elizabeth St & Hester St","40.71729","-73.996375","540","Lexington Ave & E 26 St","40.74147286","-73.98320928","16211","Subscriber","1984","2"
"1445","2013-12-01 12:17:00","2013-12-01 12:41:05","327","Vesey Pl & River Terrace","40.7153379","-74.01658354","477","W 41 St & 8 Ave","40.75640548","-73.9900262","16384","Subscriber","1980","1"
"761","2013-12-01 12:17:05","2013-12-01 12:29:46","450","W 49 St & 8 Ave","40.76227205","-73.98788205","470","W 20 St & 8 Ave","40.74345335","-74.00004031","15441","Subscriber","1987","1"
"257","2013-12-01 12:17:12","2013-12-01 12:21:29","348","W Broadway & Spring St","40.72490985","-74.00154702","323","Lawrence St & Willoughby St","40.69236178","-73.98631746","20955","Subscriber","1961","1"
"438","2013-12-01 12:17:15","2013-12-01 12:24:33","324","DeKalb Ave & Hudson Ave","40.689888","-73.981013","323","Lawrence St & Willoughby St","40.69236178","-73.98631746","20006","Subscriber","1986","1"
"408","2013-12-01 12:17:23","2013-12-01 12:24:11","459","W 20 St & 11 Ave","40.746745","-74.007756","345","W 13 St & 6 Ave","40.73649403","-73.99704374","18680","Subscriber","1976","2"
"1018","2013-12-01 12:17:26","2013-12-01 12:34:24","405","Washington St & Gansevoort St","40.739323","-74.008119","2010","Grand St & Greene St","40.72165481","-74.00234737","19546","Subscriber","1979","2"
"1605","2013-12-01 12:17:26","2013-12-01 12:44:11","475","E 16 St & Irving Pl","40.73524276","-73.98758561","316","Fulton St & William St","40.70955958","-74.00653609","15064","Customer",\N,"0"
"239","2013-12-01 12:17:27","2013-12-01 12:21:26","262","Washington Park","40.69178232","-73.97372989","324","DeKalb Ave & Hudson Ave","40.689888","-73.981013","21005","Subscriber","1979","1"
"1825","2013-12-01 12:17:30","2013-12-01 12:47:55","137","E 56 St & Madison Ave","40.761628","-73.972924","386","Centre St & Worth St","40.71494807","-74.00234482","15905","Customer",\N,"0"
"403","2013-12-01 12:17:30","2013-12-01 12:24:13","237","E 11 St & 2 Ave","40.73047309","-73.98672378","345","W 13 St & 6 Ave","40.73649403","-73.99704374","15618","Subscriber","1974","2"
"305","2013-12-01 12:17:35","2013-12-01 12:22:40","327","Vesey Pl & River Terrace","40.7153379","-74.01658354","328","Watts St & Greenwich St","40.72405549","-74.00965965","17436","Subscriber","1952","1"
"138","2013-12-01 12:17:36","2013-12-01 12:19:54","470","W 20 St & 8 Ave","40.74345335","-74.00004031","334","W 20 St & 7 Ave","40.74238787","-73.99726235","18336","Subscriber","1960","2"
"273","2013-12-01 12:17:36","2013-12-01 12:22:09","252","MacDougal St & Washington Sq","40.73226398","-73.99852205","483","E 12 St & 3 Ave","40.73223272","-73.98889957","16853","Subscriber","1959","1"
"581","2013-12-01 12:17:39","2013-12-01 12:27:20","545","E 23 St & 1 Ave","40.736502","-73.97809472","402","Broadway & E 22 St","40.7403432","-73.98955109","17894","Subscriber","1968","1"
"407","2013-12-01 12:17:41","2013-12-01 12:24:28","309","Murray St & West St","40.7149787","-74.013012","355","Bayard St & Baxter St","40.71602118","-73.99974372","14738","Subscriber","1980","1"
"686","2013-12-01 12:17:48","2013-12-01 12:29:14","447","8 Ave & W 52 St","40.76370739","-73.9851615","485","W 37 St & 5 Ave","40.75038009","-73.98338988","15606","Customer",\N,"0"
"867","2013-12-01 12:17:50","2013-12-01 12:32:17","293","Lafayette St & E 8 St","40.73028666","-73.9907647","332","Cherry St","40.71219906","-73.97948148","19601","Subscriber","1981","2"
"541","2013-12-01 12:17:51","2013-12-01 12:26:52","466","W 25 St & 6 Ave","40.74395411","-73.99144871","459","W 20 St & 11 Ave","40.746745","-74.007756","20703","Subscriber","1984","1"
"479","2013-12-01 12:17:51","2013-12-01 12:25:50","431","Hanover Pl & Livingston St","40.68864636","-73.98263429","314","Montague St & Clinton St","40.69424674","-73.99215922","20875","Subscriber","1959","1"
"278","2013-12-01 12:18:00","2013-12-01 12:22:38","248","Laight St & Hudson St","40.72185379","-74.00771779","147","Greenwich St & Warren St","40.71542197","-74.01121978","16213","Subscriber","1960","1"
"634","2013-12-01 12:18:03","2013-12-01 12:28:37","435","W 21 St & 6 Ave","40.74173969","-73.99415556","504","1 Ave & E 15 St","40.73221853","-73.98165557","16412","Subscriber","1983","2"
"1260","2013-12-01 12:18:06","2013-12-01 12:39:06","317","E 6 St & Avenue B","40.72453734","-73.98185424","351","Front St & Maiden Ln","40.70530954","-74.00612572","19165","Subscriber","1989","1"
"1128","2013-12-01 12:18:08","2013-12-01 12:36:56","501","FDR Drive & E 35 St","40.744219","-73.97121214","167","E 39 St & 3 Ave","40.7489006","-73.97604882","14777","Subscriber","1979","1"
"169","2013-12-01 12:18:10","2013-12-01 12:20:59","470","W 20 St & 8 Ave","40.74345335","-74.00004031","453","W 22 St & 8 Ave","40.74475148","-73.99915362","19371","Subscriber","1953","1"
"770","2013-12-01 12:18:11","2013-12-01 12:31:01","350","Clinton St & Grand St","40.71559509","-73.9870295","545","E 23 St & 1 Ave","40.736502","-73.97809472","15470","Subscriber","1973","1"
"229","2013-12-01 12:18:19","2013-12-01 12:22:08","294","Washington Square E","40.73049393","-73.9957214","128","MacDougal St & Prince St","40.72710258","-74.00297088","19748","Subscriber","1986","1"
"175","2013-12-01 12:18:20","2013-12-01 12:21:15","403","E 2 St & 2 Ave","40.72502876","-73.99069656","301","E 2 St & Avenue B","40.72217444","-73.98368779","20231","Subscriber","1981","1"
"198","2013-12-01 12:18:24","2013-12-01 12:21:42","168","W 18 St & 6 Ave","40.73971301","-73.99456405","466","W 25 St & 6 Ave","40.74395411","-73.99144871","17121","Subscriber","1965","1"
"320","2013-12-01 12:18:32","2013-12-01 12:23:52","264","Maiden Ln & Pearl St","40.70706456","-74.00731853","259","South St & Whitehall St","40.70122128","-74.01234218","20564","Subscriber","1962","1"
"531","2013-12-01 12:18:33","2013-12-01 12:27:24","519","Pershing Square N","40.75188406","-73.97770164","497","E 17 St & Broadway","40.73704984","-73.99009296","15034","Subscriber","1979","1"
"776","2013-12-01 12:18:34","2013-12-01 12:31:30","405","Washington St & Gansevoort St","40.739323","-74.008119","147","Greenwich St & Warren St","40.71542197","-74.01121978","17397","Subscriber","1959","1"
"1739","2013-12-01 12:18:41","2013-12-01 12:47:40","281","Grand Army Plaza & Central Park S","40.7643971","-73.97371465","521","8 Ave & W 31 St","40.75044999","-73.99481051","18162","Customer",\N,"0"
"1738","2013-12-01 12:18:43","2013-12-01 12:47:41","281","Grand Army Plaza & Central Park S","40.7643971","-73.97371465","521","8 Ave & W 31 St","40.75044999","-73.99481051","17308","Customer",\N,"0"
"638","2013-12-01 12:18:44","2013-12-01 12:29:22","285","Broadway & E 14 St","40.73454567","-73.99074142","285","Broadway & E 14 St","40.73454567","-73.99074142","18653","Customer",\N,"0"
"312","2013-12-01 12:18:44","2013-12-01 12:23:56","270","Adelphi St & Myrtle Ave","40.69308257","-73.97178913","274","Lafayette Ave & Fort Greene Pl","40.68691865","-73.976682","18862","Subscriber","1975","1"
"494","2013-12-01 12:18:44","2013-12-01 12:26:58","167","E 39 St & 3 Ave","40.7489006","-73.97604882","498","Broadway & W 32 St","40.74854862","-73.98808416","15105","Subscriber","1960","1"
"195","2013-12-01 12:18:47","2013-12-01 12:22:02","323","Lawrence St & Willoughby St","40.69236178","-73.98631746","395","Bond St & Schermerhorn St","40.68807003","-73.98410637","20994","Subscriber","1993","1"
"1004","2013-12-01 12:19:06","2013-12-01 12:35:50","364","Lafayette Ave & Classon Ave","40.68900443","-73.96023854","233","Joralemon St & Adams St","40.69246277","-73.98963911","18251","Customer",\N,"0"
"637","2013-12-01 12:19:14","2013-12-01 12:29:51","251","Mott St & Prince St","40.72317958","-73.99480012","345","W 13 St & 6 Ave","40.73649403","-73.99704374","19503","Subscriber","1989","2"
"429","2013-12-01 12:19:19","2013-12-01 12:26:28","507","E 25 St & 2 Ave","40.73912601","-73.97973776","403","E 2 St & 2 Ave","40.72502876","-73.99069656","20952","Subscriber","1988","1"
"419","2013-12-01 12:19:23","2013-12-01 12:26:22","195","Liberty St & Broadway","40.70905623","-74.01043382","308","St James Pl & Oliver St","40.71307916","-73.99851193","18108","Subscriber","1980","1"
"426","2013-12-01 12:19:26","2013-12-01 12:26:32","462","W 22 St & 10 Ave","40.74691959","-74.00451887","402","Broadway & E 22 St","40.7403432","-73.98955109","14619","Subscriber","1961","1"
"354","2013-12-01 12:19:29","2013-12-01 12:25:23","395","Bond St & Schermerhorn St","40.68807003","-73.98410637","420","Clermont Ave & Lafayette Ave","40.68764484","-73.96968902","14628","Subscriber","1983","1"
"215","2013-12-01 12:19:31","2013-12-01 12:23:06","472","E 32 St & Park Ave","40.7457121","-73.98194829","540","Lexington Ave & E 26 St","40.74147286","-73.98320928","15089","Subscriber","1982","2"
"204","2013-12-01 12:19:34","2013-12-01 12:22:58","472","E 32 St & Park Ave","40.7457121","-73.98194829","540","Lexington Ave & E 26 St","40.74147286","-73.98320928","20788","Subscriber","1981","1"
"1700","2013-12-01 12:19:37","2013-12-01 12:47:57","281","Grand Army Plaza & Central Park S","40.7643971","-73.97371465","521","8 Ave & W 31 St","40.75044999","-73.99481051","18811","Customer",\N,"0"
"178","2013-12-01 12:19:40","2013-12-01 12:22:38","540","Lexington Ave & E 26 St","40.74147286","-73.98320928","528","2 Ave & E 31 St","40.74290902","-73.97706058","17879","Subscriber","1986","1"
"1688","2013-12-01 12:19:40","2013-12-01 12:47:48","281","Grand Army Plaza & Central Park S","40.7643971","-73.97371465","521","8 Ave & W 31 St","40.75044999","-73.99481051","19981","Customer",\N,"0"
"1935","2013-12-01 12:19:44","2013-12-01 12:51:59","391","Clark St & Henry St","40.69760127","-73.99344559","403","E 2 St & 2 Ave","40.72502876","-73.99069656","17234","Subscriber","1975","2"
"314","2013-12-01 12:19:49","2013-12-01 12:25:03","363","West Thames St","40.70834698","-74.01713445","426","West St & Chambers St","40.71754834","-74.01322069","18417","Subscriber","1990","1"
"641","2013-12-01 12:19:52","2013-12-01 12:30:33","447","8 Ave & W 52 St","40.76370739","-73.9851615","447","8 Ave & W 52 St","40.76370739","-73.9851615","17217","Customer",\N,"0"
"939","2013-12-01 12:20:02","2013-12-01 12:35:41","264","Maiden Ln & Pearl St","40.70706456","-74.00731853","301","E 2 St & Avenue B","40.72217444","-73.98368779","17242","Subscriber","1973","1"
"453","2013-12-01 12:20:05","2013-12-01 12:27:38","225","W 14 St & The High Line","40.74195138","-74.00803013","446","W 24 St & 7 Ave","40.74487634","-73.99529885","18302","Subscriber","1988","1"
"272","2013-12-01 12:20:06","2013-12-01 12:24:38","358","Christopher St & Greenwich St","40.73291553","-74.00711384","284","Greenwich Ave & 8 Ave","40.7390169121","-74.0026376103","17842","Subscriber","1968","1"
"201","2013-12-01 12:20:06","2013-12-01 12:23:27","494","W 26 St & 8 Ave","40.74734825","-73.99723551","446","W 24 St & 7 Ave","40.74487634","-73.99529885","20311","Subscriber","1975","2"
"645","2013-12-01 12:20:10","2013-12-01 12:30:55","435","W 21 St & 6 Ave","40.74173969","-73.99415556","167","E 39 St & 3 Ave","40.7489006","-73.97604882","19888","Subscriber","1987","1"
"711","2013-12-01 12:20:17","2013-12-01 12:32:08","442","W 27 St & 7 Ave","40.746647","-73.993915","484","W 44 St & 5 Ave","40.75500254","-73.98014437","19225","Subscriber","1967","2"
"527","2013-12-01 12:20:23","2013-12-01 12:29:10","505","6 Ave & W 33 St","40.74901271","-73.98848395","352","W 56 St & 6 Ave","40.76340613","-73.97722479","18810","Subscriber","1966","1"
"324","2013-12-01 12:20:35","2013-12-01 12:25:59","116","W 17 St & 8 Ave","40.74177603","-74.00149746","497","E 17 St & Broadway","40.73704984","-73.99009296","16128","Subscriber","1986","1"
"790","2013-12-01 12:20:36","2013-12-01 12:33:46","243","Fulton St & Rockwell Pl","40.687979","-73.978474","434","9 Ave & W 18 St","40.74317449","-74.00366443","14725","Subscriber","1940","1"
"944","2013-12-01 12:20:36","2013-12-01 12:36:20","518","E 39 St & 2 Ave","40.74780373","-73.9734419","520","W 52 St & 5 Ave","40.75992262","-73.97648516","18531","Subscriber","1988","1"
"488","2013-12-01 12:20:36","2013-12-01 12:28:44","358","Christopher St & Greenwich St","40.73291553","-74.00711384","335","Washington Pl & Broadway","40.72903917","-73.99404649","18652","Subscriber","1972","1"
"695","2013-12-01 12:20:40","2013-12-01 12:32:15","516","E 47 St & 1 Ave","40.75206862","-73.96784384","538","W 49 St & 5 Ave","40.75795248","-73.97787642","19490","Customer",\N,"0"
"614","2013-12-01 12:20:40","2013-12-01 12:30:54","151","Cleveland Pl & Spring St","40.7218158","-73.99720307","285","Broadway & E 14 St","40.73454567","-73.99074142","19590","Subscriber","1985","2"
"934","2013-12-01 12:20:42","2013-12-01 12:36:16","518","E 39 St & 2 Ave","40.74780373","-73.9734419","520","W 52 St & 5 Ave","40.75992262","-73.97648516","15744","Subscriber","1988","2"
"329","2013-12-01 12:20:45","2013-12-01 12:26:14","2000","Front St & Washington St","40.70255088","-73.98940236","314","Montague St & Clinton St","40.69424674","-73.99215922","14761","Subscriber","1971","1"
"430","2013-12-01 12:20:46","2013-12-01 12:27:56","348","W Broadway & Spring St","40.72490985","-74.00154702","151","Cleveland Pl & Spring St","40.7218158","-73.99720307","17140","Subscriber","1970","2"
"1145","2013-12-01 12:20:56","2013-12-01 12:40:01","304","Broadway & Battery Pl","40.70463334","-74.01361706","306","Cliff St & Fulton St","40.70823502","-74.00530063","18943","Customer",\N,"0"
"1527","2013-12-01 12:20:57","2013-12-01 12:46:24","457","Broadway & W 58 St","40.76695317","-73.98169333","497","E 17 St & Broadway","40.73704984","-73.99009296","17840","Customer",\N,"0"
"677","2013-12-01 12:20:58","2013-12-01 12:32:15","382","University Pl & E 14 St","40.73492695","-73.99200509","303","Mercer St & Spring St","40.72362738","-73.99949601","19194","Subscriber","1971","1"
"1120","2013-12-01 12:20:58","2013-12-01 12:39:38","229","Great Jones St","40.72743423","-73.99379025","348","W Broadway & Spring St","40.72490985","-74.00154702","16486","Customer",\N,"0"
"120","2013-12-01 12:20:59","2013-12-01 12:22:59","323","Lawrence St & Willoughby St","40.69236178","-73.98631746","375","Mercer St & Bleecker St","40.72679454","-73.99695094","20090","Subscriber","1984","1"
"447","2013-12-01 12:21:04","2013-12-01 12:28:31","368","Carmine St & 6 Ave","40.73038599","-74.00214988","496","E 16 St & 5 Ave","40.73726186","-73.99238967","18642","Subscriber","1958","2"
"645","2013-12-01 12:21:06","2013-12-01 12:31:51","448","W 37 St & 10 Ave","40.75660359","-73.9979009","469","Broadway & W 53 St","40.76344058","-73.98268129","17143","Subscriber","1988","2"
"590","2013-12-01 12:21:08","2013-12-01 12:30:58","3002","South End Ave & Liberty St","40.711512","-74.015756","309","Murray St & West St","40.7149787","-74.013012","16138","Subscriber","1980","1"
"1153","2013-12-01 12:21:08","2013-12-01 12:40:21","304","Broadway & Battery Pl","40.70463334","-74.01361706","306","Cliff St & Fulton St","40.70823502","-74.00530063","17346","Customer",\N,"0"
"324","2013-12-01 12:21:15","2013-12-01 12:26:39","474","5 Ave & E 29 St","40.7451677","-73.98683077","168","W 18 St & 6 Ave","40.73971301","-73.99456405","16017","Subscriber","1973","1"
"1012","2013-12-01 12:21:16","2013-12-01 12:38:08","476","E 31 St & 3 Ave","40.74394314","-73.97966069","449","W 52 St & 9 Ave","40.76461837","-73.98789473","15377","Subscriber","1973","1"
"1133","2013-12-01 12:21:20","2013-12-01 12:40:13","304","Broadway & Battery Pl","40.70463334","-74.01361706","306","Cliff St & Fulton St","40.70823502","-74.00530063","17803","Customer",\N,"0"
"606","2013-12-01 12:21:20","2013-12-01 12:31:26","402","Broadway & E 22 St","40.7403432","-73.98955109","521","8 Ave & W 31 St","40.75044999","-73.99481051","19501","Subscriber","1972","2"
"78","2013-12-01 12:21:21","2013-12-01 12:22:39","264","Maiden Ln & Pearl St","40.70706456","-74.00731853","376","John St & William St","40.70862144","-74.00722156","15264","Subscriber","1993","1"
"636","2013-12-01 12:21:26","2013-12-01 12:32:02","516","E 47 St & 1 Ave","40.75206862","-73.96784384","538","W 49 St & 5 Ave","40.75795248","-73.97787642","20031","Customer",\N,"0"
"1440","2013-12-01 12:21:26","2013-12-01 12:45:26","513","W 56 St & 10 Ave","40.768254","-73.988639","509","9 Ave & W 22 St","40.7454973","-74.00197139","15260","Customer",\N,"0"
"725","2013-12-01 12:21:27","2013-12-01 12:33:32","426","West St & Chambers St","40.71754834","-74.01322069","348","W Broadway & Spring St","40.72490985","-74.00154702","16598","Subscriber","1969","1"
"1877","2013-12-01 12:21:28","2013-12-01 12:52:45","376","John St & William St","40.70862144","-74.00722156","293","Lafayette St & E 8 St","40.73028666","-73.9907647","18806","Subscriber","1980","2"
"1025","2013-12-01 12:21:30","2013-12-01 12:38:35","426","West St & Chambers St","40.71754834","-74.01322069","250","Lafayette St & Jersey St","40.72456089","-73.99565293","20348","Subscriber","1976","2"
"301","2013-12-01 12:21:35","2013-12-01 12:26:36","465","Broadway & W 41 St","40.75513557","-73.98658032","488","W 39 St & 9 Ave","40.75645824","-73.99372222","15973","Subscriber","1991","1"
"1025","2013-12-01 12:21:35","2013-12-01 12:38:40","461","E 20 St & 2 Ave","40.73587678","-73.98205027","461","E 20 St & 2 Ave","40.73587678","-73.98205027","17958","Subscriber","1965","1"
"771","2013-12-01 12:21:36","2013-12-01 12:34:27","293","Lafayette St & E 8 St","40.73028666","-73.9907647","454","E 51 St & 1 Ave","40.75455731","-73.96592976","18318","Subscriber","1987","1"
"595","2013-12-01 12:21:45","2013-12-01 12:31:40","3002","South End Ave & Liberty St","40.711512","-74.015756","309","Murray St & West St","40.7149787","-74.013012","16867","Subscriber","1977","2"
"1825","2013-12-01 12:21:46","2013-12-01 12:52:11","391","Clark St & Henry St","40.69760127","-73.99344559","403","E 2 St & 2 Ave","40.72502876","-73.99069656","16577","Subscriber","1973","1"
"1582","2013-12-01 12:21:49","2013-12-01 12:48:11","2002","Wythe Ave & Metropolitan Ave","40.716887","-73.963198","355","Bayard St & Baxter St","40.71602118","-73.99974372","18075","Subscriber","1973","2"
"804","2013-12-01 12:21:49","2013-12-01 12:35:13","152","Warren St & Church St","40.71473993","-74.00910627","380","W 4 St & 7 Ave S","40.73401143","-74.00293877","15181","Subscriber","1957","1"
"1323","2013-12-01 12:21:50","2013-12-01 12:43:53","405","Washington St & Gansevoort St","40.739323","-74.008119","426","West St & Chambers St","40.71754834","-74.01322069","15875","Customer",\N,"0"
"365","2013-12-01 12:21:58","2013-12-01 12:28:03","284","Greenwich Ave & 8 Ave","40.7390169121","-74.0026376103","435","W 21 St & 6 Ave","40.74173969","-73.99415556","15078","Subscriber","1969","1"
"230","2013-12-01 12:21:58","2013-12-01 12:25:48","439","E 4 St & 2 Ave","40.7262807","-73.98978041","326","E 11 St & 1 Ave","40.72953837","-73.98426726","16705","Subscriber","1964","1"
"692","2013-12-01 12:22:04","2013-12-01 12:33:36","516","E 47 St & 1 Ave","40.75206862","-73.96784384","498","Broadway & W 32 St","40.74854862","-73.98808416","15964","Subscriber","1983","1"
"449","2013-12-01 12:22:09","2013-12-01 12:29:38","445","E 10 St & Avenue A","40.72740794","-73.98142006","507","E 25 St & 2 Ave","40.73912601","-73.97973776","19831","Subscriber","1986","1"
"431","2013-12-01 12:22:13","2013-12-01 12:29:24","537","Lexington Ave & E 24 St","40.74025878","-73.98409214","498","Broadway & W 32 St","40.74854862","-73.98808416","19021","Subscriber","1953","1"
"503","2013-12-01 12:22:14","2013-12-01 12:30:37","349","Rivington St & Ridge St","40.71850211","-73.98329859","412","Forsyth St & Canal St","40.7158155","-73.99422366","19131","Subscriber","1957","1"
"1540","2013-12-01 12:22:16","2013-12-01 12:47:56","2002","Wythe Ave & Metropolitan Ave","40.716887","-73.963198","355","Bayard St & Baxter St","40.71602118","-73.99974372","18907","Subscriber","1973","1"
"1962","2013-12-01 12:22:31","2013-12-01 12:55:13","383","Greenwich Ave & Charles St","40.735238","-74.000271","532","S 5 Pl & S 4 St","40.710451","-73.960876","17459","Customer",\N,"0"
"135","2013-12-01 12:22:32","2013-12-01 12:24:47","376","John St & William St","40.70862144","-74.00722156","360","William St & Pine St","40.70717936","-74.00887308","15753","Subscriber","1988","2"
"868","2013-12-01 12:22:37","2013-12-01 12:37:05","457","Broadway & W 58 St","40.76695317","-73.98169333","514","12 Ave & W 40 St","40.76087502","-74.00277668","17742","Customer",\N,"0"
"393","2013-12-01 12:22:43","2013-12-01 12:29:16","476","E 31 St & 3 Ave","40.74394314","-73.97966069","461","E 20 St & 2 Ave","40.73587678","-73.98205027","16153","Subscriber","1980","2"
"906","2013-12-01 12:22:48","2013-12-01 12:37:54","327","Vesey Pl & River Terrace","40.7153379","-74.01658354","348","W Broadway & Spring St","40.72490985","-74.00154702","15066","Subscriber","1969","1"
"473","2013-12-01 12:22:51","2013-12-01 12:30:44","284","Greenwich Ave & 8 Ave","40.7390169121","-74.0026376103","334","W 20 St & 7 Ave","40.74238787","-73.99726235","19637","Subscriber","1961","1"
"1022","2013-12-01 12:22:52","2013-12-01 12:39:54","490","8 Ave & W 33 St","40.751551","-73.993934","513","W 56 St & 10 Ave","40.768254","-73.988639","16620","Subscriber","1965","2"
"594","2013-12-01 12:22:52","2013-12-01 12:32:46","435","W 21 St & 6 Ave","40.74173969","-73.99415556","254","W 11 St & 6 Ave","40.73532427","-73.99800419","18046","Subscriber","1955","2"
"2594","2013-12-01 12:22:54","2013-12-01 13:06:08","447","8 Ave & W 52 St","40.76370739","-73.9851615","281","Grand Army Plaza & Central Park S","40.7643971","-73.97371465","18856","Subscriber","1980","1"
"733","2013-12-01 12:23:02","2013-12-01 12:35:15","390","Duffield St & Willoughby St","40.69221589","-73.9842844","275","Washington Ave & Greene Ave","40.68650065","-73.96563307","19596","Subscriber","1982","2"
"543","2013-12-01 12:23:09","2013-12-01 12:32:12","153","E 40 St & 5 Ave","40.752062307","-73.9816324043","334","W 20 St & 7 Ave","40.74238787","-73.99726235","17837","Subscriber","1961","1"
"2351","2013-12-01 12:23:11","2013-12-01 13:02:22","79","Franklin St & W Broadway","40.71911552","-74.00666661","2022","E 59 St & Sutton Pl","40.75849116","-73.95920622","20027","Subscriber","1964","1"
"757","2013-12-01 12:23:19","2013-12-01 12:35:56","514","12 Ave & W 40 St","40.76087502","-74.00277668","225","W 14 St & The High Line","40.74195138","-74.00803013","17608","Subscriber","1969","2"
"443","2013-12-01 12:23:22","2013-12-01 12:30:45","323","Lawrence St & Willoughby St","40.69236178","-73.98631746","346","Bank St & Hudson St","40.73652889","-74.00618026","16013","Subscriber","1989","1"
"133","2013-12-01 12:23:24","2013-12-01 12:25:37","262","Washington Park","40.69178232","-73.97372989","416","Cumberland St & Lafayette Ave","40.68753406","-73.97265183","16142","Subscriber","1976","1"
"955","2013-12-01 12:23:26","2013-12-01 12:39:21","490","8 Ave & W 33 St","40.751551","-73.993934","513","W 56 St & 10 Ave","40.768254","-73.988639","14718","Subscriber","1963","1"
"678","2013-12-01 12:23:28","2013-12-01 12:34:46","479","9 Ave & W 45 St","40.76019252","-73.9912551","442","W 27 St & 7 Ave","40.746647","-73.993915","20080","Subscriber","1981","2"
"1081","2013-12-01 12:23:40","2013-12-01 12:41:41","411","E 6 St & Avenue D","40.72228087","-73.97668709","2009","Catherine St & Monroe St","40.71117444","-73.99682619","14963","Subscriber","1986","1"
"2344","2013-12-01 12:23:43","2013-12-01 13:02:47","79","Franklin St & W Broadway","40.71911552","-74.00666661","2022","E 59 St & Sutton Pl","40.75849116","-73.95920622","15436","Subscriber","1971","2"
"504","2013-12-01 12:23:44","2013-12-01 12:32:08","356","Bialystoker Pl & Delancey St","40.71622644","-73.98261206","237","E 11 St & 2 Ave","40.73047309","-73.98672378","18446","Subscriber","1981","1"
"873","2013-12-01 12:23:47","2013-12-01 12:38:20","446","W 24 St & 7 Ave","40.74487634","-73.99529885","151","Cleveland Pl & Spring St","40.7218158","-73.99720307","15416","Subscriber","1985","1"
"600","2013-12-01 12:23:48","2013-12-01 12:33:48","513","W 56 St & 10 Ave","40.768254","-73.988639","479","9 Ave & W 45 St","40.76019252","-73.9912551","19573","Subscriber","1983","1"
"844","2013-12-01 12:23:49","2013-12-01 12:37:53","411","E 6 St & Avenue D","40.72228087","-73.97668709","472","E 32 St & Park Ave","40.7457121","-73.98194829","16660","Subscriber","1975","1"
"893","2013-12-01 12:23:51","2013-12-01 12:38:44","533","Broadway & W 39 St","40.75299641","-73.98721619","2021","W 45 St & 8 Ave","40.75929124","-73.98859651","19806","Subscriber","1990","2"
"314","2013-12-01 12:23:55","2013-12-01 12:29:09","461","E 20 St & 2 Ave","40.73587678","-73.98205027","2003","1 Ave & E 18 St","40.73416059","-73.98024289","19207","Subscriber","1970","1"
"447","2013-12-01 12:23:55","2013-12-01 12:31:22","377","6 Ave & Canal St","40.72243797","-74.00566443","345","W 13 St & 6 Ave","40.73649403","-73.99704374","16423","Subscriber","1984","1"
"409","2013-12-01 12:24:03","2013-12-01 12:30:52","2008","Little West St & 1 Pl","40.70569254","-74.01677685","264","Maiden Ln & Pearl St","40.70706456","-74.00731853","16047","Subscriber","1986","1"
"482","2013-12-01 12:24:05","2013-12-01 12:32:07","401","Allen St & Rivington St","40.72019576","-73.98997825","401","Allen St & Rivington St","40.72019576","-73.98997825","17151","Subscriber","1972","1"
"658","2013-12-01 12:24:07","2013-12-01 12:35:05","127","Barrow St & Hudson St","40.73172428","-74.00674436","168","W 18 St & 6 Ave","40.73971301","-73.99456405","16901","Subscriber","1983","2"
"1231","2013-12-01 12:24:07","2013-12-01 12:44:38","539","Metropolitan Ave & Bedford Ave","40.71534825","-73.96024116","261","Johnson St & Gold St","40.69474881","-73.98362464","15099","Subscriber","1987","1"
"763","2013-12-01 12:24:09","2013-12-01 12:36:52","238","Bank St & Washington St","40.7361967","-74.00859207","263","Elizabeth St & Hester St","40.71729","-73.996375","16327","Subscriber","1970","2"
"880","2013-12-01 12:24:10","2013-12-01 12:38:50","439","E 4 St & 2 Ave","40.7262807","-73.98978041","151","Cleveland Pl & Spring St","40.7218158","-73.99720307","19363","Customer",\N,"0"
"683","2013-12-01 12:24:10","2013-12-01 12:35:33","461","E 20 St & 2 Ave","40.73587678","-73.98205027","517","Pershing Square S","40.75149263","-73.97798848","14884","Subscriber","1986","1"
"1629","2013-12-01 12:24:35","2013-12-01 12:51:44","463","9 Ave & W 16 St","40.74206539","-74.00443172","375","Mercer St & Bleecker St","40.72679454","-73.99695094","20613","Customer",\N,"0"
"989","2013-12-01 12:24:37","2013-12-01 12:41:06","327","Vesey Pl & River Terrace","40.7153379","-74.01658354","405","Washington St & Gansevoort St","40.739323","-74.008119","16864","Subscriber","1981","2"
"398","2013-12-01 12:24:38","2013-12-01 12:31:16","334","W 20 St & 7 Ave","40.74238787","-73.99726235","280","E 10 St & 5 Ave","40.73331967","-73.99510132","19113","Subscriber","1971","2"
"549","2013-12-01 12:24:41","2013-12-01 12:33:50","513","W 56 St & 10 Ave","40.768254","-73.988639","479","9 Ave & W 45 St","40.76019252","-73.9912551","14990","Subscriber","1984","2"
"718","2013-12-01 12:24:42","2013-12-01 12:36:40","253","W 13 St & 5 Ave","40.73543934","-73.99453948","250","Lafayette St & Jersey St","40.72456089","-73.99565293","16466","Subscriber","1970","2"
"391","2013-12-01 12:24:43","2013-12-01 12:31:14","379","W 31 St & 7 Ave","40.749156","-73.9916","325","E 19 St & 3 Ave","40.73624527","-73.98473765","18475","Subscriber","1977","1"
"714","2013-12-01 12:24:43","2013-12-01 12:36:37","488","W 39 St & 9 Ave","40.75645824","-73.99372222","488","W 39 St & 9 Ave","40.75645824","-73.99372222","20362","Subscriber","1952","1"
"1516","2013-12-01 12:24:43","2013-12-01 12:49:59","463","9 Ave & W 16 St","40.74206539","-74.00443172","375","Mercer St & Bleecker St","40.72679454","-73.99695094","15738","Customer",\N,"0"
"565","2013-12-01 12:24:51","2013-12-01 12:34:16","2023","E 55 St & Lexington Ave","40.75968085","-73.97031366","160","E 37 St & Lexington Ave","40.748238","-73.978311","16071","Subscriber","1983","1"
"406","2013-12-01 12:24:55","2013-12-01 12:31:41","241","DeKalb Ave & S Portland Ave","40.68981035","-73.97493121","310","State St & Smith St","40.68926942","-73.98912867","20636","Subscriber","1977","1"
"162","2013-12-01 12:24:57","2013-12-01 12:27:39","157","Henry St & Atlantic Ave","40.69089272","-73.99612349","406","Hicks St & Montague St","40.69512845","-73.99595065","16564","Subscriber","1979","1"
"691","2013-12-01 12:25:00","2013-12-01 12:36:31","253","W 13 St & 5 Ave","40.73543934","-73.99453948","250","Lafayette St & Jersey St","40.72456089","-73.99565293","16985","Subscriber","1963","1"
"293","2013-12-01 12:25:02","2013-12-01 12:29:55","315","South St & Gouverneur Ln","40.70355377","-74.00670227","534","Water - Whitehall Plaza","40.70255065","-74.0127234","17831","Customer",\N,"0"
"1260","2013-12-01 12:25:03","2013-12-01 12:46:03","433","E 13 St & Avenue A","40.72955361","-73.98057249","404","9 Ave & W 14 St","40.7405826","-74.00550867","17028","Subscriber","1952","1"
"920","2013-12-01 12:25:04","2013-12-01 12:40:24","363","West Thames St","40.70834698","-74.01713445","347","W Houston St & Hudson St","40.72873888","-74.00748842","19519","Subscriber","1982","1"
"513","2013-12-01 12:25:04","2013-12-01 12:33:37","293","Lafayette St & E 8 St","40.73028666","-73.9907647","323","Lawrence St & Willoughby St","40.69236178","-73.98631746","17776","Subscriber","1958","2"
"746","2013-12-01 12:25:05","2013-12-01 12:37:31","483","E 12 St & 3 Ave","40.73223272","-73.98889957","368","Carmine St & 6 Ave","40.73038599","-74.00214988","20872","Subscriber","1978","1"
"448","2013-12-01 12:25:08","2013-12-01 12:32:36","496","E 16 St & 5 Ave","40.73726186","-73.99238967","463","9 Ave & W 16 St","40.74206539","-74.00443172","15250","Subscriber","1970","1"
"204","2013-12-01 12:25:08","2013-12-01 12:28:32","280","E 10 St & 5 Ave","40.73331967","-73.99510132","285","Broadway & E 14 St","40.73454567","-73.99074142","16442","Subscriber","1970","2"
"465","2013-12-01 12:25:08","2013-12-01 12:32:53","446","W 24 St & 7 Ave","40.74487634","-73.99529885","540","Lexington Ave & E 26 St","40.74147286","-73.98320928","20311","Subscriber","1984","1"
"387","2013-12-01 12:25:09","2013-12-01 12:31:36","444","Broadway & W 24 St","40.7423543","-73.98915076","470","W 20 St & 8 Ave","40.74345335","-74.00004031","18314","Subscriber","1984","1"
"183","2013-12-01 12:25:18","2013-12-01 12:28:21","426","West St & Chambers St","40.71754834","-74.01322069","329","Greenwich St & N Moore St","40.72043411","-74.01020609","14608","Subscriber","1986","1"
"1456","2013-12-01 12:25:18","2013-12-01 12:49:34","463","9 Ave & W 16 St","40.74206539","-74.00443172","375","Mercer St & Bleecker St","40.72679454","-73.99695094","15019","Customer",\N,"0"
"572","2013-12-01 12:25:22","2013-12-01 12:34:54","350","Clinton St & Grand St","40.71559509","-73.9870295","483","E 12 St & 3 Ave","40.73223272","-73.98889957","17841","Subscriber","1977","1"
"368","2013-12-01 12:25:26","2013-12-01 12:31:34","482","W 15 St & 7 Ave","40.73935542","-73.99931783","382","University Pl & E 14 St","40.73492695","-73.99200509","20059","Subscriber","1962","2"
"637","2013-12-01 12:25:34","2013-12-01 12:36:11","430","York St & Jay St","40.7014851","-73.98656928","412","Forsyth St & Canal St","40.7158155","-73.99422366","20978","Subscriber","1989","2"
"199","2013-12-01 12:25:37","2013-12-01 12:28:56","510","W 51 St & 6 Ave","40.7606597","-73.98042047","468","Broadway & W 55 St","40.7652654","-73.98192338","17796","Subscriber","1983","1"
"327","2013-12-01 12:25:39","2013-12-01 12:31:06","291","Madison St & Montgomery St","40.713126","-73.984844","295","Pike St & E Broadway","40.71406667","-73.99293911","15382","Subscriber","1980","1"
"772","2013-12-01 12:25:39","2013-12-01 12:38:31","267","Broadway & W 36 St","40.75097711","-73.98765428","284","Greenwich Ave & 8 Ave","40.7390169121","-74.0026376103","18577","Subscriber","1979","1"
"584","2013-12-01 12:25:43","2013-12-01 12:35:27","327","Vesey Pl & River Terrace","40.7153379","-74.01658354","327","Vesey Pl & River Terrace","40.7153379","-74.01658354","19795","Customer",\N,"0"
"329","2013-12-01 12:25:49","2013-12-01 12:31:18","449","W 52 St & 9 Ave","40.76461837","-73.98789473","457","Broadway & W 58 St","40.76695317","-73.98169333","17084","Subscriber","1962","1"
"244","2013-12-01 12:25:49","2013-12-01 12:29:53","470","W 20 St & 8 Ave","40.74345335","-74.00004031","435","W 21 St & 6 Ave","40.74173969","-73.99415556","19508","Subscriber","1984","1"
"461","2013-12-01 12:25:50","2013-12-01 12:33:31","486","Broadway & W 29 St","40.7462009","-73.98855723","475","E 16 St & Irving Pl","40.73524276","-73.98758561","18768","Subscriber","1961","2"
"626","2013-12-01 12:25:53","2013-12-01 12:36:19","247","Perry St & Bleecker St","40.73535398","-74.00483091","382","University Pl & E 14 St","40.73492695","-73.99200509","15922","Customer",\N,"0"
"618","2013-12-01 12:25:54","2013-12-01 12:36:12","326","E 11 St & 1 Ave","40.72953837","-73.98426726","345","W 13 St & 6 Ave","40.73649403","-73.99704374","19489","Subscriber","1983","1"
"184","2013-12-01 12:25:55","2013-12-01 12:28:59","345","W 13 St & 6 Ave","40.73649403","-73.99704374","247","Perry St & Bleecker St","40.73535398","-74.00483091","14918","Subscriber","1982","1"
"625","2013-12-01 12:25:59","2013-12-01 12:36:24","247","Perry St & Bleecker St","40.73535398","-74.00483091","382","University Pl & E 14 St","40.73492695","-73.99200509","17078","Customer",\N,"0"
"793","2013-12-01 12:26:05","2013-12-01 12:39:18","293","Lafayette St & E 8 St","40.73028666","-73.9907647","519","Pershing Square N","40.75188406","-73.97770164","19593","Subscriber","1980","1"
"504","2013-12-01 12:26:06","2013-12-01 12:34:30","243","Fulton St & Rockwell Pl","40.687979","-73.978474","526","E 33 St & 5 Ave","40.74765947","-73.98490707","15285","Subscriber","1969","1"
"371","2013-12-01 12:26:10","2013-12-01 12:32:21","515","W 43 St & 10 Ave","40.76009437","-73.99461843","450","W 49 St & 8 Ave","40.76227205","-73.98788205","19327","Subscriber","1969","1"
"1019","2013-12-01 12:26:21","2013-12-01 12:43:20","325","E 19 St & 3 Ave","40.73624527","-73.98473765","493","W 45 St & 6 Ave","40.7568001","-73.98291153","18792","Subscriber","1993","1"
"1302","2013-12-01 12:26:22","2013-12-01 12:48:04","301","E 2 St & Avenue B","40.72217444","-73.98368779","402","Broadway & E 22 St","40.7403432","-73.98955109","18349","Customer",\N,"0"
"1249","2013-12-01 12:26:24","2013-12-01 12:47:13","153","E 40 St & 5 Ave","40.752062307","-73.9816324043","2006","Central Park S & 6 Ave","40.76590936","-73.97634151","16756","Customer",\N,"0"
"775","2013-12-01 12:26:27","2013-12-01 12:39:22","428","E 3 St & 1 Ave","40.72467721","-73.98783413","2009","Catherine St & Monroe St","40.71117444","-73.99682619","20591","Subscriber","1990","1"
"2926","2013-12-01 12:26:30","2013-12-01 13:15:16","392","Jay St & Tech Pl","40.695065","-73.987167","432","E 7 St & Avenue A","40.72621788","-73.98379855","18298","Customer",\N,"0"
"355","2013-12-01 12:26:36","2013-12-01 12:32:31","237","E 11 St & 2 Ave","40.73047309","-73.98672378","394","E 9 St & Avenue C","40.72521311","-73.97768752","17767","Subscriber","1969","2"
"479","2013-12-01 12:26:37","2013-12-01 12:34:36","492","W 33 St & 7 Ave","40.75019995","-73.99093085","540","Lexington Ave & E 26 St","40.74147286","-73.98320928","17270","Subscriber","1976","1"
"705","2013-12-01 12:26:38","2013-12-01 12:38:23","521","8 Ave & W 31 St","40.75044999","-73.99481051","462","W 22 St & 10 Ave","40.74691959","-74.00451887","17019","Subscriber","1983","1"
"1439","2013-12-01 12:26:40","2013-12-01 12:50:39","320","Church St & Leonard St","40.71743998","-74.00583475","520","W 52 St & 5 Ave","40.75992262","-73.97648516","16282","Subscriber","1982","1"
"82","2013-12-01 12:26:44","2013-12-01 12:28:06","507","E 25 St & 2 Ave","40.73912601","-73.97973776","174","E 25 St & 1 Ave","40.7381765","-73.97738662","15384","Subscriber","1990","1"
"557","2013-12-01 12:26:51","2013-12-01 12:36:08","83","Atlantic Ave & Fort Greene Pl","40.68382604","-73.97632328","366","Clinton Ave & Myrtle Ave","40.693261","-73.968896","15263","Subscriber","1988","1"
"2907","2013-12-01 12:26:51","2013-12-01 13:15:18","392","Jay St & Tech Pl","40.695065","-73.987167","432","E 7 St & Avenue A","40.72621788","-73.98379855","15651","Customer",\N,"0"
"305","2013-12-01 12:26:53","2013-12-01 12:31:58","527","E 33 St & 1 Ave","40.74315566","-73.97434726","507","E 25 St & 2 Ave","40.73912601","-73.97973776","15426","Subscriber","1984","2"
"213","2013-12-01 12:26:57","2013-12-01 12:30:30","280","E 10 St & 5 Ave","40.73331967","-73.99510132","285","Broadway & E 14 St","40.73454567","-73.99074142","17174","Subscriber","1943","1"
"579","2013-12-01 12:27:07","2013-12-01 12:36:46","358","Christopher St & Greenwich St","40.73291553","-74.00711384","359","E 47 St & Park Ave","40.75510267","-73.97498696","18103","Subscriber","1979","1"
"388","2013-12-01 12:27:14","2013-12-01 12:33:42","489","10 Ave & W 28 St","40.75066386","-74.00176802","515","W 43 St & 10 Ave","40.76009437","-73.99461843","18797","Subscriber","1956","1"
"653","2013-12-01 12:27:20","2013-12-01 12:38:13","508","W 46 St & 11 Ave","40.76341379","-73.99667444","2009","Catherine St & Monroe St","40.71117444","-73.99682619","19886","Subscriber","1954","1"
"329","2013-12-01 12:27:24","2013-12-01 12:32:53","402","Broadway & E 22 St","40.7403432","-73.98955109","545","E 23 St & 1 Ave","40.736502","-73.97809472","20861","Subscriber","1982","1"
"1415","2013-12-01 12:27:25","2013-12-01 12:51:00","499","Broadway & W 60 St","40.76915505","-73.98191841","499","Broadway & W 60 St","40.76915505","-73.98191841","16628","Customer",\N,"0"
"894","2013-12-01 12:27:33","2013-12-01 12:42:27","152","Warren St & Church St","40.71473993","-74.00910627","459","W 20 St & 11 Ave","40.746745","-74.007756","15058","Subscriber","1978","1"
"964","2013-12-01 12:27:39","2013-12-01 12:43:43","512","W 29 St & 9 Ave","40.7500727","-73.99839279","447","8 Ave & W 52 St","40.76370739","-73.9851615","16949","Subscriber","1949","1"
"245","2013-12-01 12:27:39","2013-12-01 12:31:44","521","8 Ave & W 31 St","40.75044999","-73.99481051","448","W 37 St & 10 Ave","40.75660359","-73.9979009","18526","Subscriber","1975","2"
"96","2013-12-01 12:27:44","2013-12-01 12:29:20","412","Forsyth St & Canal St","40.7158155","-73.99422366","307","Canal St & Rutgers St","40.71427487","-73.98990025","18247","Subscriber","1983","1"
"229","2013-12-01 12:27:45","2013-12-01 12:31:34","119","Park Ave & St Edwards St","40.69608941","-73.97803415","239","Willoughby St & Fleet St","40.69196566","-73.9813018","16861","Subscriber","1978","2"
"1384","2013-12-01 12:27:49","2013-12-01 12:50:53","499","Broadway & W 60 St","40.76915505","-73.98191841","499","Broadway & W 60 St","40.76915505","-73.98191841","16736","Customer",\N,"0"
"1412","2013-12-01 12:27:51","2013-12-01 12:51:23","334","W 20 St & 7 Ave","40.74238787","-73.99726235","447","8 Ave & W 52 St","40.76370739","-73.9851615","19875","Customer",\N,"0"
"2089","2013-12-01 12:28:01","2013-12-01 13:02:50","301","E 2 St & Avenue B","40.72217444","-73.98368779","355","Bayard St & Baxter St","40.71602118","-73.99974372","20231","Subscriber","1966","2"
"363","2013-12-01 12:28:02","2013-12-01 12:34:05","459","W 20 St & 11 Ave","40.746745","-74.007756","482","W 15 St & 7 Ave","40.73935542","-73.99931783","16335","Subscriber","1985","2"
"424","2013-12-01 12:28:12","2013-12-01 12:35:16","507","E 25 St & 2 Ave","40.73912601","-73.97973776","402","Broadway & E 22 St","40.7403432","-73.98955109","15308","Subscriber","1971","1"
"1020","2013-12-01 12:28:15","2013-12-01 12:45:15","537","Lexington Ave & E 24 St","40.74025878","-73.98409214","2021","W 45 St & 8 Ave","40.75929124","-73.98859651","17544","Subscriber","1988","1"
"775","2013-12-01 12:28:16","2013-12-01 12:41:11","438","St Marks Pl & 1 Ave","40.72779126","-73.98564945","380","W 4 St & 7 Ave S","40.73401143","-74.00293877","18551","Subscriber","1947","1"
"304","2013-12-01 12:28:26","2013-12-01 12:33:30","116","W 17 St & 8 Ave","40.74177603","-74.00149746","380","W 4 St & 7 Ave S","40.73401143","-74.00293877","16296","Subscriber","1971","1"
"498","2013-12-01 12:28:36","2013-12-01 12:36:54","503","E 20 St & Park Ave","40.73827428","-73.98751968","536","1 Ave & E 30 St","40.74144387","-73.97536082","14539","Subscriber","1988","2"
"342","2013-12-01 12:28:37","2013-12-01 12:34:19","293","Lafayette St & E 8 St","40.73028666","-73.9907647","433","E 13 St & Avenue A","40.72955361","-73.98057249","15148","Subscriber","1985","1"
"644","2013-12-01 12:28:38","2013-12-01 12:39:22","361","Allen St & Hester St","40.71605866","-73.99190759","377","6 Ave & Canal St","40.72243797","-74.00566443","17171","Subscriber","1967","1"
"655","2013-12-01 12:28:52","2013-12-01 12:39:47","504","1 Ave & E 15 St","40.73221853","-73.98165557","253","W 13 St & 5 Ave","40.73543934","-73.99453948","20147","Subscriber","1983","2"
"1747","2013-12-01 12:28:52","2013-12-01 12:57:59","336","Sullivan St & Washington Sq","40.73047747","-73.99906065","385","E 55 St & 2 Ave","40.75797322","-73.96603308","15458","Subscriber","1956","1"
"772","2013-12-01 12:28:53","2013-12-01 12:41:45","368","Carmine St & 6 Ave","40.73038599","-74.00214988","323","Lawrence St & Willoughby St","40.69236178","-73.98631746","19789","Subscriber","1966","1"
"665","2013-12-01 12:28:54","2013-12-01 12:39:59","528","2 Ave & E 31 St","40.74290902","-73.97706058","2022","E 59 St & Sutton Pl","40.75849116","-73.95920622","19734","Subscriber","1967","1"
"848","2013-12-01 12:29:06","2013-12-01 12:43:14","375","Mercer St & Bleecker St","40.72679454","-73.99695094","466","W 25 St & 6 Ave","40.74395411","-73.99144871","20240","Subscriber","1984","1"
"2524","2013-12-01 12:29:06","2013-12-01 13:11:10","151","Cleveland Pl & Spring St","40.7218158","-73.99720307","150","E 2 St & Avenue C","40.7208736","-73.98085795","19307","Subscriber","1973","1"
"285","2013-12-01 12:29:12","2013-12-01 12:33:57","449","W 52 St & 9 Ave","40.76461837","-73.98789473","495","W 47 St & 10 Ave","40.76269882","-73.99301222","14961","Subscriber","1981","1"
"222","2013-12-01 12:29:12","2013-12-01 12:32:54","349","Rivington St & Ridge St","40.71850211","-73.98329859","393","E 5 St & Avenue C","40.72299208","-73.97995466","20368","Subscriber","1984","1"
"1714","2013-12-01 12:29:13","2013-12-01 12:57:47","335","Washington Pl & Broadway","40.72903917","-73.99404649","392","Jay St & Tech Pl","40.695065","-73.987167","20293","Subscriber","1987","1"
"294","2013-12-01 12:29:26","2013-12-01 12:34:20","496","E 16 St & 5 Ave","40.73726186","-73.99238967","380","W 4 St & 7 Ave S","40.73401143","-74.00293877","17176","Subscriber","1987","1"
"1118","2013-12-01 12:29:27","2013-12-01 12:48:05","301","E 2 St & Avenue B","40.72217444","-73.98368779","402","Broadway & E 22 St","40.7403432","-73.98955109","17587","Customer",\N,"0"
"1227","2013-12-01 12:29:33","2013-12-01 12:50:00","463","9 Ave & W 16 St","40.74206539","-74.00443172","375","Mercer St & Bleecker St","40.72679454","-73.99695094","16086","Customer",\N,"0"
"393","2013-12-01 12:29:34","2013-12-01 12:36:07","334","W 20 St & 7 Ave","40.74238787","-73.99726235","474","5 Ave & E 29 St","40.7451677","-73.98683077","14878","Subscriber","1971","1"
"539","2013-12-01 12:29:34","2013-12-01 12:38:33","127","Barrow St & Hudson St","40.73172428","-74.00674436","403","E 2 St & 2 Ave","40.72502876","-73.99069656","15801","Subscriber","1979","1"
"770","2013-12-01 12:29:34","2013-12-01 12:42:24","267","Broadway & W 36 St","40.75097711","-73.98765428","335","Washington Pl & Broadway","40.72903917","-73.99404649","16206","Subscriber","1953","1"
"232","2013-12-01 12:29:39","2013-12-01 12:33:31","295","Pike St & E Broadway","40.71406667","-73.99293911","308","St James Pl & Oliver St","40.71307916","-73.99851193","20595","Subscriber","1983","1"
"1394","2013-12-01 12:29:46","2013-12-01 12:53:00","463","9 Ave & W 16 St","40.74206539","-74.00443172","375","Mercer St & Bleecker St","40.72679454","-73.99695094","18781","Customer",\N,"0"
"432","2013-12-01 12:29:47","2013-12-01 12:36:59","382","University Pl & E 14 St","40.73492695","-73.99200509","238","Bank St & Washington St","40.7361967","-74.00859207","19700","Subscriber","1954","1"
"482","2013-12-01 12:29:56","2013-12-01 12:37:58","489","10 Ave & W 28 St","40.75066386","-74.00176802","284","Greenwich Ave & 8 Ave","40.7390169121","-74.0026376103","17419","Subscriber","1967","1"
"1303","2013-12-01 12:29:58","2013-12-01 12:51:41","498","Broadway & W 32 St","40.74854862","-73.98808416","296","Division St & Bowery","40.71413089","-73.9970468","15360","Subscriber","1989","1"
"204","2013-12-01 12:30:00","2013-12-01 12:33:24","295","Pike St & E Broadway","40.71406667","-73.99293911","308","St James Pl & Oliver St","40.71307916","-73.99851193","20264","Subscriber","1982","2"
"341","2013-12-01 12:30:13","2013-12-01 12:35:54","403","E 2 St & 2 Ave","40.72502876","-73.99069656","161","LaGuardia Pl & W 3 St","40.72917025","-73.99810231","20952","Subscriber","1964","2"
"418","2013-12-01 12:30:23","2013-12-01 12:37:21","2021","W 45 St & 8 Ave","40.75929124","-73.98859651","457","Broadway & W 58 St","40.76695317","-73.98169333","16592","Subscriber","1983","1"
"420","2013-12-01 12:30:28","2013-12-01 12:37:28","476","E 31 St & 3 Ave","40.74394314","-73.97966069","487","E 20 St & FDR Drive","40.73314259","-73.97573881","16870","Subscriber","1990","1"
"709","2013-12-01 12:30:31","2013-12-01 12:42:20","168","W 18 St & 6 Ave","40.73971301","-73.99456405","352","W 56 St & 6 Ave","40.76340613","-73.97722479","15871","Customer",\N,"0"
"1568","2013-12-01 12:30:36","2013-12-01 12:56:44","534","Water - Whitehall Plaza","40.70255065","-74.0127234","521","8 Ave & W 31 St","40.75044999","-73.99481051","18519","Customer",\N,"0"
"470","2013-12-01 12:30:41","2013-12-01 12:38:31","146","Hudson St & Reade St","40.71625008","-74.0091059","304","Broadway & Battery Pl","40.70463334","-74.01361706","18428","Subscriber","1970","1"
"516","2013-12-01 12:30:42","2013-12-01 12:39:18","420","Clermont Ave & Lafayette Ave","40.68764484","-73.96968902","392","Jay St & Tech Pl","40.695065","-73.987167","14823","Subscriber","1979","1"
"1568","2013-12-01 12:30:53","2013-12-01 12:57:01","387","Centre St & Chambers St","40.71273266","-74.0046073","517","Pershing Square S","40.75149263","-73.97798848","18555","Subscriber","1980","1"
"524","2013-12-01 12:30:53","2013-12-01 12:39:37","280","E 10 St & 5 Ave","40.73331967","-73.99510132","151","Cleveland Pl & Spring St","40.7218158","-73.99720307","20833","Subscriber","1982","1"
"425","2013-12-01 12:30:55","2013-12-01 12:38:00","519","Pershing Square N","40.75188406","-73.97770164","476","E 31 St & 3 Ave","40.74394314","-73.97966069","15575","Subscriber","1979","1"
"541","2013-12-01 12:30:57","2013-12-01 12:39:58","403","E 2 St & 2 Ave","40.72502876","-73.99069656","380","W 4 St & 7 Ave S","40.73401143","-74.00293877","17882","Customer",\N,"0"
"618","2013-12-01 12:30:58","2013-12-01 12:41:16","253","W 13 St & 5 Ave","40.73543934","-73.99453948","453","W 22 St & 8 Ave","40.74475148","-73.99915362","15777","Subscriber","1985","2"
"525","2013-12-01 12:31:00","2013-12-01 12:39:45","253","W 13 St & 5 Ave","40.73543934","-73.99453948","453","W 22 St & 8 Ave","40.74475148","-73.99915362","17930","Subscriber","1984","1"
"111","2013-12-01 12:31:03","2013-12-01 12:32:54","147","Greenwich St & Warren St","40.71542197","-74.01121978","152","Warren St & Church St","40.71473993","-74.00910627","19447","Subscriber","1963","2"
"725","2013-12-01 12:31:04","2013-12-01 12:43:09","161","LaGuardia Pl & W 3 St","40.72917025","-73.99810231","459","W 20 St & 11 Ave","40.746745","-74.007756","20226","Subscriber","1986","1"
"612","2013-12-01 12:31:06","2013-12-01 12:41:18","545","E 23 St & 1 Ave","40.736502","-73.97809472","334","W 20 St & 7 Ave","40.74238787","-73.99726235","16033","Subscriber","1985","1"
"297","2013-12-01 12:31:07","2013-12-01 12:36:04","311","Norfolk St & Broome St","40.7172274","-73.98802084","502","Henry St & Grand St","40.714215","-73.981346","15583","Subscriber","1961","1"
"276","2013-12-01 12:31:08","2013-12-01 12:35:44","520","W 52 St & 5 Ave","40.75992262","-73.97648516","173","Broadway & W 49 St","40.76064679","-73.98442659","18258","Subscriber","1990","1"
"545","2013-12-01 12:31:12","2013-12-01 12:40:17","247","Perry St & Bleecker St","40.73535398","-74.00483091","328","Watts St & Greenwich St","40.72405549","-74.00965965","20011","Subscriber","1980","2"
"498","2013-12-01 12:31:13","2013-12-01 12:39:31","280","E 10 St & 5 Ave","40.73331967","-73.99510132","151","Cleveland Pl & Spring St","40.7218158","-73.99720307","15845","Subscriber","1982","2"
"338","2013-12-01 12:31:15","2013-12-01 12:36:53","524","W 43 St & 6 Ave","40.75527307","-73.98316936","469","Broadway & W 53 St","40.76344058","-73.98268129","15399","Subscriber","1989","1"
"520","2013-12-01 12:31:16","2013-12-01 12:39:56","403","E 2 St & 2 Ave","40.72502876","-73.99069656","380","W 4 St & 7 Ave S","40.73401143","-74.00293877","17411","Subscriber","1978","1"
"896","2013-12-01 12:31:16","2013-12-01 12:46:12","489","10 Ave & W 28 St","40.75066386","-74.00176802","153","E 40 St & 5 Ave","40.752062307","-73.9816324043","20145","Subscriber","1982","1"
"460","2013-12-01 12:31:22","2013-12-01 12:39:02","293","Lafayette St & E 8 St","40.73028666","-73.9907647","394","E 9 St & Avenue C","40.72521311","-73.97768752","17904","Subscriber","1972","1"
"188","2013-12-01 12:31:26","2013-12-01 12:34:34","387","Centre St & Chambers St","40.71273266","-74.0046073","316","Fulton St & William St","40.70955958","-74.00653609","19220","Subscriber","1984","1"
"1193","2013-12-01 12:31:27","2013-12-01 12:51:20","334","W 20 St & 7 Ave","40.74238787","-73.99726235","447","8 Ave & W 52 St","40.76370739","-73.9851615","15508","Customer",\N,"0"
"532","2013-12-01 12:31:30","2013-12-01 12:40:22","504","1 Ave & E 15 St","40.73221853","-73.98165557","380","W 4 St & 7 Ave S","40.73401143","-74.00293877","16657","Subscriber","1978","1"
"313","2013-12-01 12:31:35","2013-12-01 12:36:48","328","Watts St & Greenwich St","40.72405549","-74.00965965","358","Christopher St & Greenwich St","40.73291553","-74.00711384","19552","Subscriber","1979","1"
"203","2013-12-01 12:31:37","2013-12-01 12:35:00","382","University Pl & E 14 St","40.73492695","-73.99200509","254","W 11 St & 6 Ave","40.73532427","-73.99800419","17342","Subscriber","1957","1"
"583","2013-12-01 12:31:38","2013-12-01 12:41:21","494","W 26 St & 8 Ave","40.74734825","-73.99723551","380","W 4 St & 7 Ave S","40.73401143","-74.00293877","17830","Subscriber","1958","1"
"570","2013-12-01 12:31:38","2013-12-01 12:41:08","478","11 Ave & W 41 St","40.76030096","-73.99884222","490","8 Ave & W 33 St","40.751551","-73.993934","16346","Subscriber","1973","1"
"491","2013-12-01 12:31:40","2013-12-01 12:39:51","151","Cleveland Pl & Spring St","40.7218158","-73.99720307","445","E 10 St & Avenue A","40.72740794","-73.98142006","19891","Subscriber","1985","1"
"323","2013-12-01 12:31:45","2013-12-01 12:37:08","300","Shevchenko Pl & E 6 St","40.728145","-73.990214","382","University Pl & E 14 St","40.73492695","-73.99200509","19565","Subscriber","1962","2"
"524","2013-12-01 12:31:47","2013-12-01 12:40:31","499","Broadway & W 60 St","40.76915505","-73.98191841","515","W 43 St & 10 Ave","40.76009437","-73.99461843","15994","Subscriber","1971","1"
"121","2013-12-01 12:31:48","2013-12-01 12:33:49","510","W 51 St & 6 Ave","40.7606597","-73.98042047","500","Broadway & W 51 St","40.76228826","-73.98336183","15114","Subscriber","1979","1"
"390","2013-12-01 12:31:54","2013-12-01 12:38:24","477","W 41 St & 8 Ave","40.75640548","-73.9900262","505","6 Ave & W 33 St","40.74901271","-73.98848395","17727","Customer",\N,"0"
"1267","2013-12-01 12:31:56","2013-12-01 12:53:03","455","1 Ave & E 44 St","40.75001986","-73.96905301","524","W 43 St & 6 Ave","40.75527307","-73.98316936","19531","Customer",\N,"0"
"1187","2013-12-01 12:32:00","2013-12-01 12:51:47","325","E 19 St & 3 Ave","40.73624527","-73.98473765","440","E 45 St & 3 Ave","40.75255434","-73.97282625","19760","Subscriber","1985","2"
"1563","2013-12-01 12:32:00","2013-12-01 12:58:03","525","W 34 St & 11 Ave","40.75594159","-74.0021163","488","W 39 St & 9 Ave","40.75645824","-73.99372222","16939","Subscriber","1989","1"
"183","2013-12-01 12:32:03","2013-12-01 12:35:06","284","Greenwich Ave & 8 Ave","40.7390169121","-74.0026376103","405","Washington St & Gansevoort St","40.739323","-74.008119","18648","Subscriber","1976","1"
"301","2013-12-01 12:32:04","2013-12-01 12:37:05","480","W 53 St & 10 Ave","40.76669671","-73.99061728","499","Broadway & W 60 St","40.76915505","-73.98191841","20120","Subscriber","1982","1"
"544","2013-12-01 12:32:09","2013-12-01 12:41:13","497","E 17 St & Broadway","40.73704984","-73.99009296","445","E 10 St & Avenue A","40.72740794","-73.98142006","20192","Subscriber","1981","2"
"375","2013-12-01 12:32:10","2013-12-01 12:38:25","328","Watts St & Greenwich St","40.72405549","-74.00965965","276","Duane St & Greenwich St","40.71748752","-74.0104554","19869","Subscriber","1979","1"
"199","2013-12-01 12:32:10","2013-12-01 12:35:29","294","Washington Square E","40.73049393","-73.9957214","382","University Pl & E 14 St","40.73492695","-73.99200509","17715","Subscriber","1993","2"
"657","2013-12-01 12:32:11","2013-12-01 12:43:08","164","E 47 St & 2 Ave","40.75323098","-73.97032517","492","W 33 St & 7 Ave","40.75019995","-73.99093085","16344","Customer",\N,"0"
"1004","2013-12-01 12:32:15","2013-12-01 12:48:59","329","Greenwich St & N Moore St","40.72043411","-74.01020609","280","E 10 St & 5 Ave","40.73331967","-73.99510132","17821","Subscriber","1979","2"
"782","2013-12-01 12:32:17","2013-12-01 12:45:19","485","W 37 St & 5 Ave","40.75038009","-73.98338988","439","E 4 St & 2 Ave","40.7262807","-73.98978041","15177","Subscriber","1980","1"
"637","2013-12-01 12:32:22","2013-12-01 12:42:59","474","5 Ave & E 29 St","40.7451677","-73.98683077","465","Broadway & W 41 St","40.75513557","-73.98658032","17762","Subscriber","1985","2"
"1145","2013-12-01 12:32:23","2013-12-01 12:51:28","375","Mercer St & Bleecker St","40.72679454","-73.99695094","352","W 56 St & 6 Ave","40.76340613","-73.97722479","20381","Subscriber","1987","1"
"1048","2013-12-01 12:32:24","2013-12-01 12:49:52","476","E 31 St & 3 Ave","40.74394314","-73.97966069","263","Elizabeth St & Hester St","40.71729","-73.996375","15924","Subscriber","1981","1"
"102","2013-12-01 12:32:27","2013-12-01 12:34:09","527","E 33 St & 1 Ave","40.74315566","-73.97434726","528","2 Ave & E 31 St","40.74290902","-73.97706058","20355","Subscriber","1973","1"
"933","2013-12-01 12:32:30","2013-12-01 12:48:03","509","9 Ave & W 22 St","40.7454973","-74.00197139","79","Franklin St & W Broadway","40.71911552","-74.00666661","19289","Subscriber","1987","1"
"328","2013-12-01 12:32:34","2013-12-01 12:38:02","291","Madison St & Montgomery St","40.713126","-73.984844","412","Forsyth St & Canal St","40.7158155","-73.99422366","16363","Subscriber","1970","2"
"373","2013-12-01 12:32:36","2013-12-01 12:38:49","151","Cleveland Pl & Spring St","40.7218158","-73.99720307","294","Washington Square E","40.73049393","-73.9957214","19677","Subscriber","1993","1"
"2375","2013-12-01 12:32:42","2013-12-01 13:12:17","499","Broadway & W 60 St","40.76915505","-73.98191841","412","Forsyth St & Canal St","40.7158155","-73.99422366","19374","Subscriber","1956","1"
"263","2013-12-01 12:32:44","2013-12-01 12:37:07","369","Washington Pl & 6 Ave","40.73224119","-74.00026394","284","Greenwich Ave & 8 Ave","40.7390169121","-74.0026376103","17952","Subscriber","1989","1"
"1165","2013-12-01 12:32:44","2013-12-01 12:52:09","271","Ashland Pl & Hanson Pl","40.68528172","-73.97805813","430","York St & Jay St","40.7014851","-73.98656928","15556","Customer",\N,"0"
"899","2013-12-01 12:32:51","2013-12-01 12:47:50","151","Cleveland Pl & Spring St","40.7218158","-73.99720307","444","Broadway & W 24 St","40.7423543","-73.98915076","17029","Customer",\N,"0"
"1024","2013-12-01 12:32:53","2013-12-01 12:49:57","330","Reade St & Broadway","40.71450451","-74.00562789","323","Lawrence St & Willoughby St","40.69236178","-73.98631746","19016","Subscriber","1974","1"
"235","2013-12-01 12:32:54","2013-12-01 12:36:49","258","DeKalb Ave & Vanderbilt Ave","40.68940747","-73.96885458","324","DeKalb Ave & Hudson Ave","40.689888","-73.981013","17477","Subscriber","1983","1"
"2025","2013-12-01 12:32:56","2013-12-01 13:06:41","316","Fulton St & William St","40.70955958","-74.00653609","2023","E 55 St & Lexington Ave","40.75968085","-73.97031366","15641","Subscriber","1986","1"
"782","2013-12-01 12:32:58","2013-12-01 12:46:00","326","E 11 St & 1 Ave","40.72953837","-73.98426726","369","Washington Pl & 6 Ave","40.73224119","-74.00026394","17581","Subscriber","1980","1"
"1297","2013-12-01 12:32:58","2013-12-01 12:54:35","380","W 4 St & 7 Ave S","40.73401143","-74.00293877","514","12 Ave & W 40 St","40.76087502","-74.00277668","18984","Subscriber","1970","1"
"294","2013-12-01 12:33:05","2013-12-01 12:37:59","405","Washington St & Gansevoort St","40.739323","-74.008119","380","W 4 St & 7 Ave S","40.73401143","-74.00293877","19957","Subscriber","1981","1"
"460","2013-12-01 12:33:10","2013-12-01 12:40:50","392","Jay St & Tech Pl","40.695065","-73.987167","313","Washington Ave & Park Ave","40.69610226","-73.96751037","19156","Subscriber","1983","1"
"234","2013-12-01 12:33:11","2013-12-01 12:37:05","350","Clinton St & Grand St","40.71559509","-73.9870295","332","Cherry St","40.71219906","-73.97948148","19845","Subscriber","1974","1"
"948","2013-12-01 12:33:20","2013-12-01 12:49:08","523","W 38 St & 8 Ave","40.75466591","-73.99138152","422","W 59 St & 10 Ave","40.770513","-73.988038","18425","Subscriber","1964","1"
"545","2013-12-01 12:33:23","2013-12-01 12:42:28","346","Bank St & Hudson St","40.73652889","-74.00618026","402","Broadway & E 22 St","40.7403432","-73.98955109","15427","Subscriber","1983","1"
"873","2013-12-01 12:33:24","2013-12-01 12:47:57","151","Cleveland Pl & Spring St","40.7218158","-73.99720307","386","Centre St & Worth St","40.71494807","-74.00234482","16028","Customer",\N,"0"
"1628","2013-12-01 12:33:24","2013-12-01 13:00:32","453","W 22 St & 8 Ave","40.74475148","-73.99915362","281","Grand Army Plaza & Central Park S","40.7643971","-73.97371465","20908","Subscriber","1955","2"
"200","2013-12-01 12:33:29","2013-12-01 12:36:49","362","Broadway & W 37 St","40.75172632","-73.98753523","335","Washington Pl & Broadway","40.72903917","-73.99404649","18382","Subscriber","1986","1"
"788","2013-12-01 12:33:29","2013-12-01 12:46:37","146","Hudson St & Reade St","40.71625008","-74.0091059","404","9 Ave & W 14 St","40.7405826","-74.00550867","20784","Subscriber","1956","1"
"545","2013-12-01 12:33:37","2013-12-01 12:42:42","505","6 Ave & W 33 St","40.74901271","-73.98848395","2021","W 45 St & 8 Ave","40.75929124","-73.98859651","16036","Subscriber","1957","2"
"177","2013-12-01 12:33:38","2013-12-01 12:36:35","151","Cleveland Pl & Spring St","40.7218158","-73.99720307","473","Rivington St & Chrystie St","40.72110063","-73.9919254","17773","Subscriber","1981","1"
"344","2013-12-01 12:33:41","2013-12-01 12:39:25","297","E 15 St & 3 Ave","40.734232","-73.986923","435","W 21 St & 6 Ave","40.74173969","-73.99415556","17456","Subscriber","1973","1"
"382","2013-12-01 12:33:44","2013-12-01 12:40:06","515","W 43 St & 10 Ave","40.76009437","-73.99461843","422","W 59 St & 10 Ave","40.770513","-73.988038","15020","Subscriber","1987","1"
"304","2013-12-01 12:33:45","2013-12-01 12:38:49","2009","Catherine St & Monroe St","40.71117444","-73.99682619","307","Canal St & Rutgers St","40.71427487","-73.98990025","15521","Subscriber","1987","2"
"575","2013-12-01 12:33:48","2013-12-01 12:43:23","521","8 Ave & W 31 St","40.75044999","-73.99481051","472","E 32 St & Park Ave","40.7457121","-73.98194829","15261","Subscriber","1977","1"
"2266","2013-12-01 12:33:48","2013-12-01 13:11:34","499","Broadway & W 60 St","40.76915505","-73.98191841","2021","W 45 St & 8 Ave","40.75929124","-73.98859651","16427","Customer",\N,"0"
"1822","2013-12-01 12:33:49","2013-12-01 13:04:11","444","Broadway & W 24 St","40.7423543","-73.98915076","417","Barclay St & Church St","40.71291224","-74.01020234","19749","Customer",\N,"0"
"370","2013-12-01 12:33:52","2013-12-01 12:40:02","355","Bayard St & Baxter St","40.71602118","-73.99974372","250","Lafayette St & Jersey St","40.72456089","-73.99565293","19480","Subscriber","1991","1"
"269","2013-12-01 12:34:01","2013-12-01 12:38:30","348","W Broadway & Spring St","40.72490985","-74.00154702","323","Lawrence St & Willoughby St","40.69236178","-73.98631746","14998","Subscriber","1969","1"
"231","2013-12-01 12:34:03","2013-12-01 12:37:54","397","Fulton St & Clermont Ave","40.68415748","-73.96922273","271","Ashland Pl & Hanson Pl","40.68528172","-73.97805813","20133","Subscriber","1979","2"
"381","2013-12-01 12:34:05","2013-12-01 12:40:26","334","W 20 St & 7 Ave","40.74238787","-73.99726235","345","W 13 St & 6 Ave","40.73649403","-73.99704374","19637","Subscriber","1958","1"
"324","2013-12-01 12:34:07","2013-12-01 12:39:31","128","MacDougal St & Prince St","40.72710258","-74.00297088","345","W 13 St & 6 Ave","40.73649403","-73.99704374","20771","Subscriber","1980","1"
"1032","2013-12-01 12:34:07","2013-12-01 12:51:19","271","Ashland Pl & Hanson Pl","40.68528172","-73.97805813","430","York St & Jay St","40.7014851","-73.98656928","20202","Customer",\N,"0"
"289","2013-12-01 12:34:10","2013-12-01 12:38:59","280","E 10 St & 5 Ave","40.73331967","-73.99510132","403","E 2 St & 2 Ave","40.72502876","-73.99069656","16685","Subscriber","1989","1"
"1430","2013-12-01 12:34:12","2013-12-01 12:58:02","2012","E 27 St & 1 Ave","40.739445","-73.976806","410","Suffolk St & Stanton St","40.72066442","-73.98517977","15175","Subscriber","1990","2"
"452","2013-12-01 12:34:18","2013-12-01 12:41:50","366","Clinton Ave & Myrtle Ave","40.693261","-73.968896","253","W 13 St & 5 Ave","40.73543934","-73.99453948","20810","Subscriber","1983","2"
"512","2013-12-01 12:34:18","2013-12-01 12:42:50","352","W 56 St & 6 Ave","40.76340613","-73.97722479","514","12 Ave & W 40 St","40.76087502","-74.00277668","17420","Subscriber","1979","2"
"499","2013-12-01 12:34:19","2013-12-01 12:42:38","509","9 Ave & W 22 St","40.7454973","-74.00197139","514","12 Ave & W 40 St","40.76087502","-74.00277668","19244","Subscriber","1972","1"
"213","2013-12-01 12:34:19","2013-12-01 12:37:52","261","Johnson St & Gold St","40.69474881","-73.98362464","245","Myrtle Ave & St Edwards St","40.69327018","-73.97703874","16355","Subscriber","1985","1"
"751","2013-12-01 12:34:21","2013-12-01 12:46:52","291","Madison St & Montgomery St","40.713126","-73.984844","487","E 20 St & FDR Drive","40.73314259","-73.97573881","17232","Subscriber","1967","1"
"257","2013-12-01 12:34:22","2013-12-01 12:38:39","356","Bialystoker Pl & Delancey St","40.71622644","-73.98261206","356","Bialystoker Pl & Delancey St","40.71622644","-73.98261206","17657","Subscriber","1982","1"
"603","2013-12-01 12:34:27","2013-12-01 12:44:30","517","Pershing Square S","40.75149263","-73.97798848","281","Grand Army Plaza & Central Park S","40.7643971","-73.97371465","14594","Subscriber","1976","2"
"443","2013-12-01 12:34:27","2013-12-01 12:41:50","407","Henry St & Poplar St","40.700469","-73.991454","143","Clinton St & Joralemon St","40.69239502","-73.99337909","14537","Subscriber","1982","1"
"448","2013-12-01 12:34:36","2013-12-01 12:42:04","403","E 2 St & 2 Ave","40.72502876","-73.99069656","348","W Broadway & Spring St","40.72490985","-74.00154702","15069","Subscriber","1983","1"
"911","2013-12-01 12:34:37","2013-12-01 12:49:48","330","Reade St & Broadway","40.71450451","-74.00562789","250","Lafayette St & Jersey St","40.72456089","-73.99565293","19737","Subscriber","1980","2"
"341","2013-12-01 12:34:43","2013-12-01 12:40:24","400","Pitt St & Stanton St","40.71926081","-73.98178024","301","E 2 St & Avenue B","40.72217444","-73.98368779","14618","Subscriber","1959","2"
"1001","2013-12-01 12:34:47","2013-12-01 12:51:28","325","E 19 St & 3 Ave","40.73624527","-73.98473765","440","E 45 St & 3 Ave","40.75255434","-73.97282625","18475","Subscriber","1978","1"
"194","2013-12-01 12:34:53","2013-12-01 12:38:07","502","Henry St & Grand St","40.714215","-73.981346","350","Clinton St & Grand St","40.71559509","-73.9870295","15950","Subscriber","1979","1"
"383","2013-12-01 12:35:00","2013-12-01 12:41:23","432","E 7 St & Avenue A","40.72621788","-73.98379855","458","11 Ave & W 27 St","40.751396","-74.005226","19336","Subscriber","1980","1"
"1389","2013-12-01 12:35:01","2013-12-01 12:58:10","2012","E 27 St & 1 Ave","40.739445","-73.976806","410","Suffolk St & Stanton St","40.72066442","-73.98517977","17415","Customer",\N,"0"
"210","2013-12-01 12:35:22","2013-12-01 12:38:52","2004","6 Ave & Broome St","40.724399","-74.004704","368","Carmine St & 6 Ave","40.73038599","-74.00214988","16403","Subscriber","1965","2"
"653","2013-12-01 12:35:28","2013-12-01 12:46:21","469","Broadway & W 53 St","40.76344058","-73.98268129","334","W 20 St & 7 Ave","40.74238787","-73.99726235","16545","Subscriber","1983","1"
"1215","2013-12-01 12:35:29","2013-12-01 12:55:44","526","E 33 St & 5 Ave","40.74765947","-73.98490707","495","W 47 St & 10 Ave","40.76269882","-73.99301222","17768","Customer",\N,"0"
"542","2013-12-01 12:35:29","2013-12-01 12:44:31","358","Christopher St & Greenwich St","40.73291553","-74.00711384","459","W 20 St & 11 Ave","40.746745","-74.007756","16245","Subscriber","1974","2"
"1204","2013-12-01 12:35:33","2013-12-01 12:55:37","469","Broadway & W 53 St","40.76344058","-73.98268129","495","W 47 St & 10 Ave","40.76269882","-73.99301222","17143","Customer",\N,"0"
"368","2013-12-01 12:35:36","2013-12-01 12:41:44","151","Cleveland Pl & Spring St","40.7218158","-73.99720307","303","Mercer St & Spring St","40.72362738","-73.99949601","15847","Subscriber","1951","1"
"405","2013-12-01 12:35:42","2013-12-01 12:42:27","257","Lispenard St & Broadway","40.71939226","-74.00247214","309","Murray St & West St","40.7149787","-74.013012","15764","Subscriber","1961","1"
"365","2013-12-01 12:35:44","2013-12-01 12:41:49","151","Cleveland Pl & Spring St","40.7218158","-73.99720307","303","Mercer St & Spring St","40.72362738","-73.99949601","15224","Subscriber","1970","2"
"522","2013-12-01 12:35:45","2013-12-01 12:44:27","357","E 11 St & Broadway","40.73261787","-73.99158043","116","W 17 St & 8 Ave","40.74177603","-74.00149746","15541","Subscriber","1961","1"
"510","2013-12-01 12:35:46","2013-12-01 12:44:16","247","Perry St & Bleecker St","40.73535398","-74.00483091","509","9 Ave & W 22 St","40.7454973","-74.00197139","20768","Subscriber","1981","2"
"176","2013-12-01 12:35:47","2013-12-01 12:38:43","482","W 15 St & 7 Ave","40.73935542","-73.99931783","470","W 20 St & 8 Ave","40.74345335","-74.00004031","20191","Subscriber","1939","1"
"371","2013-12-01 12:35:50","2013-12-01 12:42:01","401","Allen St & Rivington St","40.72019576","-73.98997825","350","Clinton St & Grand St","40.71559509","-73.9870295","15863","Subscriber","1962","2"
"2228","2013-12-01 12:35:59","2013-12-01 13:13:07","392","Jay St & Tech Pl","40.695065","-73.987167","329","Greenwich St & N Moore St","40.72043411","-74.01020609","16605","Subscriber","1984","1"
"469","2013-12-01 12:35:59","2013-12-01 12:43:48","264","Maiden Ln & Pearl St","40.70706456","-74.00731853","152","Warren St & Church St","40.71473993","-74.00910627","17323","Subscriber","1982","1"
"571","2013-12-01 12:36:00","2013-12-01 12:45:31","433","E 13 St & Avenue A","40.72955361","-73.98057249","473","Rivington St & Chrystie St","40.72110063","-73.9919254","15148","Subscriber","1986","1"
"1126","2013-12-01 12:36:01","2013-12-01 12:54:47","404","9 Ave & W 14 St","40.7405826","-74.00550867","444","Broadway & W 24 St","40.7423543","-73.98915076","14640","Subscriber","1976","1"
"622","2013-12-01 12:36:05","2013-12-01 12:46:27","311","Norfolk St & Broome St","40.7172274","-73.98802084","335","Washington Pl & Broadway","40.72903917","-73.99404649","19205","Subscriber","1960","1"
"567","2013-12-01 12:36:06","2013-12-01 12:45:33","433","E 13 St & Avenue A","40.72955361","-73.98057249","473","Rivington St & Chrystie St","40.72110063","-73.9919254","20659","Subscriber","1986","2"
"495","2013-12-01 12:36:07","2013-12-01 12:44:22","335","Washington Pl & Broadway","40.72903917","-73.99404649","150","E 2 St & Avenue C","40.7208736","-73.98085795","16708","Subscriber","1987","1"
"1554","2013-12-01 12:36:12","2013-12-01 13:02:06","527","E 33 St & 1 Ave","40.74315566","-73.97434726","482","W 15 St & 7 Ave","40.73935542","-73.99931783","19107","Subscriber","1988","2"
"263","2013-12-01 12:36:15","2013-12-01 12:40:38","417","Barclay St & Church St","40.71291224","-74.01020234","309","Murray St & West St","40.7149787","-74.013012","17737","Subscriber","1973","1"
"2399","2013-12-01 12:36:15","2013-12-01 13:16:14","459","W 20 St & 11 Ave","40.746745","-74.007756","195","Liberty St & Broadway","40.70905623","-74.01043382","15920","Subscriber","1962","1"
"459","2013-12-01 12:36:15","2013-12-01 12:43:54","264","Maiden Ln & Pearl St","40.70706456","-74.00731853","152","Warren St & Church St","40.71473993","-74.00910627","17692","Subscriber","1987","2"
"457","2013-12-01 12:36:22","2013-12-01 12:43:59","417","Barclay St & Church St","40.71291224","-74.01020234","257","Lispenard St & Broadway","40.71939226","-74.00247214","19094","Subscriber","1978","1"
"311","2013-12-01 12:36:24","2013-12-01 12:41:35","470","W 20 St & 8 Ave","40.74345335","-74.00004031","463","9 Ave & W 16 St","40.74206539","-74.00443172","18314","Subscriber","1940","1"
"397","2013-12-01 12:36:24","2013-12-01 12:43:01","499","Broadway & W 60 St","40.76915505","-73.98191841","305","E 58 St & 3 Ave","40.76095756","-73.96724467","16314","Subscriber","1985","1"
"636","2013-12-01 12:36:26","2013-12-01 12:47:02","127","Barrow St & Hudson St","40.73172428","-74.00674436","127","Barrow St & Hudson St","40.73172428","-74.00674436","19793","Subscriber","1952","1"
"278","2013-12-01 12:36:28","2013-12-01 12:41:06","314","Montague St & Clinton St","40.69424674","-73.99215922","2000","Front St & Washington St","40.70255088","-73.98940236","14761","Subscriber","1971","1"
"1246","2013-12-01 12:36:36","2013-12-01 12:57:22","354","Emerson Pl & Myrtle Ave","40.69363137","-73.96223558","2002","Wythe Ave & Metropolitan Ave","40.716887","-73.963198","14642","Subscriber","1968","1"
"254","2013-12-01 12:36:38","2013-12-01 12:40:52","435","W 21 St & 6 Ave","40.74173969","-73.99415556","453","W 22 St & 8 Ave","40.74475148","-73.99915362","18643","Subscriber","1983","1"
"949","2013-12-01 12:36:41","2013-12-01 12:52:30","263","Elizabeth St & Hester St","40.71729","-73.996375","476","E 31 St & 3 Ave","40.74394314","-73.97966069","19716","Subscriber","1975","1"
"1062","2013-12-01 12:36:41","2013-12-01 12:54:23","350","Clinton St & Grand St","40.71559509","-73.9870295","294","Washington Square E","40.73049393","-73.9957214","20075","Subscriber","1984","2"
"327","2013-12-01 12:36:46","2013-12-01 12:42:13","473","Rivington St & Chrystie St","40.72110063","-73.9919254","326","E 11 St & 1 Ave","40.72953837","-73.98426726","16724","Subscriber","1981","1"
"345","2013-12-01 12:36:46","2013-12-01 12:42:31","441","E 52 St & 2 Ave","40.756014","-73.967416","167","E 39 St & 3 Ave","40.7489006","-73.97604882","19821","Subscriber","1984","1"
"345","2013-12-01 12:36:54","2013-12-01 12:42:39","285","Broadway & E 14 St","40.73454567","-73.99074142","223","W 13 St & 7 Ave","40.73781509","-73.99994661","16442","Subscriber","1970","1"
"587","2013-12-01 12:36:54","2013-12-01 12:46:41","534","Water - Whitehall Plaza","40.70255065","-74.0127234","331","Pike St & Monroe St","40.71173107","-73.99193043","17225","Subscriber","1974","1"
"587","2013-12-01 12:36:56","2013-12-01 12:46:43","466","W 25 St & 6 Ave","40.74395411","-73.99144871","545","E 23 St & 1 Ave","40.736502","-73.97809472","19117","Subscriber","1953","1"
"4097","2013-12-01 12:36:59","2013-12-01 13:45:16","281","Grand Army Plaza & Central Park S","40.7643971","-73.97371465","499","Broadway & W 60 St","40.76915505","-73.98191841","18724","Customer",\N,"0"
"521","2013-12-01 12:37:03","2013-12-01 12:45:44","422","W 59 St & 10 Ave","40.770513","-73.988038","515","W 43 St & 10 Ave","40.76009437","-73.99461843","20532","Subscriber","1979","1"
"722","2013-12-01 12:37:10","2013-12-01 12:49:12","462","W 22 St & 10 Ave","40.74691959","-74.00451887","128","MacDougal St & Prince St","40.72710258","-74.00297088","17102","Subscriber","1981","2"
"595","2013-12-01 12:37:11","2013-12-01 12:47:06","116","W 17 St & 8 Ave","40.74177603","-74.00149746","483","E 12 St & 3 Ave","40.73223272","-73.98889957","18252","Subscriber","1975","1"
"1428","2013-12-01 12:37:12","2013-12-01 13:01:00","327","Vesey Pl & River Terrace","40.7153379","-74.01658354","151","Cleveland Pl & Spring St","40.7218158","-73.99720307","17651","Customer",\N,"0"
"408","2013-12-01 12:37:21","2013-12-01 12:44:09","237","E 11 St & 2 Ave","40.73047309","-73.98672378","473","Rivington St & Chrystie St","40.72110063","-73.9919254","18649","Subscriber","1989","1"
"575","2013-12-01 12:37:23","2013-12-01 12:46:58","395","Bond St & Schermerhorn St","40.68807003","-73.98410637","397","Fulton St & Clermont Ave","40.68415748","-73.96922273","15870","Subscriber","1978","1"
"1223","2013-12-01 12:37:32","2013-12-01 12:57:55","360","William St & Pine St","40.70717936","-74.00887308","334","W 20 St & 7 Ave","40.74238787","-73.99726235","15374","Subscriber","1989","2"
"554","2013-12-01 12:37:32","2013-12-01 12:46:46","430","York St & Jay St","40.7014851","-73.98656928","157","Henry St & Atlantic Ave","40.69089272","-73.99612349","15190","Subscriber","1980","1"
"450","2013-12-01 12:37:32","2013-12-01 12:45:02","523","W 38 St & 8 Ave","40.75466591","-73.99138152","334","W 20 St & 7 Ave","40.74238787","-73.99726235","14908","Subscriber","1977","1"
"1381","2013-12-01 12:37:39","2013-12-01 13:00:40","327","Vesey Pl & River Terrace","40.7153379","-74.01658354","151","Cleveland Pl & Spring St","40.7218158","-73.99720307","20967","Customer",\N,"0"
"972","2013-12-01 12:37:41","2013-12-01 12:53:53","474","5 Ave & E 29 St","40.7451677","-73.98683077","468","Broadway & W 55 St","40.7652654","-73.98192338","18043","Subscriber","1964","2"
"247","2013-12-01 12:37:42","2013-12-01 12:41:49","314","Montague St & Clinton St","40.69424674","-73.99215922","218","Gallatin Pl & Livingston St","40.69028437","-73.98707105","20875","Subscriber","1952","1"
"445","2013-12-01 12:37:42","2013-12-01 12:45:07","293","Lafayette St & E 8 St","40.73028666","-73.9907647","475","E 16 St & Irving Pl","40.73524276","-73.98758561","16283","Subscriber","1969","1"
"4032","2013-12-01 12:37:44","2013-12-01 13:44:56","281","Grand Army Plaza & Central Park S","40.7643971","-73.97371465","499","Broadway & W 60 St","40.76915505","-73.98191841","20008","Customer",\N,"0"
"619","2013-12-01 12:37:45","2013-12-01 12:48:04","238","Bank St & Washington St","40.7361967","-74.00859207","303","Mercer St & Spring St","40.72362738","-73.99949601","17621","Subscriber","1957","1"
"511","2013-12-01 12:37:49","2013-12-01 12:46:20","497","E 17 St & Broadway","40.73704984","-73.99009296","404","9 Ave & W 14 St","40.7405826","-74.00550867","16128","Subscriber","1978","2"
"1211","2013-12-01 12:37:53","2013-12-01 12:58:04","368","Carmine St & 6 Ave","40.73038599","-74.00214988","251","Mott St & Prince St","40.72317958","-73.99480012","18403","Subscriber","1986","2"
"190","2013-12-01 12:37:56","2013-12-01 12:41:06","469","Broadway & W 53 St","40.76344058","-73.98268129","457","Broadway & W 58 St","40.76695317","-73.98169333","15771","Subscriber","1978","1"
"443","2013-12-01 12:37:57","2013-12-01 12:45:20","334","W 20 St & 7 Ave","40.74238787","-73.99726235","358","Christopher St & Greenwich St","40.73291553","-74.00711384","19267","Subscriber","1973","1"
"484","2013-12-01 12:38:01","2013-12-01 12:46:05","368","Carmine St & 6 Ave","40.73038599","-74.00214988","116","W 17 St & 8 Ave","40.74177603","-74.00149746","20872","Subscriber","1975","2"
"298","2013-12-01 12:38:03","2013-12-01 12:43:01","411","E 6 St & Avenue D","40.72228087","-73.97668709","301","E 2 St & Avenue B","40.72217444","-73.98368779","16589","Subscriber","1984","1"
"968","2013-12-01 12:38:08","2013-12-01 12:54:16","459","W 20 St & 11 Ave","40.746745","-74.007756","358","Christopher St & Greenwich St","40.73291553","-74.00711384","14762","Subscriber","1953","1"
"702","2013-12-01 12:38:12","2013-12-01 12:49:54","268","Howard St & Centre St","40.71910537","-73.99973337","301","E 2 St & Avenue B","40.72217444","-73.98368779","20143","Subscriber","1974","1"
"323","2013-12-01 12:38:13","2013-12-01 12:43:36","459","W 20 St & 11 Ave","40.746745","-74.007756","459","W 20 St & 11 Ave","40.746745","-74.007756","18266","Customer",\N,"0"
"155","2013-12-01 12:38:15","2013-12-01 12:40:50","284","Greenwich Ave & 8 Ave","40.7390169121","-74.0026376103","346","Bank St & Hudson St","40.73652889","-74.00618026","20132","Subscriber","1965","1"
"448","2013-12-01 12:38:16","2013-12-01 12:45:44","116","W 17 St & 8 Ave","40.74177603","-74.00149746","402","Broadway & E 22 St","40.7403432","-73.98955109","17826","Subscriber","1983","1"
"115","2013-12-01 12:38:18","2013-12-01 12:40:13","509","9 Ave & W 22 St","40.7454973","-74.00197139","434","9 Ave & W 18 St","40.74317449","-74.00366443","19598","Subscriber","1957","1"
"474","2013-12-01 12:38:22","2013-12-01 12:46:16","432","E 7 St & Avenue A","40.72621788","-73.98379855","174","E 25 St & 1 Ave","40.7381765","-73.97738662","19024","Subscriber","1967","1"
"2086","2013-12-01 12:38:23","2013-12-01 13:13:09","271","Ashland Pl & Hanson Pl","40.68528172","-73.97805813","83","Atlantic Ave & Fort Greene Pl","40.68382604","-73.97632328","19308","Subscriber","1969","1"
"361","2013-12-01 12:38:23","2013-12-01 12:44:24","284","Greenwich Ave & 8 Ave","40.7390169121","-74.0026376103","459","W 20 St & 11 Ave","40.746745","-74.007756","18049","Subscriber","1972","2"
"454","2013-12-01 12:38:24","2013-12-01 12:45:58","368","Carmine St & 6 Ave","40.73038599","-74.00214988","116","W 17 St & 8 Ave","40.74177603","-74.00149746","17688","Subscriber","1967","1"
"676","2013-12-01 12:38:27","2013-12-01 12:49:43","212","W 16 St & The High Line","40.74334935","-74.00681753","247","Perry St & Bleecker St","40.73535398","-74.00483091","19965","Subscriber","1957","2"
"624","2013-12-01 12:38:29","2013-12-01 12:48:53","426","West St & Chambers St","40.71754834","-74.01322069","251","Mott St & Prince St","40.72317958","-73.99480012","18417","Subscriber","1974","2"
"1716","2013-12-01 12:38:37","2013-12-01 13:07:13","157","Henry St & Atlantic Ave","40.69089272","-73.99612349","481","S 3 St & Bedford Ave","40.71260486","-73.96264403","16133","Subscriber","1984","2"
"1073","2013-12-01 12:38:40","2013-12-01 12:56:33","422","W 59 St & 10 Ave","40.770513","-73.988038","459","W 20 St & 11 Ave","40.746745","-74.007756","15306","Subscriber","1970","2"
"658","2013-12-01 12:38:43","2013-12-01 12:49:41","212","W 16 St & The High Line","40.74334935","-74.00681753","247","Perry St & Bleecker St","40.73535398","-74.00483091","15840","Subscriber","1957","1"
"466","2013-12-01 12:38:48","2013-12-01 12:46:34","540","Lexington Ave & E 26 St","40.74147286","-73.98320928","294","Washington Square E","40.73049393","-73.9957214","20311","Subscriber","1989","1"
"922","2013-12-01 12:38:49","2013-12-01 12:54:11","361","Allen St & Hester St","40.71605866","-73.99190759","323","Lawrence St & Willoughby St","40.69236178","-73.98631746","14959","Subscriber","1983","1"
"1140","2013-12-01 12:38:54","2013-12-01 12:57:54","336","Sullivan St & Washington Sq","40.73047747","-73.99906065","484","W 44 St & 5 Ave","40.75500254","-73.98014437","16111","Subscriber","1981","1"
"1865","2013-12-01 12:38:54","2013-12-01 13:09:59","401","Allen St & Rivington St","40.72019576","-73.98997825","401","Allen St & Rivington St","40.72019576","-73.98997825","20158","Subscriber","1991","1"
"1043","2013-12-01 12:39:02","2013-12-01 12:56:25","422","W 59 St & 10 Ave","40.770513","-73.988038","459","W 20 St & 11 Ave","40.746745","-74.007756","20214","Subscriber","1966","2"
"280","2013-12-01 12:39:07","2013-12-01 12:43:47","475","E 16 St & Irving Pl","40.73524276","-73.98758561","402","Broadway & E 22 St","40.7403432","-73.98955109","17725","Subscriber","1973","2"
"763","2013-12-01 12:39:07","2013-12-01 12:51:50","475","E 16 St & Irving Pl","40.73524276","-73.98758561","531","Forsyth St & Broome St","40.71893904","-73.99266288","18768","Subscriber","1961","2"
"509","2013-12-01 12:39:07","2013-12-01 12:47:36","387","Centre St & Chambers St","40.71273266","-74.0046073","361","Allen St & Hester St","40.71605866","-73.99190759","18012","Subscriber","1952","1"
"599","2013-12-01 12:39:09","2013-12-01 12:49:08","428","E 3 St & 1 Ave","40.72467721","-73.98783413","285","Broadway & E 14 St","40.73454567","-73.99074142","18931","Subscriber","1990","2"
"293","2013-12-01 12:39:10","2013-12-01 12:44:03","521","8 Ave & W 31 St","40.75044999","-73.99481051","434","9 Ave & W 18 St","40.74317449","-74.00366443","19501","Subscriber","1977","1"
"165","2013-12-01 12:39:18","2013-12-01 12:42:03","518","E 39 St & 2 Ave","40.74780373","-73.9734419","528","2 Ave & E 31 St","40.74290902","-73.97706058","19911","Subscriber","1989","1"
"410","2013-12-01 12:39:21","2013-12-01 12:46:11","313","Washington Ave & Park Ave","40.69610226","-73.96751037","282","Kent Ave & S 11 St","40.70827295","-73.96834101","20821","Subscriber","1981","1"
"1614","2013-12-01 12:39:24","2013-12-01 13:06:18","515","W 43 St & 10 Ave","40.76009437","-73.99461843","458","11 Ave & W 27 St","40.751396","-74.005226","16662","Subscriber","1954","2"
"1978","2013-12-01 12:39:29","2013-12-01 13:12:27","259","South St & Whitehall St","40.70122128","-74.01234218","501","FDR Drive & E 35 St","40.744219","-73.97121214","20654","Customer",\N,"0"
"282","2013-12-01 12:39:30","2013-12-01 12:44:12","510","W 51 St & 6 Ave","40.7606597","-73.98042047","137","E 56 St & Madison Ave","40.761628","-73.972924","19492","Subscriber","1983","1"
"531","2013-12-01 12:39:30","2013-12-01 12:48:21","280","E 10 St & 5 Ave","40.73331967","-73.99510132","487","E 20 St & FDR Drive","40.73314259","-73.97573881","20885","Subscriber","1970","1"
"479","2013-12-01 12:39:31","2013-12-01 12:47:30","466","W 25 St & 6 Ave","40.74395411","-73.99144871","380","W 4 St & 7 Ave S","40.73401143","-74.00293877","19152","Subscriber","1988","1"
"829","2013-12-01 12:39:35","2013-12-01 12:53:24","167","E 39 St & 3 Ave","40.7489006","-73.97604882","168","W 18 St & 6 Ave","40.73971301","-73.99456405","14777","Subscriber","1979","1"
"3267","2013-12-01 12:39:36","2013-12-01 13:34:03","499","Broadway & W 60 St","40.76915505","-73.98191841","498","Broadway & W 32 St","40.74854862","-73.98808416","20120","Subscriber","1944","2"
"1174","2013-12-01 12:39:36","2013-12-01 12:59:10","356","Bialystoker Pl & Delancey St","40.71622644","-73.98261206","259","South St & Whitehall St","40.70122128","-74.01234218","14925","Customer",\N,"0"
"315","2013-12-01 12:39:40","2013-12-01 12:44:55","401","Allen St & Rivington St","40.72019576","-73.98997825","295","Pike St & E Broadway","40.71406667","-73.99293911","15022","Subscriber","1981","1"
"1327","2013-12-01 12:39:49","2013-12-01 13:01:56","195","Liberty St & Broadway","40.70905623","-74.01043382","497","E 17 St & Broadway","40.73704984","-73.99009296","16635","Subscriber","1960","1"
"331","2013-12-01 12:39:49","2013-12-01 12:45:20","401","Allen St & Rivington St","40.72019576","-73.98997825","295","Pike St & E Broadway","40.71406667","-73.99293911","15327","Subscriber","1965","1"
"314","2013-12-01 12:39:52","2013-12-01 12:45:06","447","8 Ave & W 52 St","40.76370739","-73.9851615","422","W 59 St & 10 Ave","40.770513","-73.988038","17941","Subscriber","1987","1"
"1162","2013-12-01 12:39:54","2013-12-01 12:59:16","356","Bialystoker Pl & Delancey St","40.71622644","-73.98261206","259","South St & Whitehall St","40.70122128","-74.01234218","17657","Subscriber","1982","1"
"379","2013-12-01 12:39:55","2013-12-01 12:46:14","2009","Catherine St & Monroe St","40.71117444","-73.99682619","316","Fulton St & William St","40.70955958","-74.00653609","19886","Subscriber","1981","1"
"3888","2013-12-01 12:39:57","2013-12-01 13:44:45","281","Grand Army Plaza & Central Park S","40.7643971","-73.97371465","499","Broadway & W 60 St","40.76915505","-73.98191841","18376","Customer",\N,"0"
"910","2013-12-01 12:39:58","2013-12-01 12:55:08","274","Lafayette Ave & Fort Greene Pl","40.68691865","-73.976682","274","Lafayette Ave & Fort Greene Pl","40.68691865","-73.976682","18948","Subscriber","1964","2"
"357","2013-12-01 12:39:59","2013-12-01 12:45:56","404","9 Ave & W 14 St","40.7405826","-74.00550867","127","Barrow St & Hudson St","40.73172428","-74.00674436","15548","Subscriber","1980","1"
"907","2013-12-01 12:39:59","2013-12-01 12:55:06","392","Jay St & Tech Pl","40.695065","-73.987167","268","Howard St & Centre St","40.71910537","-73.99973337","16925","Subscriber","1979","1"
"778","2013-12-01 12:40:00","2013-12-01 12:52:58","353","S Portland Ave & Hanson Pl","40.68539567","-73.97431458","282","Kent Ave & S 11 St","40.70827295","-73.96834101","18229","Subscriber","1972","1"
"464","2013-12-01 12:40:04","2013-12-01 12:47:48","507","E 25 St & 2 Ave","40.73912601","-73.97973776","317","E 6 St & Avenue B","40.72453734","-73.98185424","15426","Subscriber","1980","1"
"1912","2013-12-01 12:40:07","2013-12-01 13:11:59","259","South St & Whitehall St","40.70122128","-74.01234218","501","FDR Drive & E 35 St","40.744219","-73.97121214","20052","Subscriber","1977","2"
"1440","2013-12-01 12:40:11","2013-12-01 13:04:11","380","W 4 St & 7 Ave S","40.73401143","-74.00293877","382","University Pl & E 14 St","40.73492695","-73.99200509","20578","Customer",\N,"0"
"174","2013-12-01 12:40:14","2013-12-01 12:43:08","312","Allen St & E Houston St","40.722055","-73.989111","361","Allen St & Hester St","40.71605866","-73.99190759","16448","Subscriber","1988","1"
"1731","2013-12-01 12:40:15","2013-12-01 13:09:06","337","Old Slip & Front St","40.7037992","-74.00838676","368","Carmine St & 6 Ave","40.73038599","-74.00214988","16323","Subscriber","1989","2"
"263","2013-12-01 12:40:17","2013-12-01 12:44:40","342","Columbia St & Rivington St","40.71739973","-73.98016555","350","Clinton St & Grand St","40.71559509","-73.9870295","16908","Subscriber","1985","1"
"324","2013-12-01 12:40:19","2013-12-01 12:45:43","261","Johnson St & Gold St","40.69474881","-73.98362464","233","Joralemon St & Adams St","40.69246277","-73.98963911","16037","Subscriber","1983","1"
"332","2013-12-01 12:40:21","2013-12-01 12:45:53","434","9 Ave & W 18 St","40.74317449","-74.00366443","380","W 4 St & 7 Ave S","40.73401143","-74.00293877","20233","Subscriber","1957","1"
"737","2013-12-01 12:40:36","2013-12-01 12:52:53","449","W 52 St & 9 Ave","40.76461837","-73.98789473","388","W 26 St & 10 Ave","40.749717753","-74.002950346","15377","Subscriber","1972","1"
"474","2013-12-01 12:40:36","2013-12-01 12:48:30","224","Spruce St & Nassau St","40.71146364","-74.00552427","329","Greenwich St & N Moore St","40.72043411","-74.01020609","16920","Subscriber","1953","1"
"580","2013-12-01 12:40:38","2013-12-01 12:50:18","475","E 16 St & Irving Pl","40.73524276","-73.98758561","383","Greenwich Ave & Charles St","40.735238","-74.000271","17871","Subscriber","1986","1"
"657","2013-12-01 12:40:38","2013-12-01 12:51:35","482","W 15 St & 7 Ave","40.73935542","-73.99931783","2010","Grand St & Greene St","40.72165481","-74.00234737","20336","Subscriber","1969","1"
"584","2013-12-01 12:40:39","2013-12-01 12:50:23","475","E 16 St & Irving Pl","40.73524276","-73.98758561","383","Greenwich Ave & Charles St","40.735238","-74.000271","15657","Subscriber","1987","2"
"307","2013-12-01 12:40:43","2013-12-01 12:45:50","521","8 Ave & W 31 St","40.75044999","-73.99481051","334","W 20 St & 7 Ave","40.74238787","-73.99726235","15947","Subscriber","1988","1"
"1115","2013-12-01 12:40:47","2013-12-01 12:59:22","479","9 Ave & W 45 St","40.76019252","-73.9912551","223","W 13 St & 7 Ave","40.73781509","-73.99994661","18821","Subscriber","1986","2"
"616","2013-12-01 12:40:51","2013-12-01 12:51:07","472","E 32 St & Park Ave","40.7457121","-73.98194829","512","W 29 St & 9 Ave","40.7500727","-73.99839279","17191","Subscriber","1976","1"
"743","2013-12-01 12:40:54","2013-12-01 12:53:17","445","E 10 St & Avenue A","40.72740794","-73.98142006","82","St James Pl & Pearl St","40.71117416","-74.00016545","19891","Subscriber","1969","1"
"1233","2013-12-01 12:40:55","2013-12-01 13:01:28","479","9 Ave & W 45 St","40.76019252","-73.9912551","345","W 13 St & 6 Ave","40.73649403","-73.99704374","19111","Subscriber","1983","2"
"949","2013-12-01 12:40:59","2013-12-01 12:56:48","479","9 Ave & W 45 St","40.76019252","-73.9912551","537","Lexington Ave & E 24 St","40.74025878","-73.98409214","17832","Subscriber","1978","1"
"1857","2013-12-01 12:41:00","2013-12-01 13:11:57","499","Broadway & W 60 St","40.76915505","-73.98191841","167","E 39 St & 3 Ave","40.7489006","-73.97604882","15199","Subscriber","1970","2"
"749","2013-12-01 12:41:01","2013-12-01 12:53:30","261","Johnson St & Gold St","40.69474881","-73.98362464","412","Forsyth St & Canal St","40.7158155","-73.99422366","18300","Subscriber","1982","1"
"184","2013-12-01 12:41:05","2013-12-01 12:44:09","428","E 3 St & 1 Ave","40.72467721","-73.98783413","326","E 11 St & 1 Ave","40.72953837","-73.98426726","20814","Subscriber","1969","1"
"578","2013-12-01 12:41:07","2013-12-01 12:50:45","499","Broadway & W 60 St","40.76915505","-73.98191841","499","Broadway & W 60 St","40.76915505","-73.98191841","17929","Customer",\N,"0"
"613","2013-12-01 12:41:08","2013-12-01 12:51:21","505","6 Ave & W 33 St","40.74901271","-73.98848395","497","E 17 St & Broadway","40.73704984","-73.99009296","20106","Customer",\N,"0"
"522","2013-12-01 12:41:10","2013-12-01 12:49:52","127","Barrow St & Hudson St","40.73172428","-74.00674436","435","W 21 St & 6 Ave","40.74173969","-73.99415556","19054","Subscriber","1993","1"
"397","2013-12-01 12:41:17","2013-12-01 12:47:54","518","E 39 St & 2 Ave","40.74780373","-73.9734419","546","E 30 St & Park Ave S","40.74444921","-73.98303529","17568","Subscriber","1991","1"
"358","2013-12-01 12:41:18","2013-12-01 12:47:16","284","Greenwich Ave & 8 Ave","40.7390169121","-74.0026376103","253","W 13 St & 5 Ave","40.73543934","-73.99453948","19608","Subscriber","1988","2"
"512","2013-12-01 12:41:22","2013-12-01 12:49:54","168","W 18 St & 6 Ave","40.73971301","-73.99456405","456","E 53 St & Madison Ave","40.7597108","-73.97402311","18388","Subscriber","1968","1"
"1146","2013-12-01 12:41:27","2013-12-01 13:00:33","509","9 Ave & W 22 St","40.7454973","-74.00197139","426","West St & Chambers St","40.71754834","-74.01322069","14729","Subscriber","1986","1"
"603","2013-12-01 12:41:29","2013-12-01 12:51:32","406","Hicks St & Montague St","40.69512845","-73.99595065","298","3 Ave & Schermerhorn St","40.68683208","-73.9796772","18581","Subscriber","1977","2"
"528","2013-12-01 12:41:33","2013-12-01 12:50:21","307","Canal St & Rutgers St","40.71427487","-73.98990025","303","Mercer St & Spring St","40.72362738","-73.99949601","15521","Subscriber","1963","1"
"401","2013-12-01 12:41:36","2013-12-01 12:48:17","361","Allen St & Hester St","40.71605866","-73.99190759","375","Mercer St & Bleecker St","40.72679454","-73.99695094","15351","Subscriber","1977","1"
"1146","2013-12-01 12:41:37","2013-12-01 13:00:43","509","9 Ave & W 22 St","40.7454973","-74.00197139","426","West St & Chambers St","40.71754834","-74.01322069","18482","Subscriber","1972","1"
"728","2013-12-01 12:41:46","2013-12-01 12:53:54","380","W 4 St & 7 Ave S","40.73401143","-74.00293877","458","11 Ave & W 27 St","40.751396","-74.005226","17147","Subscriber","1986","2"
"1469","2013-12-01 12:41:47","2013-12-01 13:06:16","459","W 20 St & 11 Ave","40.746745","-74.007756","459","W 20 St & 11 Ave","40.746745","-74.007756","20703","Subscriber","1984","1"
"706","2013-12-01 12:41:49","2013-12-01 12:53:35","391","Clark St & Henry St","40.69760127","-73.99344559","310","State St & Smith St","40.68926942","-73.98912867","15407","Subscriber","1965","1"
"362","2013-12-01 12:41:49","2013-12-01 12:47:51","502","Henry St & Grand St","40.714215","-73.981346","311","Norfolk St & Broome St","40.7172274","-73.98802084","16144","Subscriber","1987","2"
"381","2013-12-01 12:42:02","2013-12-01 12:48:23","355","Bayard St & Baxter St","40.71602118","-73.99974372","146","Hudson St & Reade St","40.71625008","-74.0091059","15016","Subscriber","1958","1"
"360","2013-12-01 12:42:02","2013-12-01 12:48:02","395","Bond St & Schermerhorn St","40.68807003","-73.98410637","143","Clinton St & Joralemon St","40.69239502","-73.99337909","19355","Customer",\N,"0"
"1004","2013-12-01 12:42:03","2013-12-01 12:58:47","247","Perry St & Bleecker St","40.73535398","-74.00483091","488","W 39 St & 9 Ave","40.75645824","-73.99372222","20268","Subscriber","1976","1"
"308","2013-12-01 12:42:03","2013-12-01 12:47:11","248","Laight St & Hudson St","40.72185379","-74.00771779","368","Carmine St & 6 Ave","40.73038599","-74.00214988","17555","Subscriber","1968","1"
"631","2013-12-01 12:42:04","2013-12-01 12:52:35","462","W 22 St & 10 Ave","40.74691959","-74.00451887","253","W 13 St & 5 Ave","40.73543934","-73.99453948","16300","Subscriber","1973","1"
"206","2013-12-01 12:42:04","2013-12-01 12:45:30","439","E 4 St & 2 Ave","40.7262807","-73.98978041","326","E 11 St & 1 Ave","40.72953837","-73.98426726","16624","Subscriber","1987","1"
"682","2013-12-01 12:42:05","2013-12-01 12:53:27","326","E 11 St & 1 Ave","40.72953837","-73.98426726","252","MacDougal St & Washington Sq","40.73226398","-73.99852205","14926","Subscriber","1988","2"
"319","2013-12-01 12:42:07","2013-12-01 12:47:26","528","2 Ave & E 31 St","40.74290902","-73.97706058","485","W 37 St & 5 Ave","40.75038009","-73.98338988","20988","Subscriber","1986","1"
"2538","2013-12-01 12:42:10","2013-12-01 13:24:28","462","W 22 St & 10 Ave","40.74691959","-74.00451887","462","W 22 St & 10 Ave","40.74691959","-74.00451887","19410","Subscriber","1984","1"
"1293","2013-12-01 12:42:13","2013-12-01 13:03:46","514","12 Ave & W 40 St","40.76087502","-74.00277668","426","West St & Chambers St","40.71754834","-74.01322069","17742","Customer",\N,"0"
"402","2013-12-01 12:42:15","2013-12-01 12:48:57","274","Lafayette Ave & Fort Greene Pl","40.68691865","-73.976682","418","Front St & Gold St","40.70224","-73.982578","19567","Subscriber","1979","1"
"1333","2013-12-01 12:42:21","2013-12-01 13:04:34","294","Washington Square E","40.73049393","-73.9957214","441","E 52 St & 2 Ave","40.756014","-73.967416","18035","Subscriber","1966","1"
"1084","2013-12-01 12:42:22","2013-12-01 13:00:26","301","E 2 St & Avenue B","40.72217444","-73.98368779","2009","Catherine St & Monroe St","40.71117444","-73.99682619","14618","Subscriber","1973","1"
"793","2013-12-01 12:42:24","2013-12-01 12:55:37","496","E 16 St & 5 Ave","40.73726186","-73.99238967","521","8 Ave & W 31 St","40.75044999","-73.99481051","14858","Subscriber","1986","1"
"421","2013-12-01 12:42:42","2013-12-01 12:49:43","316","Fulton St & William St","40.70955958","-74.00653609","426","West St & Chambers St","40.71754834","-74.01322069","16590","Subscriber","1985","1"
"314","2013-12-01 12:42:45","2013-12-01 12:47:59","388","W 26 St & 10 Ave","40.749717753","-74.002950346","479","9 Ave & W 45 St","40.76019252","-73.9912551","17197","Subscriber","1957","1"
"315","2013-12-01 12:42:46","2013-12-01 12:48:01","250","Lafayette St & Jersey St","40.72456089","-73.99565293","150","E 2 St & Avenue C","40.7208736","-73.98085795","16985","Subscriber","1993","1"
"972","2013-12-01 12:42:48","2013-12-01 12:59:00","336","Sullivan St & Washington Sq","40.73047747","-73.99906065","346","Bank St & Hudson St","40.73652889","-74.00618026","17445","Subscriber","1971","1"
"308","2013-12-01 12:42:50","2013-12-01 12:47:58","482","W 15 St & 7 Ave","40.73935542","-73.99931783","212","W 16 St & The High Line","40.74334935","-74.00681753","15839","Subscriber","1989","1"
"541","2013-12-01 12:42:54","2013-12-01 12:51:55","428","E 3 St & 1 Ave","40.72467721","-73.98783413","325","E 19 St & 3 Ave","40.73624527","-73.98473765","20546","Subscriber","1974","2"
"406","2013-12-01 12:42:55","2013-12-01 12:49:41","402","Broadway & E 22 St","40.7403432","-73.98955109","285","Broadway & E 14 St","40.73454567","-73.99074142","20787","Subscriber","1988","1"
"309","2013-12-01 12:42:57","2013-12-01 12:48:06","3002","South End Ave & Liberty St","40.711512","-74.015756","427","State St","40.70251526","-74.01427023","15836","Subscriber","1976","1"
"658","2013-12-01 12:43:01","2013-12-01 12:53:59","263","Elizabeth St & Hester St","40.71729","-73.996375","426","West St & Chambers St","40.71754834","-74.01322069","19710","Subscriber","1963","1"
"774","2013-12-01 12:43:04","2013-12-01 12:55:58","358","Christopher St & Greenwich St","40.73291553","-74.00711384","496","E 16 St & 5 Ave","40.73726186","-73.99238967","19421","Subscriber","1977","2"
"777","2013-12-01 12:43:14","2013-12-01 12:56:11","502","Henry St & Grand St","40.714215","-73.981346","251","Mott St & Prince St","40.72317958","-73.99480012","18096","Subscriber","1958","2"
"545","2013-12-01 12:43:16","2013-12-01 12:52:21","284","Greenwich Ave & 8 Ave","40.7390169121","-74.0026376103","521","8 Ave & W 31 St","40.75044999","-73.99481051","17938","Subscriber","1984","1"
"683","2013-12-01 12:43:20","2013-12-01 12:54:43","509","9 Ave & W 22 St","40.7454973","-74.00197139","540","Lexington Ave & E 26 St","40.74147286","-73.98320928","18865","Subscriber","1957","1"
"346","2013-12-01 12:43:26","2013-12-01 12:49:12","336","Sullivan St & Washington Sq","40.73047747","-73.99906065","323","Lawrence St & Willoughby St","40.69236178","-73.98631746","20860","Subscriber","1960","2"
"726","2013-12-01 12:43:40","2013-12-01 12:55:46","251","Mott St & Prince St","40.72317958","-73.99480012","326","E 11 St & 1 Ave","40.72953837","-73.98426726","18312","Subscriber","1979","2"
"329","2013-12-01 12:43:47","2013-12-01 12:49:16","306","Cliff St & Fulton St","40.70823502","-74.00530063","415","Pearl St & Hanover Square","40.7047177","-74.00926027","17394","Subscriber","1962","2"
"817","2013-12-01 12:43:49","2013-12-01 12:57:26","502","Henry St & Grand St","40.714215","-73.981346","304","Broadway & Battery Pl","40.70463334","-74.01361706","16101","Subscriber","1974","1"
"1097","2013-12-01 12:43:52","2013-12-01 13:02:09","479","9 Ave & W 45 St","40.76019252","-73.9912551","285","Broadway & E 14 St","40.73454567","-73.99074142","14990","Subscriber","1979","1"
"341","2013-12-01 12:43:52","2013-12-01 12:49:33","308","St James Pl & Oliver St","40.71307916","-73.99851193","151","Cleveland Pl & Spring St","40.7218158","-73.99720307","15760","Subscriber","1980","1"
"531","2013-12-01 12:43:54","2013-12-01 12:52:45","306","Cliff St & Fulton St","40.70823502","-74.00530063","316","Fulton St & William St","40.70955958","-74.00653609","18943","Subscriber","1984","2"
"296","2013-12-01 12:43:56","2013-12-01 12:48:52","2003","1 Ave & E 18 St","40.73416059","-73.98024289","483","E 12 St & 3 Ave","40.73223272","-73.98889957","19207","Subscriber","1987","1"
"257","2013-12-01 12:44:14","2013-12-01 12:48:31","466","W 25 St & 6 Ave","40.74395411","-73.99144871","505","6 Ave & W 33 St","40.74901271","-73.98848395","18045","Subscriber","1953","2"
"944","2013-12-01 12:44:16","2013-12-01 13:00:00","473","Rivington St & Chrystie St","40.72110063","-73.9919254","532","S 5 Pl & S 4 St","40.710451","-73.960876","17755","Subscriber","1989","1"
"1077","2013-12-01 12:44:27","2013-12-01 13:02:24","465","Broadway & W 41 St","40.75513557","-73.98658032","375","Mercer St & Bleecker St","40.72679454","-73.99695094","17138","Subscriber","1982","1"
"682","2013-12-01 12:44:29","2013-12-01 12:55:51","358","Christopher St & Greenwich St","40.73291553","-74.00711384","496","E 16 St & 5 Ave","40.73726186","-73.99238967","16056","Customer",\N,"0"
"483","2013-12-01 12:44:38","2013-12-01 12:52:41","457","Broadway & W 58 St","40.76695317","-73.98169333","385","E 55 St & 2 Ave","40.75797322","-73.96603308","17084","Subscriber","1972","1"
"779","2013-12-01 12:44:39","2013-12-01 12:57:38","2017","E 43 St & 2 Ave","40.75022392","-73.97121414","521","8 Ave & W 31 St","40.75044999","-73.99481051","20791","Subscriber","1977","1"
"101","2013-12-01 12:44:44","2013-12-01 12:46:25","314","Montague St & Clinton St","40.69424674","-73.99215922","232","Cadman Plaza E & Tillary St","40.69597683","-73.99014892","18329","Subscriber","1983","2"
"525","2013-12-01 12:44:44","2013-12-01 12:53:29","497","E 17 St & Broadway","40.73704984","-73.99009296","536","1 Ave & E 30 St","40.74144387","-73.97536082","15406","Subscriber","1978","1"
"652","2013-12-01 12:44:48","2013-12-01 12:55:40","444","Broadway & W 24 St","40.7423543","-73.98915076","225","W 14 St & The High Line","40.74195138","-74.00803013","15981","Subscriber","1960","1"
"395","2013-12-01 12:44:50","2013-12-01 12:51:25","254","W 11 St & 6 Ave","40.73532427","-73.99800419","161","LaGuardia Pl & W 3 St","40.72917025","-73.99810231","18046","Subscriber","1960","1"
"7381","2013-12-01 12:44:50","2013-12-01 14:47:51","459","W 20 St & 11 Ave","40.746745","-74.007756","509","9 Ave & W 22 St","40.7454973","-74.00197139","16929","Customer",\N,"0"
"671","2013-12-01 12:44:54","2013-12-01 12:56:05","386","Centre St & Worth St","40.71494807","-74.00234482","225","W 14 St & The High Line","40.74195138","-74.00803013","16928","Subscriber","1964","1"
"1477","2013-12-01 12:45:02","2013-12-01 13:09:39","337","Old Slip & Front St","40.7037992","-74.00838676","265","Stanton St & Chrystie St","40.72229346","-73.99147535","20161","Subscriber","1984","1"
"108","2013-12-01 12:45:08","2013-12-01 12:46:56","540","Lexington Ave & E 26 St","40.74147286","-73.98320928","540","Lexington Ave & E 26 St","40.74147286","-73.98320928","20788","Customer",\N,"0"
"2580","2013-12-01 12:45:08","2013-12-01 13:28:08","281","Grand Army Plaza & Central Park S","40.7643971","-73.97371465","281","Grand Army Plaza & Central Park S","40.7643971","-73.97371465","16339","Customer",\N,"0"
"5620","2013-12-01 12:45:12","2013-12-01 14:18:52","457","Broadway & W 58 St","40.76695317","-73.98169333","499","Broadway & W 60 St","40.76915505","-73.98191841","15771","Subscriber","1959","1"
"500","2013-12-01 12:45:16","2013-12-01 12:53:36","301","E 2 St & Avenue B","40.72217444","-73.98368779","531","Forsyth St & Broome St","40.71893904","-73.99266288","17242","Subscriber","1976","2"
"736","2013-12-01 12:45:29","2013-12-01 12:57:45","128","MacDougal St & Prince St","40.72710258","-74.00297088","150","E 2 St & Avenue C","40.7208736","-73.98085795","16834","Subscriber","1981","1"
"467","2013-12-01 12:45:35","2013-12-01 12:53:22","151","Cleveland Pl & Spring St","40.7218158","-73.99720307","236","St Marks Pl & 2 Ave","40.7284186","-73.98713956","19943","Subscriber","1978","1"
"1194","2013-12-01 12:45:37","2013-12-01 13:05:31","151","Cleveland Pl & Spring St","40.7218158","-73.99720307","402","Broadway & E 22 St","40.7403432","-73.98955109","19353","Customer",\N,"0"
"942","2013-12-01 12:45:41","2013-12-01 13:01:23","233","Joralemon St & Adams St","40.69246277","-73.98963911","365","Fulton St & Grand Ave","40.68223166","-73.9614583","18372","Subscriber","1959","1"
"854","2013-12-01 12:45:44","2013-12-01 12:59:58","236","St Marks Pl & 2 Ave","40.7284186","-73.98713956","380","W 4 St & 7 Ave S","40.73401143","-74.00293877","15354","Subscriber","1981","1"
"1794","2013-12-01 12:45:47","2013-12-01 13:15:41","147","Greenwich St & Warren St","40.71542197","-74.01121978","225","W 14 St & The High Line","40.74195138","-74.00803013","16107","Customer",\N,"0"
"952","2013-12-01 12:45:48","2013-12-01 13:01:40","293","Lafayette St & E 8 St","40.73028666","-73.9907647","464","E 56 St & 3 Ave","40.75934501","-73.96759673","19305","Subscriber","1977","1"
"416","2013-12-01 12:45:49","2013-12-01 12:52:45","369","Washington Pl & 6 Ave","40.73224119","-74.00026394","439","E 4 St & 2 Ave","40.7262807","-73.98978041","16815","Subscriber","1979","2"
"1614","2013-12-01 12:45:51","2013-12-01 13:12:45","195","Liberty St & Broadway","40.70905623","-74.01043382","368","Carmine St & 6 Ave","40.73038599","-74.00214988","17995","Subscriber","1983","1"
"384","2013-12-01 12:45:53","2013-12-01 12:52:17","519","Pershing Square N","40.75188406","-73.97770164","484","W 44 St & 5 Ave","40.75500254","-73.98014437","16459","Subscriber","1948","1"
"2820","2013-12-01 12:45:53","2013-12-01 13:32:53","450","W 49 St & 8 Ave","40.76227205","-73.98788205","512","W 29 St & 9 Ave","40.7500727","-73.99839279","15733","Subscriber","1960","2"
"225","2013-12-01 12:45:58","2013-12-01 12:49:43","435","W 21 St & 6 Ave","40.74173969","-73.99415556","470","W 20 St & 8 Ave","40.74345335","-74.00004031","15032","Subscriber","1984","1"
"1260","2013-12-01 12:46:02","2013-12-01 13:07:02","281","Grand Army Plaza & Central Park S","40.7643971","-73.97371465","524","W 43 St & 6 Ave","40.75527307","-73.98316936","19322","Subscriber","1986","1"
"152","2013-12-01 12:46:09","2013-12-01 12:48:41","293","Lafayette St & E 8 St","40.73028666","-73.9907647","285","Broadway & E 14 St","40.73454567","-73.99074142","17348","Subscriber","1961","1"
"1182","2013-12-01 12:46:09","2013-12-01 13:05:51","151","Cleveland Pl & Spring St","40.7218158","-73.99720307","402","Broadway & E 22 St","40.7403432","-73.98955109","20833","Customer",\N,"0"
"238","2013-12-01 12:46:18","2013-12-01 12:50:16","351","Front St & Maiden Ln","40.70530954","-74.00612572","306","Cliff St & Fulton St","40.70823502","-74.00530063","17570","Subscriber","1953","1"
"363","2013-12-01 12:46:20","2013-12-01 12:52:23","466","W 25 St & 6 Ave","40.74395411","-73.99144871","362","Broadway & W 37 St","40.75172632","-73.98753523","16632","Subscriber","1972","1"
"711","2013-12-01 12:46:20","2013-12-01 12:58:11","479","9 Ave & W 45 St","40.76019252","-73.9912551","527","E 33 St & 1 Ave","40.74315566","-73.97434726","20571","Subscriber","1982","1"
"699","2013-12-01 12:46:25","2013-12-01 12:58:04","352","W 56 St & 6 Ave","40.76340613","-73.97722479","485","W 37 St & 5 Ave","40.75038009","-73.98338988","18281","Subscriber","1964","2"
"309","2013-12-01 12:46:26","2013-12-01 12:51:35","173","Broadway & W 49 St","40.76064679","-73.98442659","520","W 52 St & 5 Ave","40.75992262","-73.97648516","17494","Subscriber","1982","1"
"501","2013-12-01 12:46:26","2013-12-01 12:54:47","433","E 13 St & Avenue A","40.72955361","-73.98057249","293","Lafayette St & E 8 St","40.73028666","-73.9907647","19927","Subscriber","1986","1"
"227","2013-12-01 12:46:30","2013-12-01 12:50:17","447","8 Ave & W 52 St","40.76370739","-73.9851615","513","W 56 St & 10 Ave","40.768254","-73.988639","17217","Subscriber","1980","1"
"774","2013-12-01 12:46:31","2013-12-01 12:59:25","232","Cadman Plaza E & Tillary St","40.69597683","-73.99014892","387","Centre St & Chambers St","40.71273266","-74.0046073","15774","Subscriber","1971","1"
"224","2013-12-01 12:46:37","2013-12-01 12:50:21","432","E 7 St & Avenue A","40.72621788","-73.98379855","300","Shevchenko Pl & E 6 St","40.728145","-73.990214","18256","Subscriber","1972","2"
"1976","2013-12-01 12:46:37","2013-12-01 13:19:33","546","E 30 St & Park Ave S","40.74444921","-73.98303529","355","Bayard St & Baxter St","40.71602118","-73.99974372","16603","Subscriber","1944","1"
"1013","2013-12-01 12:46:40","2013-12-01 13:03:33","472","E 32 St & Park Ave","40.7457121","-73.98194829","472","E 32 St & Park Ave","40.7457121","-73.98194829","19280","Subscriber","1964","1"
"306","2013-12-01 12:46:41","2013-12-01 12:51:47","462","W 22 St & 10 Ave","40.74691959","-74.00451887","435","W 21 St & 6 Ave","40.74173969","-73.99415556","15980","Subscriber","1974","1"
"440","2013-12-01 12:46:42","2013-12-01 12:54:02","151","Cleveland Pl & Spring St","40.7218158","-73.99720307","368","Carmine St & 6 Ave","40.73038599","-74.00214988","16285","Subscriber","1989","1"
"620","2013-12-01 12:46:42","2013-12-01 12:57:02","426","West St & Chambers St","40.71754834","-74.01322069","368","Carmine St & 6 Ave","40.73038599","-74.00214988","18644","Subscriber","1970","2"
"154","2013-12-01 12:46:44","2013-12-01 12:49:18","2009","Catherine St & Monroe St","40.71117444","-73.99682619","82","St James Pl & Pearl St","40.71117416","-74.00016545","14963","Subscriber","1984","1"
"992","2013-12-01 12:46:45","2013-12-01 13:03:17","242","Flushing Ave & Carlton Ave","40.69788349","-73.97350332","324","DeKalb Ave & Hudson Ave","40.689888","-73.981013","15125","Customer",\N,"0"
"230","2013-12-01 12:46:49","2013-12-01 12:50:39","2002","Wythe Ave & Metropolitan Ave","40.716887","-73.963198","460","S 4 St & Wythe Ave","40.71285887","-73.96590294","16022","Subscriber","1983","2"
"739","2013-12-01 12:46:49","2013-12-01 12:59:08","127","Barrow St & Hudson St","40.73172428","-74.00674436","509","9 Ave & W 22 St","40.7454973","-74.00197139","15543","Subscriber","1963","1"
"245","2013-12-01 12:46:50","2013-12-01 12:50:55","499","Broadway & W 60 St","40.76915505","-73.98191841","499","Broadway & W 60 St","40.76915505","-73.98191841","18168","Customer",\N,"0"
"904","2013-12-01 12:46:56","2013-12-01 13:02:00","447","8 Ave & W 52 St","40.76370739","-73.9851615","334","W 20 St & 7 Ave","40.74238787","-73.99726235","16005","Subscriber","1982","1"
"512","2013-12-01 12:47:02","2013-12-01 12:55:34","403","E 2 St & 2 Ave","40.72502876","-73.99069656","356","Bialystoker Pl & Delancey St","40.71622644","-73.98261206","16435","Subscriber","1973","1"
"258","2013-12-01 12:47:03","2013-12-01 12:51:21","116","W 17 St & 8 Ave","40.74177603","-74.00149746","346","Bank St & Hudson St","40.73652889","-74.00618026","20286","Subscriber","1987","1"
"1676","2013-12-01 12:47:05","2013-12-01 13:15:01","147","Greenwich St & Warren St","40.71542197","-74.01121978","225","W 14 St & The High Line","40.74195138","-74.00803013","19769","Customer",\N,"0"
"213","2013-12-01 12:47:08","2013-12-01 12:50:41","2002","Wythe Ave & Metropolitan Ave","40.716887","-73.963198","460","S 4 St & Wythe Ave","40.71285887","-73.96590294","18120","Subscriber","1984","1"
"144","2013-12-01 12:47:11","2013-12-01 12:49:35","116","W 17 St & 8 Ave","40.74177603","-74.00149746","453","W 22 St & 8 Ave","40.74475148","-73.99915362","16147","Subscriber","1965","1"
"630","2013-12-01 12:47:13","2013-12-01 12:57:43","330","Reade St & Broadway","40.71450451","-74.00562789","433","E 13 St & Avenue A","40.72955361","-73.98057249","18778","Subscriber","1988","1"
"313","2013-12-01 12:47:14","2013-12-01 12:52:27","387","Centre St & Chambers St","40.71273266","-74.0046073","355","Bayard St & Baxter St","40.71602118","-73.99974372","15688","Subscriber","1982","1"
"1133","2013-12-01 12:47:25","2013-12-01 13:06:18","540","Lexington Ave & E 26 St","40.74147286","-73.98320928","362","Broadway & W 37 St","40.75172632","-73.98753523","19212","Customer",\N,"0"
"295","2013-12-01 12:47:28","2013-12-01 12:52:23","387","Centre St & Chambers St","40.71273266","-74.0046073","355","Bayard St & Baxter St","40.71602118","-73.99974372","14615","Subscriber","1982","2"
"381","2013-12-01 12:47:36","2013-12-01 12:53:57","405","Washington St & Gansevoort St","40.739323","-74.008119","453","W 22 St & 8 Ave","40.74475148","-73.99915362","18648","Subscriber","1953","1"
"526","2013-12-01 12:47:36","2013-12-01 12:56:22","375","Mercer St & Bleecker St","40.72679454","-73.99695094","312","Allen St & E Houston St","40.722055","-73.989111","18444","Subscriber","1975","2"
"1958","2013-12-01 12:47:37","2013-12-01 13:20:15","304","Broadway & Battery Pl","40.70463334","-74.01361706","398","Atlantic Ave & Furman St","40.69165183","-73.9999786","18428","Subscriber","1987","1"
"202","2013-12-01 12:47:39","2013-12-01 12:51:01","512","W 29 St & 9 Ave","40.7500727","-73.99839279","379","W 31 St & 7 Ave","40.749156","-73.9916","20522","Subscriber","1988","1"
"346","2013-12-01 12:47:43","2013-12-01 12:53:29","151","Cleveland Pl & Spring St","40.7218158","-73.99720307","312","Allen St & E Houston St","40.722055","-73.989111","19505","Subscriber","1984","1"
"496","2013-12-01 12:47:44","2013-12-01 12:56:00","355","Bayard St & Baxter St","40.71602118","-73.99974372","417","Barclay St & Church St","40.71291224","-74.01020234","20206","Subscriber","1987","1"
"3839","2013-12-01 12:47:47","2013-12-01 13:51:46","458","11 Ave & W 27 St","40.751396","-74.005226","127","Barrow St & Hudson St","40.73172428","-74.00674436","20923","Subscriber","1983","2"
"179","2013-12-01 12:47:49","2013-12-01 12:50:48","393","E 5 St & Avenue C","40.72299208","-73.97995466","432","E 7 St & Avenue A","40.72621788","-73.98379855","17793","Subscriber","1984","2"
"2240","2013-12-01 12:47:56","2013-12-01 13:25:16","160","E 37 St & Lexington Ave","40.748238","-73.978311","475","E 16 St & Irving Pl","40.73524276","-73.98758561","18730","Subscriber","1955","2"
"391","2013-12-01 12:47:58","2013-12-01 12:54:29","395","Bond St & Schermerhorn St","40.68807003","-73.98410637","143","Clinton St & Joralemon St","40.69239502","-73.99337909","18079","Subscriber","1977","1"
"975","2013-12-01 12:48:00","2013-12-01 13:04:15","435","W 21 St & 6 Ave","40.74173969","-73.99415556","499","Broadway & W 60 St","40.76915505","-73.98191841","18325","Subscriber","1973","1"
"425","2013-12-01 12:48:00","2013-12-01 12:55:05","366","Clinton Ave & Myrtle Ave","40.693261","-73.968896","239","Willoughby St & Fleet St","40.69196566","-73.9813018","15263","Subscriber","1985","1"
"332","2013-12-01 12:48:02","2013-12-01 12:53:34","151","Cleveland Pl & Spring St","40.7218158","-73.99720307","312","Allen St & E Houston St","40.722055","-73.989111","20276","Subscriber","1988","2"
"233","2013-12-01 12:48:03","2013-12-01 12:51:56","284","Greenwich Ave & 8 Ave","40.7390169121","-74.0026376103","380","W 4 St & 7 Ave S","40.73401143","-74.00293877","20104","Subscriber","1979","2"
"581","2013-12-01 12:48:04","2013-12-01 12:57:45","323","Lawrence St & Willoughby St","40.69236178","-73.98631746","263","Elizabeth St & Hester St","40.71729","-73.996375","19789","Subscriber","1970","1"
"560","2013-12-01 12:48:04","2013-12-01 12:57:24","402","Broadway & E 22 St","40.7403432","-73.98955109","463","9 Ave & W 16 St","40.74206539","-74.00443172","20888","Customer",\N,"0"
"1996","2013-12-01 12:48:04","2013-12-01 13:21:20","426","West St & Chambers St","40.71754834","-74.01322069","304","Broadway & Battery Pl","40.70463334","-74.01361706","15802","Customer",\N,"0"
"456","2013-12-01 12:48:04","2013-12-01 12:55:40","430","York St & Jay St","40.7014851","-73.98656928","390","Duffield St & Willoughby St","40.69221589","-73.9842844","18807","Customer",\N,"0"
"1647","2013-12-01 12:48:08","2013-12-01 13:15:35","300","Shevchenko Pl & E 6 St","40.728145","-73.990214","300","Shevchenko Pl & E 6 St","40.728145","-73.990214","17919","Subscriber","1985","1"
"580","2013-12-01 12:48:10","2013-12-01 12:57:50","432","E 7 St & Avenue A","40.72621788","-73.98379855","285","Broadway & E 14 St","40.73454567","-73.99074142","20945","Subscriber","1984","1"
"2003","2013-12-01 12:48:12","2013-12-01 13:21:35","426","West St & Chambers St","40.71754834","-74.01322069","304","Broadway & Battery Pl","40.70463334","-74.01361706","17627","Customer",\N,"0"
"1603","2013-12-01 12:48:14","2013-12-01 13:14:57","79","Franklin St & W Broadway","40.71911552","-74.00666661","146","Hudson St & Reade St","40.71625008","-74.0091059","19289","Subscriber","1987","1"
"269","2013-12-01 12:48:15","2013-12-01 12:52:44","483","E 12 St & 3 Ave","40.73223272","-73.98889957","459","W 20 St & 11 Ave","40.746745","-74.007756","17563","Subscriber","1976","2"
"2393","2013-12-01 12:48:16","2013-12-01 13:28:09","281","Grand Army Plaza & Central Park S","40.7643971","-73.97371465","281","Grand Army Plaza & Central Park S","40.7643971","-73.97371465","15591","Customer",\N,"0"
"568","2013-12-01 12:48:18","2013-12-01 12:57:46","432","E 7 St & Avenue A","40.72621788","-73.98379855","285","Broadway & E 14 St","40.73454567","-73.99074142","15402","Subscriber","1985","2"
"174","2013-12-01 12:48:29","2013-12-01 12:51:23","262","Washington Park","40.69178232","-73.97372989","426","West St & Chambers St","40.71754834","-74.01322069","16290","Subscriber","1982","1"
"1995","2013-12-01 12:48:34","2013-12-01 13:21:49","426","West St & Chambers St","40.71754834","-74.01322069","304","Broadway & Battery Pl","40.70463334","-74.01361706","15680","Customer",\N,"0"
"296","2013-12-01 12:48:38","2013-12-01 12:53:34","522","E 51 St & Lexington Ave","40.75714758","-73.97207836","454","E 51 St & 1 Ave","40.75455731","-73.96592976","14930","Subscriber","1960","1"
"1115","2013-12-01 12:48:42","2013-12-01 13:07:17","527","E 33 St & 1 Ave","40.74315566","-73.97434726","72","W 52 St & 11 Ave","40.76727216","-73.99392888","15505","Subscriber","1984","1"
"702","2013-12-01 12:48:43","2013-12-01 13:00:25","449","W 52 St & 9 Ave","40.76461837","-73.98789473","453","W 22 St & 8 Ave","40.74475148","-73.99915362","15094","Subscriber","1953","1"
"318","2013-12-01 12:48:45","2013-12-01 12:54:03","444","Broadway & W 24 St","40.7423543","-73.98915076","453","W 22 St & 8 Ave","40.74475148","-73.99915362","18988","Subscriber","1982","2"
"246","2013-12-01 12:48:45","2013-12-01 12:52:51","326","E 11 St & 1 Ave","40.72953837","-73.98426726","435","W 21 St & 6 Ave","40.74173969","-73.99415556","19092","Subscriber","1977","1"
"397","2013-12-01 12:48:46","2013-12-01 12:55:23","387","Centre St & Chambers St","40.71273266","-74.0046073","147","Greenwich St & Warren St","40.71542197","-74.01121978","18891","Subscriber","1977","1"
"4460","2013-12-01 12:48:48","2013-12-01 14:03:08","481","S 3 St & Bedford Ave","40.71260486","-73.96264403","2023","E 55 St & Lexington Ave","40.75968085","-73.97031366","17237","Customer",\N,"0"
"1320","2013-12-01 12:48:51","2013-12-01 13:10:51","458","11 Ave & W 27 St","40.751396","-74.005226","433","E 13 St & Avenue A","40.72955361","-73.98057249","16374","Subscriber","1979","2"
"249","2013-12-01 12:49:01","2013-12-01 12:53:10","438","St Marks Pl & 1 Ave","40.72779126","-73.98564945","293","Lafayette St & E 8 St","40.73028666","-73.9907647","19435","Subscriber","1983","1"
"1360","2013-12-01 12:49:05","2013-12-01 13:11:45","481","S 3 St & Bedford Ave","40.71260486","-73.96264403","473","Rivington St & Chrystie St","40.72110063","-73.9919254","16216","Customer",\N,"0"
"341","2013-12-01 12:49:06","2013-12-01 12:54:47","540","Lexington Ave & E 26 St","40.74147286","-73.98320928","475","E 16 St & Irving Pl","40.73524276","-73.98758561","17270","Subscriber","1987","1"
"1306","2013-12-01 12:49:17","2013-12-01 13:11:03","458","11 Ave & W 27 St","40.751396","-74.005226","433","E 13 St & Avenue A","40.72955361","-73.98057249","16472","Subscriber","1979","2"
"769","2013-12-01 12:49:21","2013-12-01 13:02:10","334","W 20 St & 7 Ave","40.74238787","-73.99726235","128","MacDougal St & Prince St","40.72710258","-74.00297088","17169","Subscriber","1965","2"
"233","2013-12-01 12:49:25","2013-12-01 12:53:18","276","Duane St & Greenwich St","40.71748752","-74.0104554","328","Watts St & Greenwich St","40.72405549","-74.00965965","19869","Subscriber","1979","1"
"286","2013-12-01 12:49:25","2013-12-01 12:54:11","331","Pike St & Monroe St","40.71173107","-73.99193043","296","Division St & Bowery","40.71413089","-73.9970468","17225","Subscriber","1975","1"
"531","2013-12-01 12:49:28","2013-12-01 12:58:19","334","W 20 St & 7 Ave","40.74238787","-73.99726235","358","Christopher St & Greenwich St","40.73291553","-74.00711384","15947","Subscriber","1983","2"
"1027","2013-12-01 12:49:38","2013-12-01 13:06:45","349","Rivington St & Ridge St","40.71850211","-73.98329859","349","Rivington St & Ridge St","40.71850211","-73.98329859","20928","Subscriber","1980","1"
"1750","2013-12-01 12:49:54","2013-12-01 13:19:04","539","Metropolitan Ave & Bedford Ave","40.71534825","-73.96024116","414","Pearl St & Anchorage Pl","40.70281858","-73.98765762","15931","Subscriber","1985","1"
"370","2013-12-01 12:50:04","2013-12-01 12:56:14","238","Bank St & Washington St","40.7361967","-74.00859207","458","11 Ave & W 27 St","40.751396","-74.005226","15101","Subscriber","1978","2"
"444","2013-12-01 12:50:13","2013-12-01 12:57:37","435","W 21 St & 6 Ave","40.74173969","-73.99415556","475","E 16 St & Irving Pl","40.73524276","-73.98758561","19950","Subscriber","1969","1"
"646","2013-12-01 12:50:15","2013-12-01 13:01:01","531","Forsyth St & Broome St","40.71893904","-73.99266288","393","E 5 St & Avenue C","40.72299208","-73.97995466","20015","Subscriber","1955","1"
"655","2013-12-01 12:50:20","2013-12-01 13:01:15","490","8 Ave & W 33 St","40.751551","-73.993934","540","Lexington Ave & E 26 St","40.74147286","-73.98320928","20118","Subscriber","1975","2"
"298","2013-12-01 12:50:24","2013-12-01 12:55:22","173","Broadway & W 49 St","40.76064679","-73.98442659","513","W 56 St & 10 Ave","40.768254","-73.988639","17558","Subscriber","1971","1"
"3361","2013-12-01 12:50:37","2013-12-01 13:46:38","351","Front St & Maiden Ln","40.70530954","-74.00612572","391","Clark St & Henry St","40.69760127","-73.99344559","15842","Customer",\N,"0"
"574","2013-12-01 12:50:48","2013-12-01 13:00:22","285","Broadway & E 14 St","40.73454567","-73.99074142","432","E 7 St & Avenue A","40.72621788","-73.98379855","16431","Subscriber","1957","2"
"693","2013-12-01 12:50:50","2013-12-01 13:02:23","505","6 Ave & W 33 St","40.74901271","-73.98848395","461","E 20 St & 2 Ave","40.73587678","-73.98205027","18045","Subscriber","1989","1"
"704","2013-12-01 12:50:51","2013-12-01 13:02:35","363","West Thames St","40.70834698","-74.01713445","147","Greenwich St & Warren St","40.71542197","-74.01121978","16960","Subscriber","1963","1"
"562","2013-12-01 12:50:59","2013-12-01 13:00:21","368","Carmine St & 6 Ave","40.73038599","-74.00214988","402","Broadway & E 22 St","40.7403432","-73.98955109","17555","Subscriber","1967","1"
"368","2013-12-01 12:51:01","2013-12-01 12:57:09","83","Atlantic Ave & Fort Greene Pl","40.68382604","-73.97632328","275","Washington Ave & Greene Ave","40.68650065","-73.96563307","20588","Subscriber","1979","1"
"111","2013-12-01 12:51:02","2013-12-01 12:52:53","241","DeKalb Ave & S Portland Ave","40.68981035","-73.97493121","324","DeKalb Ave & Hudson Ave","40.689888","-73.981013","20998","Subscriber","1973","1"
"200","2013-12-01 12:51:06","2013-12-01 12:54:26","326","E 11 St & 1 Ave","40.72953837","-73.98426726","293","Lafayette St & E 8 St","40.73028666","-73.9907647","20814","Subscriber","1969","1"
"847","2013-12-01 12:51:08","2013-12-01 13:05:15","449","W 52 St & 9 Ave","40.76461837","-73.98789473","434","9 Ave & W 18 St","40.74317449","-74.00366443","20972","Subscriber","1989","2"
"62","2013-12-01 12:51:12","2013-12-01 12:52:14","251","Mott St & Prince St","40.72317958","-73.99480012","251","Mott St & Prince St","40.72317958","-73.99480012","14727","Subscriber","1977","1"
"227","2013-12-01 12:51:21","2013-12-01 12:55:08","453","W 22 St & 8 Ave","40.74475148","-73.99915362","521","8 Ave & W 31 St","40.75044999","-73.99481051","17850","Subscriber","1984","2"
"3375","2013-12-01 12:51:23","2013-12-01 13:47:38","351","Front St & Maiden Ln","40.70530954","-74.00612572","391","Clark St & Henry St","40.69760127","-73.99344559","16836","Customer",\N,"0"
"240","2013-12-01 12:51:29","2013-12-01 12:55:29","496","E 16 St & 5 Ave","40.73726186","-73.99238967","252","MacDougal St & Washington Sq","40.73226398","-73.99852205","19551","Subscriber","1983","1"
"3301","2013-12-01 12:51:29","2013-12-01 13:46:30","351","Front St & Maiden Ln","40.70530954","-74.00612572","391","Clark St & Henry St","40.69760127","-73.99344559","19453","Customer",\N,"0"
"463","2013-12-01 12:51:31","2013-12-01 12:59:14","375","Mercer St & Bleecker St","40.72679454","-73.99695094","128","MacDougal St & Prince St","40.72710258","-74.00297088","15019","Subscriber","1981","1"
"186","2013-12-01 12:51:35","2013-12-01 12:54:41","475","E 16 St & Irving Pl","40.73524276","-73.98758561","2003","1 Ave & E 18 St","40.73416059","-73.98024289","20995","Subscriber","1982","1"
"1171","2013-12-01 12:51:35","2013-12-01 13:11:06","523","W 38 St & 8 Ave","40.75466591","-73.99138152","494","W 26 St & 8 Ave","40.74734825","-73.99723551","18151","Subscriber","1958","1"
"1082","2013-12-01 12:51:35","2013-12-01 13:09:37","507","E 25 St & 2 Ave","40.73912601","-73.97973776","412","Forsyth St & Canal St","40.7158155","-73.99422366","15030","Subscriber","1978","2"
"538","2013-12-01 12:51:39","2013-12-01 13:00:37","247","Perry St & Bleecker St","40.73535398","-74.00483091","403","E 2 St & 2 Ave","40.72502876","-73.99069656","18205","Subscriber","1980","1"
"2460","2013-12-01 12:51:40","2013-12-01 13:32:40","247","Perry St & Bleecker St","40.73535398","-74.00483091","422","W 59 St & 10 Ave","40.770513","-73.988038","17586","Subscriber","1961","1"
"945","2013-12-01 12:51:41","2013-12-01 13:07:26","405","Washington St & Gansevoort St","40.739323","-74.008119","300","Shevchenko Pl & E 6 St","40.728145","-73.990214","16864","Subscriber","1973","2"
"600","2013-12-01 12:51:43","2013-12-01 13:01:43","490","8 Ave & W 33 St","40.751551","-73.993934","380","W 4 St & 7 Ave S","40.73401143","-74.00293877","15483","Subscriber","1967","1"
"448","2013-12-01 12:51:48","2013-12-01 12:59:16","128","MacDougal St & Prince St","40.72710258","-74.00297088","403","E 2 St & 2 Ave","40.72502876","-73.99069656","16582","Subscriber","1969","1"
"3377","2013-12-01 12:51:51","2013-12-01 13:48:08","351","Front St & Maiden Ln","40.70530954","-74.00612572","391","Clark St & Henry St","40.69760127","-73.99344559","15860","Customer",\N,"0"
"609","2013-12-01 12:51:55","2013-12-01 13:02:04","361","Allen St & Hester St","40.71605866","-73.99190759","237","E 11 St & 2 Ave","40.73047309","-73.98672378","16859","Subscriber","1979","2"
"409","2013-12-01 12:52:01","2013-12-01 12:58:50","128","MacDougal St & Prince St","40.72710258","-74.00297088","403","E 2 St & 2 Ave","40.72502876","-73.99069656","20055","Subscriber","1973","2"
"399","2013-12-01 12:52:01","2013-12-01 12:58:40","380","W 4 St & 7 Ave S","40.73401143","-74.00293877","439","E 4 St & 2 Ave","40.7262807","-73.98978041","19549","Subscriber","1980","1"
"124","2013-12-01 12:52:01","2013-12-01 12:54:05","319","Park Pl & Church St","40.71336124","-74.00937622","147","Greenwich St & Warren St","40.71542197","-74.01121978","16723","Subscriber","1984","1"
"482","2013-12-01 12:52:01","2013-12-01 13:00:03","492","W 33 St & 7 Ave","40.75019995","-73.99093085","476","E 31 St & 3 Ave","40.74394314","-73.97966069","16344","Subscriber","1988","1"
"243","2013-12-01 12:52:02","2013-12-01 12:56:05","457","Broadway & W 58 St","40.76695317","-73.98169333","500","Broadway & W 51 St","40.76228826","-73.98336183","15725","Subscriber","1983","2"
"271","2013-12-01 12:52:02","2013-12-01 12:56:33","293","Lafayette St & E 8 St","40.73028666","-73.9907647","497","E 17 St & Broadway","40.73704984","-73.99009296","19963","Subscriber","1986","1"
"220","2013-12-01 12:52:07","2013-12-01 12:55:47","497","E 17 St & Broadway","40.73704984","-73.99009296","293","Lafayette St & E 8 St","40.73028666","-73.9907647","16255","Subscriber","1971","1"
"328","2013-12-01 12:52:09","2013-12-01 12:57:37","459","W 20 St & 11 Ave","40.746745","-74.007756","412","Forsyth St & Canal St","40.7158155","-73.99422366","19050","Subscriber","1952","1"
"348","2013-12-01 12:52:12","2013-12-01 12:58:00","318","E 43 St & Vanderbilt Ave","40.75320159","-73.9779874","352","W 56 St & 6 Ave","40.76340613","-73.97722479","17214","Subscriber","1989","1"
"739","2013-12-01 12:52:13","2013-12-01 13:04:32","262","Washington Park","40.69178232","-73.97372989","143","Clinton St & Joralemon St","40.69239502","-73.99337909","17789","Subscriber","1986","1"
"1039","2013-12-01 12:52:13","2013-12-01 13:09:32","540","Lexington Ave & E 26 St","40.74147286","-73.98320928","2021","W 45 St & 8 Ave","40.75929124","-73.98859651","20237","Subscriber","1990","2"
"136","2013-12-01 12:52:17","2013-12-01 12:54:33","440","E 45 St & 3 Ave","40.75255434","-73.97282625","164","E 47 St & 2 Ave","40.75323098","-73.97032517","19230","Subscriber","1949","1"
"209","2013-12-01 12:52:18","2013-12-01 12:55:47","457","Broadway & W 58 St","40.76695317","-73.98169333","500","Broadway & W 51 St","40.76228826","-73.98336183","14856","Subscriber","1983","1"
"1422","2013-12-01 12:52:26","2013-12-01 13:16:08","375","Mercer St & Bleecker St","40.72679454","-73.99695094","531","Forsyth St & Broome St","40.71893904","-73.99266288","20613","Customer",\N,"0"
"927","2013-12-01 12:52:29","2013-12-01 13:07:56","492","W 33 St & 7 Ave","40.75019995","-73.99093085","72","W 52 St & 11 Ave","40.76727216","-73.99392888","17752","Subscriber","1964","1"
"955","2013-12-01 12:52:34","2013-12-01 13:08:29","323","Lawrence St & Willoughby St","40.69236178","-73.98631746","323","Lawrence St & Willoughby St","40.69236178","-73.98631746","17583","Subscriber","1986","1"
"1419","2013-12-01 12:52:35","2013-12-01 13:16:14","375","Mercer St & Bleecker St","40.72679454","-73.99695094","531","Forsyth St & Broome St","40.71893904","-73.99266288","16086","Customer",\N,"0"
"386","2013-12-01 12:52:36","2013-12-01 12:59:02","545","E 23 St & 1 Ave","40.736502","-73.97809472","540","Lexington Ave & E 26 St","40.74147286","-73.98320928","18738","Subscriber","1980","1"
"1382","2013-12-01 12:52:37","2013-12-01 13:15:39","147","Greenwich St & Warren St","40.71542197","-74.01121978","345","W 13 St & 6 Ave","40.73649403","-73.99704374","18026","Subscriber","1965","2"
"302","2013-12-01 12:52:38","2013-12-01 12:57:40","330","Reade St & Broadway","40.71450451","-74.00562789","426","West St & Chambers St","40.71754834","-74.01322069","20160","Subscriber","1972","1"
"575","2013-12-01 12:52:40","2013-12-01 13:02:15","521","8 Ave & W 31 St","40.75044999","-73.99481051","450","W 49 St & 8 Ave","40.76227205","-73.98788205","17308","Subscriber","1991","1"
"335","2013-12-01 12:52:43","2013-12-01 12:58:18","446","W 24 St & 7 Ave","40.74487634","-73.99529885","334","W 20 St & 7 Ave","40.74238787","-73.99726235","17182","Subscriber","1973","1"
"766","2013-12-01 12:52:45","2013-12-01 13:05:31","489","10 Ave & W 28 St","40.75066386","-74.00176802","2004","6 Ave & Broome St","40.724399","-74.004704","18285","Subscriber","1970","1"
"750","2013-12-01 12:52:46","2013-12-01 13:05:16","457","Broadway & W 58 St","40.76695317","-73.98169333","519","Pershing Square N","40.75188406","-73.97770164","17367","Subscriber","1947","1"
"1552","2013-12-01 12:52:48","2013-12-01 13:18:40","426","West St & Chambers St","40.71754834","-74.01322069","508","W 46 St & 11 Ave","40.76341379","-73.99667444","16248","Subscriber","1972","1"
"763","2013-12-01 12:52:49","2013-12-01 13:05:32","302","Avenue D & E 3 St","40.72082834","-73.97793172","375","Mercer St & Bleecker St","40.72679454","-73.99695094","17162","Subscriber","1963","1"
"1932","2013-12-01 12:52:49","2013-12-01 13:25:01","518","E 39 St & 2 Ave","40.74780373","-73.9734419","539","Metropolitan Ave & Bedford Ave","40.71534825","-73.96024116","18837","Subscriber","1970","1"
"431","2013-12-01 12:52:57","2013-12-01 13:00:08","395","Bond St & Schermerhorn St","40.68807003","-73.98410637","420","Clermont Ave & Lafayette Ave","40.68764484","-73.96968902","16155","Subscriber","1979","1"
"661","2013-12-01 12:52:57","2013-12-01 13:03:58","410","Suffolk St & Stanton St","40.72066442","-73.98517977","369","Washington Pl & 6 Ave","40.73224119","-74.00026394","14997","Subscriber","1988","1"
"808","2013-12-01 12:53:00","2013-12-01 13:06:28","368","Carmine St & 6 Ave","40.73038599","-74.00214988","334","W 20 St & 7 Ave","40.74238787","-73.99726235","16403","Subscriber","1965","1"
"1311","2013-12-01 12:53:02","2013-12-01 13:14:53","72","W 52 St & 11 Ave","40.76727216","-73.99392888","442","W 27 St & 7 Ave","40.746647","-73.993915","18917","Subscriber","1970","1"
"447","2013-12-01 12:53:02","2013-12-01 13:00:29","297","E 15 St & 3 Ave","40.734232","-73.986923","280","E 10 St & 5 Ave","40.73331967","-73.99510132","17291","Subscriber","1983","1"
"630","2013-12-01 12:53:03","2013-12-01 13:03:33","375","Mercer St & Bleecker St","40.72679454","-73.99695094","263","Elizabeth St & Hester St","40.71729","-73.996375","20964","Subscriber","1958","1"
"170","2013-12-01 12:53:04","2013-12-01 12:55:54","539","Metropolitan Ave & Bedford Ave","40.71534825","-73.96024116","471","Grand St & Havemeyer St","40.71286844","-73.95698119","14803","Subscriber","1987","1"
"575","2013-12-01 12:53:05","2013-12-01 13:02:40","368","Carmine St & 6 Ave","40.73038599","-74.00214988","403","E 2 St & 2 Ave","40.72502876","-73.99069656","16103","Customer",\N,"0"
"656","2013-12-01 12:53:13","2013-12-01 13:04:09","375","Mercer St & Bleecker St","40.72679454","-73.99695094","263","Elizabeth St & Hester St","40.71729","-73.996375","15059","Subscriber","1957","2"
"565","2013-12-01 12:53:15","2013-12-01 13:02:40","518","E 39 St & 2 Ave","40.74780373","-73.9734419","505","6 Ave & W 33 St","40.74901271","-73.98848395","20205","Subscriber","1988","1"
"150","2013-12-01 12:53:17","2013-12-01 12:55:47","539","Metropolitan Ave & Bedford Ave","40.71534825","-73.96024116","471","Grand St & Havemeyer St","40.71286844","-73.95698119","18946","Subscriber","1987","1"
"573","2013-12-01 12:53:20","2013-12-01 13:02:53","310","State St & Smith St","40.68926942","-73.98912867","406","Hicks St & Montague St","40.69512845","-73.99595065","18303","Subscriber","1965","2"
"791","2013-12-01 12:53:24","2013-12-01 13:06:35","238","Bank St & Washington St","40.7361967","-74.00859207","3002","South End Ave & Liberty St","40.711512","-74.015756","19766","Subscriber","1962","2"
"1246","2013-12-01 12:53:31","2013-12-01 13:14:17","514","12 Ave & W 40 St","40.76087502","-74.00277668","238","Bank St & Washington St","40.7361967","-74.00859207","18583","Subscriber","1972","1"
"322","2013-12-01 12:53:41","2013-12-01 12:59:03","504","1 Ave & E 15 St","40.73221853","-73.98165557","483","E 12 St & 3 Ave","40.73223272","-73.98889957","15038","Subscriber","1991","2"
"641","2013-12-01 12:53:46","2013-12-01 13:04:27","490","8 Ave & W 33 St","40.751551","-73.993934","2021","W 45 St & 8 Ave","40.75929124","-73.98859651","20664","Subscriber","1974","1"
"148","2013-12-01 12:53:54","2013-12-01 12:56:22","294","Washington Square E","40.73049393","-73.9957214","375","Mercer St & Bleecker St","40.72679454","-73.99695094","14829","Subscriber","1962","2"
"607","2013-12-01 12:54:02","2013-12-01 13:04:09","285","Broadway & E 14 St","40.73454567","-73.99074142","247","Perry St & Bleecker St","40.73535398","-74.00483091","17480","Subscriber","1983","2"
"832","2013-12-01 12:54:03","2013-12-01 13:07:55","303","Mercer St & Spring St","40.72362738","-73.99949601","151","Cleveland Pl & Spring St","40.7218158","-73.99720307","15224","Subscriber","1970","1"
"385","2013-12-01 12:54:04","2013-12-01 13:00:29","147","Greenwich St & Warren St","40.71542197","-74.01121978","376","John St & William St","40.70862144","-74.00722156","17815","Subscriber","1980","2"
"400","2013-12-01 12:54:10","2013-12-01 13:00:50","317","E 6 St & Avenue B","40.72453734","-73.98185424","483","E 12 St & 3 Ave","40.73223272","-73.98889957","15426","Subscriber","1985","2"
"371","2013-12-01 12:54:10","2013-12-01 13:00:21","153","E 40 St & 5 Ave","40.752062307","-73.9816324043","402","Broadway & E 22 St","40.7403432","-73.98955109","19085","Subscriber","1955","1"
"761","2013-12-01 12:54:13","2013-12-01 13:06:54","458","11 Ave & W 27 St","40.751396","-74.005226","505","6 Ave & W 33 St","40.74901271","-73.98848395","16897","Customer",\N,"0"
"2604","2013-12-01 12:54:14","2013-12-01 13:37:38","327","Vesey Pl & River Terrace","40.7153379","-74.01658354","520","W 52 St & 5 Ave","40.75992262","-73.97648516","19218","Customer",\N,"0"
"489","2013-12-01 12:54:31","2013-12-01 13:02:40","446","W 24 St & 7 Ave","40.74487634","-73.99529885","492","W 33 St & 7 Ave","40.75019995","-73.99093085","18089","Subscriber","1996","1"
"1186","2013-12-01 12:54:32","2013-12-01 13:14:18","393","E 5 St & Avenue C","40.72299208","-73.97995466","336","Sullivan St & Washington Sq","40.73047747","-73.99906065","20368","Subscriber","1984","1"
"326","2013-12-01 12:54:33","2013-12-01 12:59:59","143","Clinton St & Joralemon St","40.69239502","-73.99337909","407","Henry St & Poplar St","40.700469","-73.991454","14537","Subscriber","1982","1"
"277","2013-12-01 12:54:37","2013-12-01 12:59:14","127","Barrow St & Hudson St","40.73172428","-74.00674436","405","Washington St & Gansevoort St","40.739323","-74.008119","16444","Subscriber","1976","1"
"1493","2013-12-01 12:54:46","2013-12-01 13:19:39","418","Front St & Gold St","40.70224","-73.982578","406","Hicks St & Montague St","40.69512845","-73.99595065","20096","Customer",\N,"0"
"574","2013-12-01 12:54:47","2013-12-01 13:04:21","253","W 13 St & 5 Ave","40.73543934","-73.99453948","546","E 30 St & Park Ave S","40.74444921","-73.98303529","20150","Subscriber","1987","2"
"452","2013-12-01 12:54:53","2013-12-01 13:02:25","475","E 16 St & Irving Pl","40.73524276","-73.98758561","116","W 17 St & 8 Ave","40.74177603","-74.00149746","16283","Subscriber","1984","2"
"1271","2013-12-01 12:54:58","2013-12-01 13:16:09","375","Mercer St & Bleecker St","40.72679454","-73.99695094","531","Forsyth St & Broome St","40.71893904","-73.99266288","18781","Customer",\N,"0"
"173","2013-12-01 12:55:00","2013-12-01 12:57:53","2003","1 Ave & E 18 St","40.73416059","-73.98024289","487","E 20 St & FDR Drive","40.73314259","-73.97573881","19725","Subscriber","1983","2"
"293","2013-12-01 12:55:02","2013-12-01 12:59:55","406","Hicks St & Montague St","40.69512845","-73.99595065","157","Henry St & Atlantic Ave","40.69089272","-73.99612349","16564","Subscriber","1981","1"
"521","2013-12-01 12:55:06","2013-12-01 13:03:47","497","E 17 St & Broadway","40.73704984","-73.99009296","323","Lawrence St & Willoughby St","40.69236178","-73.98631746","17354","Subscriber","1957","1"
"1267","2013-12-01 12:55:07","2013-12-01 13:16:14","83","Atlantic Ave & Fort Greene Pl","40.68382604","-73.97632328","217","Old Fulton St","40.70277159","-73.99383605","14937","Subscriber","1949","1"
"486","2013-12-01 12:55:10","2013-12-01 13:03:16","267","Broadway & W 36 St","40.75097711","-73.98765428","518","E 39 St & 2 Ave","40.74780373","-73.9734419","14904","Subscriber","1956","1"
"1251","2013-12-01 12:55:11","2013-12-01 13:16:02","375","Mercer St & Bleecker St","40.72679454","-73.99695094","531","Forsyth St & Broome St","40.71893904","-73.99266288","15124","Customer",\N,"0"
"861","2013-12-01 12:55:12","2013-12-01 13:09:33","358","Christopher St & Greenwich St","40.73291553","-74.00711384","301","E 2 St & Avenue B","40.72217444","-73.98368779","19552","Subscriber","1979","1"
"1292","2013-12-01 12:55:14","2013-12-01 13:16:46","525","W 34 St & 11 Ave","40.75594159","-74.0021163","417","Barclay St & Church St","40.71291224","-74.01020234","15841","Subscriber","1958","1"
"551","2013-12-01 12:55:14","2013-12-01 13:04:25","363","West Thames St","40.70834698","-74.01713445","146","Hudson St & Reade St","40.71625008","-74.0091059","20058","Subscriber","1978","1"
"1466","2013-12-01 12:55:17","2013-12-01 13:19:43","418","Front St & Gold St","40.70224","-73.982578","406","Hicks St & Montague St","40.69512845","-73.99595065","16352","Customer",\N,"0"
"257","2013-12-01 12:55:17","2013-12-01 12:59:34","152","Warren St & Church St","40.71473993","-74.00910627","329","Greenwich St & N Moore St","40.72043411","-74.01020609","17323","Subscriber","1976","1"
"758","2013-12-01 12:55:20","2013-12-01 13:07:58","515","W 43 St & 10 Ave","40.76009437","-73.99461843","470","W 20 St & 8 Ave","40.74345335","-74.00004031","15757","Subscriber","1983","1"
"1353","2013-12-01 12:55:26","2013-12-01 13:17:59","293","Lafayette St & E 8 St","40.73028666","-73.9907647","3002","South End Ave & Liberty St","40.711512","-74.015756","15353","Subscriber","1963","1"
"324","2013-12-01 12:55:28","2013-12-01 13:00:52","319","Park Pl & Church St","40.71336124","-74.00937622","348","W Broadway & Spring St","40.72490985","-74.00154702","15756","Subscriber","1968","1"
"1575","2013-12-01 12:55:31","2013-12-01 13:21:46","2022","E 59 St & Sutton Pl","40.75849116","-73.95920622","323","Lawrence St & Willoughby St","40.69236178","-73.98631746","19942","Subscriber","1938","1"
"2023","2013-12-01 12:55:34","2013-12-01 13:29:17","426","West St & Chambers St","40.71754834","-74.01322069","422","W 59 St & 10 Ave","40.770513","-73.988038","19710","Subscriber","1985","1"
"604","2013-12-01 12:55:34","2013-12-01 13:05:38","303","Mercer St & Spring St","40.72362738","-73.99949601","426","West St & Chambers St","40.71754834","-74.01322069","19194","Subscriber","1971","1"
"1345","2013-12-01 12:55:39","2013-12-01 13:18:04","293","Lafayette St & E 8 St","40.73028666","-73.9907647","3002","South End Ave & Liberty St","40.711512","-74.015756","16024","Subscriber","1963","1"
"167","2013-12-01 12:55:43","2013-12-01 12:58:30","306","Cliff St & Fulton St","40.70823502","-74.00530063","360","William St & Pine St","40.70717936","-74.00887308","16593","Subscriber","1988","1"
"800","2013-12-01 12:55:45","2013-12-01 13:09:05","237","E 11 St & 2 Ave","40.73047309","-73.98672378","498","Broadway & W 32 St","40.74854862","-73.98808416","18056","Subscriber","1952","2"
"97","2013-12-01 12:55:47","2013-12-01 12:57:24","453","W 22 St & 8 Ave","40.74475148","-73.99915362","509","9 Ave & W 22 St","40.7454973","-74.00197139","18648","Subscriber","1986","1"
"468","2013-12-01 12:55:49","2013-12-01 13:03:37","445","E 10 St & Avenue A","40.72740794","-73.98142006","335","Washington Pl & Broadway","40.72903917","-73.99404649","20192","Subscriber","1987","2"
"661","2013-12-01 12:55:51","2013-12-01 13:06:52","301","E 2 St & Avenue B","40.72217444","-73.98368779","336","Sullivan St & Washington Sq","40.73047747","-73.99906065","19471","Subscriber","1982","1"
"443","2013-12-01 12:55:51","2013-12-01 13:03:14","480","W 53 St & 10 Ave","40.76669671","-73.99061728","422","W 59 St & 10 Ave","40.770513","-73.988038","19507","Subscriber","1983","1"
"557","2013-12-01 12:56:00","2013-12-01 13:05:17","536","1 Ave & E 30 St","40.74144387","-73.97536082","519","Pershing Square N","40.75188406","-73.97770164","18301","Subscriber","1969","1"
"1268","2013-12-01 12:56:11","2013-12-01 13:17:19","471","Grand St & Havemeyer St","40.71286844","-73.95698119","389","Broadway & Berry St","40.71044554","-73.96525063","18980","Subscriber","1983","1"
"546","2013-12-01 12:56:34","2013-12-01 13:05:40","461","E 20 St & 2 Ave","40.73587678","-73.98205027","403","E 2 St & 2 Ave","40.72502876","-73.99069656","17958","Subscriber","1978","2"
"532","2013-12-01 12:56:36","2013-12-01 13:05:28","461","E 20 St & 2 Ave","40.73587678","-73.98205027","403","E 2 St & 2 Ave","40.72502876","-73.99069656","16973","Subscriber","1972","1"
"827","2013-12-01 12:56:38","2013-12-01 13:10:25","444","Broadway & W 24 St","40.7423543","-73.98915076","546","E 30 St & Park Ave S","40.74444921","-73.98303529","20896","Customer",\N,"0"
"310","2013-12-01 12:56:43","2013-12-01 13:01:53","529","W 42 St & 8 Ave","40.7575699","-73.99098507","469","Broadway & W 53 St","40.76344058","-73.98268129","14543","Subscriber","1970","1"
"360","2013-12-01 12:56:43","2013-12-01 13:02:43","2000","Front St & Washington St","40.70255088","-73.98940236","233","Joralemon St & Adams St","40.69246277","-73.98963911","19525","Subscriber","1976","1"
"532","2013-12-01 12:56:45","2013-12-01 13:05:37","369","Washington Pl & 6 Ave","40.73224119","-74.00026394","505","6 Ave & W 33 St","40.74901271","-73.98848395","16994","Subscriber","1984","1"
"367","2013-12-01 12:56:46","2013-12-01 13:02:53","438","St Marks Pl & 1 Ave","40.72779126","-73.98564945","536","1 Ave & E 30 St","40.74144387","-73.97536082","19825","Subscriber","1985","1"
"1116","2013-12-01 12:56:48","2013-12-01 13:15:24","446","W 24 St & 7 Ave","40.74487634","-73.99529885","265","Stanton St & Chrystie St","40.72229346","-73.99147535","19997","Customer",\N,"0"
"611","2013-12-01 12:56:53","2013-12-01 13:07:04","515","W 43 St & 10 Ave","40.76009437","-73.99461843","440","E 45 St & 3 Ave","40.75255434","-73.97282625","18797","Subscriber","1986","1"
"581","2013-12-01 12:56:57","2013-12-01 13:06:38","486","Broadway & W 29 St","40.7462009","-73.98855723","496","E 16 St & 5 Ave","40.73726186","-73.99238967","19853","Subscriber","1983","1"
"176","2013-12-01 12:56:59","2013-12-01 12:59:55","325","E 19 St & 3 Ave","40.73624527","-73.98473765","497","E 17 St & Broadway","40.73704984","-73.99009296","20339","Subscriber","1982","1"
"1963","2013-12-01 12:57:00","2013-12-01 13:29:43","545","E 23 St & 1 Ave","40.736502","-73.97809472","327","Vesey Pl & River Terrace","40.7153379","-74.01658354","15654","Subscriber","1980","1"
"639","2013-12-01 12:57:02","2013-12-01 13:07:41","305","E 58 St & 3 Ave","40.76095756","-73.96724467","518","E 39 St & 2 Ave","40.74780373","-73.9734419","15129","Subscriber","1986","2"
"309","2013-12-01 12:57:07","2013-12-01 13:02:16","473","Rivington St & Chrystie St","40.72110063","-73.9919254","263","Elizabeth St & Hester St","40.71729","-73.996375","14897","Subscriber","1995","1"
"2043","2013-12-01 12:57:09","2013-12-01 13:31:12","284","Greenwich Ave & 8 Ave","40.7390169121","-74.0026376103","474","5 Ave & E 29 St","40.7451677","-73.98683077","17952","Customer",\N,"0"
"755","2013-12-01 12:57:10","2013-12-01 13:09:45","382","University Pl & E 14 St","40.73492695","-73.99200509","483","E 12 St & 3 Ave","40.73223272","-73.98889957","18563","Subscriber","1991","1"
"208","2013-12-01 12:57:14","2013-12-01 13:00:42","428","E 3 St & 1 Ave","40.72467721","-73.98783413","428","E 3 St & 1 Ave","40.72467721","-73.98783413","17437","Subscriber","1980","1"
"636","2013-12-01 12:57:17","2013-12-01 13:07:53","164","E 47 St & 2 Ave","40.75323098","-73.97032517","485","W 37 St & 5 Ave","40.75038009","-73.98338988","20025","Subscriber","1955","1"
"875","2013-12-01 12:57:20","2013-12-01 13:11:55","318","E 43 St & Vanderbilt Ave","40.75320159","-73.9779874","457","Broadway & W 58 St","40.76695317","-73.98169333","14832","Subscriber","1983","1"
"449","2013-12-01 12:57:27","2013-12-01 13:04:56","252","MacDougal St & Washington Sq","40.73226398","-73.99852205","509","9 Ave & W 22 St","40.7454973","-74.00197139","17091","Subscriber","1984","1"
"990","2013-12-01 12:57:27","2013-12-01 13:13:57","481","S 3 St & Bedford Ave","40.71260486","-73.96264403","251","Mott St & Prince St","40.72317958","-73.99480012","17670","Subscriber","1959","1"
"847","2013-12-01 12:57:28","2013-12-01 13:11:35","444","Broadway & W 24 St","40.7423543","-73.98915076","546","E 30 St & Park Ave S","40.74444921","-73.98303529","18589","Customer",\N,"0"
"1105","2013-12-01 12:57:29","2013-12-01 13:15:54","478","11 Ave & W 41 St","40.76030096","-73.99884222","334","W 20 St & 7 Ave","40.74238787","-73.99726235","20304","Subscriber","1980","1"
"450","2013-12-01 12:57:30","2013-12-01 13:05:00","477","W 41 St & 8 Ave","40.75640548","-73.9900262","509","9 Ave & W 22 St","40.7454973","-74.00197139","15549","Subscriber","1978","2"
"1113","2013-12-01 12:57:30","2013-12-01 13:16:03","537","Lexington Ave & E 24 St","40.74025878","-73.98409214","127","Barrow St & Hudson St","40.73172428","-74.00674436","17879","Subscriber","1985","1"
"437","2013-12-01 12:57:33","2013-12-01 13:04:50","504","1 Ave & E 15 St","40.73221853","-73.98165557","527","E 33 St & 1 Ave","40.74315566","-73.97434726","14560","Subscriber","1975","2"
"244","2013-12-01 12:57:34","2013-12-01 13:01:38","254","W 11 St & 6 Ave","40.73532427","-73.99800419","483","E 12 St & 3 Ave","40.73223272","-73.98889957","17342","Subscriber","1978","1"
"1060","2013-12-01 12:57:38","2013-12-01 13:15:18","446","W 24 St & 7 Ave","40.74487634","-73.99529885","265","Stanton St & Chrystie St","40.72229346","-73.99147535","18094","Subscriber","1953","1"
"265","2013-12-01 12:57:50","2013-12-01 13:02:15","310","State St & Smith St","40.68926942","-73.98912867","274","Lafayette Ave & Fort Greene Pl","40.68691865","-73.976682","16053","Subscriber","1982","1"
"173","2013-12-01 12:57:56","2013-12-01 13:00:49","302","Avenue D & E 3 St","40.72082834","-73.97793172","342","Columbia St & Rivington St","40.71739973","-73.98016555","18686","Subscriber","1972","1"
"1692","2013-12-01 12:57:57","2013-12-01 13:26:09","495","W 47 St & 10 Ave","40.76269882","-73.99301222","252","MacDougal St & Washington Sq","40.73226398","-73.99852205","15055","Subscriber","1982","1"
"298","2013-12-01 12:57:59","2013-12-01 13:02:57","310","State St & Smith St","40.68926942","-73.98912867","232","Cadman Plaza E & Tillary St","40.69597683","-73.99014892","17422","Subscriber","1970","1"
"1063","2013-12-01 12:58:02","2013-12-01 13:15:45","473","Rivington St & Chrystie St","40.72110063","-73.9919254","247","Perry St & Bleecker St","40.73535398","-74.00483091","20659","Subscriber","1984","2"
"876","2013-12-01 12:58:08","2013-12-01 13:12:44","447","8 Ave & W 52 St","40.76370739","-73.9851615","153","E 40 St & 5 Ave","40.752062307","-73.9816324043","18743","Subscriber","1976","1"
"433","2013-12-01 12:58:08","2013-12-01 13:05:21","487","E 20 St & FDR Drive","40.73314259","-73.97573881","445","E 10 St & Avenue A","40.72740794","-73.98142006","20885","Subscriber","1955","1"
"292","2013-12-01 12:58:08","2013-12-01 13:03:00","167","E 39 St & 3 Ave","40.7489006","-73.97604882","528","2 Ave & E 31 St","40.74290902","-73.97706058","15532","Subscriber","1990","1"
"170","2013-12-01 12:58:11","2013-12-01 13:01:01","276","Duane St & Greenwich St","40.71748752","-74.0104554","417","Barclay St & Church St","40.71291224","-74.01020234","19141","Subscriber","1967","1"
"420","2013-12-01 12:58:16","2013-12-01 13:05:16","314","Montague St & Clinton St","40.69424674","-73.99215922","310","State St & Smith St","40.68926942","-73.98912867","17533","Subscriber","1984","2"
"597","2013-12-01 12:58:21","2013-12-01 13:08:18","375","Mercer St & Bleecker St","40.72679454","-73.99695094","254","W 11 St & 6 Ave","40.73532427","-73.99800419","17798","Subscriber","1982","2"
"1042","2013-12-01 12:58:21","2013-12-01 13:15:43","473","Rivington St & Chrystie St","40.72110063","-73.9919254","247","Perry St & Bleecker St","40.73535398","-74.00483091","14883","Subscriber","1975","1"
"611","2013-12-01 12:58:22","2013-12-01 13:08:33","375","Mercer St & Bleecker St","40.72679454","-73.99695094","254","W 11 St & 6 Ave","40.73532427","-73.99800419","19622","Subscriber","1983","1"
"346","2013-12-01 12:58:24","2013-12-01 13:04:10","262","Washington Park","40.69178232","-73.97372989","353","S Portland Ave & Hanson Pl","40.68539567","-73.97431458","20176","Subscriber","1981","1"
"668","2013-12-01 12:58:25","2013-12-01 13:09:33","465","Broadway & W 41 St","40.75513557","-73.98658032","325","E 19 St & 3 Ave","40.73624527","-73.98473765","15344","Subscriber","1993","1"
"287","2013-12-01 12:58:25","2013-12-01 13:03:12","337","Old Slip & Front St","40.7037992","-74.00838676","308","St James Pl & Oliver St","40.71307916","-73.99851193","18534","Subscriber","1985","1"
"307","2013-12-01 12:58:27","2013-12-01 13:03:34","528","2 Ave & E 31 St","40.74290902","-73.97706058","518","E 39 St & 2 Ave","40.74780373","-73.9734419","19911","Subscriber","1989","1"
"1079","2013-12-01 12:58:28","2013-12-01 13:16:27","525","W 34 St & 11 Ave","40.75594159","-74.0021163","127","Barrow St & Hudson St","40.73172428","-74.00674436","18987","Subscriber","1971","2"
"499","2013-12-01 12:58:33","2013-12-01 13:06:52","380","W 4 St & 7 Ave S","40.73401143","-74.00293877","494","W 26 St & 8 Ave","40.74734825","-73.99723551","17830","Subscriber","1958","1"
"174","2013-12-01 12:58:39","2013-12-01 13:01:33","527","E 33 St & 1 Ave","40.74315566","-73.97434726","476","E 31 St & 3 Ave","40.74394314","-73.97966069","15328","Subscriber","1984","1"
"163","2013-12-01 12:58:43","2013-12-01 13:01:26","449","W 52 St & 9 Ave","40.76461837","-73.98789473","285","Broadway & E 14 St","40.73454567","-73.99074142","16642","Subscriber","1981","1"
"679","2013-12-01 12:58:51","2013-12-01 13:10:10","470","W 20 St & 8 Ave","40.74345335","-74.00004031","507","E 25 St & 2 Ave","40.73912601","-73.97973776","15032","Subscriber","1984","1"
"394","2013-12-01 12:58:53","2013-12-01 13:05:27","487","E 20 St & FDR Drive","40.73314259","-73.97573881","445","E 10 St & Avenue A","40.72740794","-73.98142006","17362","Subscriber","1954","1"
"366","2013-12-01 12:58:56","2013-12-01 13:05:02","308","St James Pl & Oliver St","40.71307916","-73.99851193","151","Cleveland Pl & Spring St","40.7218158","-73.99720307","18347","Subscriber","1983","2"
"515","2013-12-01 12:58:57","2013-12-01 13:07:32","212","W 16 St & The High Line","40.74334935","-74.00681753","496","E 16 St & 5 Ave","40.73726186","-73.99238967","19863","Subscriber","1973","1"
"1690","2013-12-01 12:58:58","2013-12-01 13:27:08","295","Pike St & E Broadway","40.71406667","-73.99293911","285","Broadway & E 14 St","40.73454567","-73.99074142","14916","Subscriber","1954","1"
"1451","2013-12-01 12:58:59","2013-12-01 13:23:10","464","E 56 St & 3 Ave","40.75934501","-73.96759673","514","12 Ave & W 40 St","40.76087502","-74.00277668","15728","Subscriber","1957","2"
"732","2013-12-01 12:59:00","2013-12-01 13:11:12","368","Carmine St & 6 Ave","40.73038599","-74.00214988","263","Elizabeth St & Hester St","40.71729","-73.996375","15875","Subscriber","1978","1"
"1435","2013-12-01 12:59:00","2013-12-01 13:22:55","464","E 56 St & 3 Ave","40.75934501","-73.96759673","514","12 Ave & W 40 St","40.76087502","-74.00277668","18618","Subscriber","1953","1"
"381","2013-12-01 12:59:06","2013-12-01 13:05:27","348","W Broadway & Spring St","40.72490985","-74.00154702","358","Christopher St & Greenwich St","40.73291553","-74.00711384","15069","Subscriber","1988","2"
"438","2013-12-01 12:59:15","2013-12-01 13:06:33","236","St Marks Pl & 2 Ave","40.7284186","-73.98713956","251","Mott St & Prince St","40.72317958","-73.99480012","19940","Subscriber","1978","1"
"611","2013-12-01 12:59:17","2013-12-01 13:09:28","2021","W 45 St & 8 Ave","40.75929124","-73.98859651","525","W 34 St & 11 Ave","40.75594159","-74.0021163","16036","Subscriber","1957","2"
"177","2013-12-01 12:59:17","2013-12-01 13:02:14","432","E 7 St & Avenue A","40.72621788","-73.98379855","393","E 5 St & Avenue C","40.72299208","-73.97995466","17793","Subscriber","1984","2"
"388","2013-12-01 12:59:19","2013-12-01 13:05:47","495","W 47 St & 10 Ave","40.76269882","-73.99301222","523","W 38 St & 8 Ave","40.75466591","-73.99138152","17768","Subscriber","1978","1"
"561","2013-12-01 12:59:19","2013-12-01 13:08:40","151","Cleveland Pl & Spring St","40.7218158","-73.99720307","358","Christopher St & Greenwich St","40.73291553","-74.00711384","15416","Subscriber","1980","2"
"614","2013-12-01 12:59:20","2013-12-01 13:09:34","527","E 33 St & 1 Ave","40.74315566","-73.97434726","474","5 Ave & E 29 St","40.7451677","-73.98683077","15898","Subscriber","1990","2"
"835","2013-12-01 12:59:24","2013-12-01 13:13:19","532","S 5 Pl & S 4 St","40.710451","-73.960876","2002","Wythe Ave & Metropolitan Ave","40.716887","-73.963198","16031","Customer",\N,"0"
"427","2013-12-01 12:59:24","2013-12-01 13:06:31","236","St Marks Pl & 2 Ave","40.7284186","-73.98713956","251","Mott St & Prince St","40.72317958","-73.99480012","19943","Subscriber","1979","2"
"315","2013-12-01 12:59:30","2013-12-01 13:04:45","363","West Thames St","40.70834698","-74.01713445","327","Vesey Pl & River Terrace","40.7153379","-74.01658354","18880","Subscriber","1945","1"
"684","2013-12-01 12:59:32","2013-12-01 13:10:56","281","Grand Army Plaza & Central Park S","40.7643971","-73.97371465","495","W 47 St & 10 Ave","40.76269882","-73.99301222","15990","Subscriber","1963","1"
"1489","2013-12-01 12:59:38","2013-12-01 13:24:27","335","Washington Pl & Broadway","40.72903917","-73.99404649","3002","South End Ave & Liberty St","40.711512","-74.015756","16206","Subscriber","1960","1"
"280","2013-12-01 12:59:39","2013-12-01 13:04:19","447","8 Ave & W 52 St","40.76370739","-73.9851615","520","W 52 St & 5 Ave","40.75992262","-73.97648516","19875","Subscriber","1984","1"
"655","2013-12-01 12:59:40","2013-12-01 13:10:35","461","E 20 St & 2 Ave","40.73587678","-73.98205027","164","E 47 St & 2 Ave","40.75323098","-73.97032517","16153","Subscriber","1970","2"
"502","2013-12-01 12:59:41","2013-12-01 13:08:03","432","E 7 St & Avenue A","40.72621788","-73.98379855","323","Lawrence St & Willoughby St","40.69236178","-73.98631746","18744","Subscriber","1985","1"
"740","2013-12-01 12:59:56","2013-12-01 13:12:16","127","Barrow St & Hudson St","40.73172428","-74.00674436","263","Elizabeth St & Hester St","40.71729","-73.996375","14957","Subscriber","1980","1"
"258","2013-12-01 13:00:02","2013-12-01 13:04:20","349","Rivington St & Ridge St","40.71850211","-73.98329859","401","Allen St & Rivington St","40.72019576","-73.98997825","16729","Subscriber","1990","1"
"892","2013-12-01 13:00:04","2013-12-01 13:14:56","534","Water - Whitehall Plaza","40.70255065","-74.0127234","400","Pitt St & Stanton St","40.71926081","-73.98178024","15566","Subscriber","1987","1"
"930","2013-12-01 13:00:04","2013-12-01 13:15:34","361","Allen St & Hester St","40.71605866","-73.99190759","127","Barrow St & Hudson St","40.73172428","-74.00674436","16448","Subscriber","1981","1"
"961","2013-12-01 13:00:09","2013-12-01 13:16:10","266","Avenue D & E 8 St","40.72368361","-73.97574813","481","S 3 St & Bedford Ave","40.71260486","-73.96264403","16811","Subscriber","1969","1"
"411","2013-12-01 13:00:10","2013-12-01 13:07:01","336","Sullivan St & Washington Sq","40.73047747","-73.99906065","280","E 10 St & 5 Ave","40.73331967","-73.99510132","18977","Subscriber","1988","1"
"1074","2013-12-01 13:00:10","2013-12-01 13:18:04","534","Water - Whitehall Plaza","40.70255065","-74.0127234","257","Lispenard St & Broadway","40.71939226","-74.00247214","18682","Customer",\N,"0"
"2264","2013-12-01 13:00:10","2013-12-01 13:37:54","327","Vesey Pl & River Terrace","40.7153379","-74.01658354","520","W 52 St & 5 Ave","40.75992262","-73.97648516","19795","Customer",\N,"0"
"267","2013-12-01 13:00:14","2013-12-01 13:04:41","259","South St & Whitehall St","40.70122128","-74.01234218","195","Liberty St & Broadway","40.70905623","-74.01043382","20564","Subscriber","1976","1"
"968","2013-12-01 13:00:25","2013-12-01 13:16:33","327","Vesey Pl & River Terrace","40.7153379","-74.01658354","128","MacDougal St & Prince St","40.72710258","-74.00297088","15206","Customer",\N,"0"
"837","2013-12-01 13:00:26","2013-12-01 13:14:23","456","E 53 St & Madison Ave","40.7597108","-73.97402311","518","E 39 St & 2 Ave","40.74780373","-73.9734419","15720","Subscriber","1961","2"
"455","2013-12-01 13:00:28","2013-12-01 13:08:03","417","Barclay St & Church St","40.71291224","-74.01020234","355","Bayard St & Baxter St","40.71602118","-73.99974372","20206","Subscriber","1982","1"
"712","2013-12-01 13:00:29","2013-12-01 13:12:21","514","12 Ave & W 40 St","40.76087502","-74.00277668","422","W 59 St & 10 Ave","40.770513","-73.988038","18334","Subscriber","1970","1"
"104","2013-12-01 13:00:35","2013-12-01 13:02:19","195","Liberty St & Broadway","40.70905623","-74.01043382","264","Maiden Ln & Pearl St","40.70706456","-74.00731853","15472","Subscriber","1987","1"
"1837","2013-12-01 13:00:39","2013-12-01 13:31:16","284","Greenwich Ave & 8 Ave","40.7390169121","-74.0026376103","474","5 Ave & E 29 St","40.7451677","-73.98683077","17419","Customer",\N,"0"
"411","2013-12-01 13:00:46","2013-12-01 13:07:37","458","11 Ave & W 27 St","40.751396","-74.005226","326","E 11 St & 1 Ave","40.72953837","-73.98426726","19336","Subscriber","1952","1"
"1968","2013-12-01 13:00:47","2013-12-01 13:33:35","426","West St & Chambers St","40.71754834","-74.01322069","462","W 22 St & 10 Ave","40.74691959","-74.00451887","18482","Subscriber","1986","1"
"1178","2013-12-01 13:00:48","2013-12-01 13:20:26","259","South St & Whitehall St","40.70122128","-74.01234218","387","Centre St & Chambers St","40.71273266","-74.0046073","18580","Customer",\N,"0"
"379","2013-12-01 13:00:50","2013-12-01 13:07:09","446","W 24 St & 7 Ave","40.74487634","-73.99529885","463","9 Ave & W 16 St","40.74206539","-74.00443172","19663","Subscriber","1954","1"
"1984","2013-12-01 13:00:53","2013-12-01 13:33:57","426","West St & Chambers St","40.71754834","-74.01322069","462","W 22 St & 10 Ave","40.74691959","-74.00451887","14729","Subscriber","1972","1"
"502","2013-12-01 13:01:00","2013-12-01 13:09:22","507","E 25 St & 2 Ave","40.73912601","-73.97973776","526","E 33 St & 5 Ave","40.74765947","-73.98490707","19831","Subscriber","1973","2"
"336","2013-12-01 13:01:03","2013-12-01 13:06:39","128","MacDougal St & Prince St","40.72710258","-74.00297088","280","E 10 St & 5 Ave","40.73331967","-73.99510132","14825","Subscriber","1982","1"
"240","2013-12-01 13:01:07","2013-12-01 13:05:07","448","W 37 St & 10 Ave","40.75660359","-73.9979009","525","W 34 St & 11 Ave","40.75594159","-74.0021163","16646","Subscriber","1952","1"
"176","2013-12-01 13:01:09","2013-12-01 13:04:05","368","Carmine St & 6 Ave","40.73038599","-74.00214988","368","Carmine St & 6 Ave","40.73038599","-74.00214988","18644","Customer",\N,"0"
"540","2013-12-01 13:01:09","2013-12-01 13:10:09","545","E 23 St & 1 Ave","40.736502","-73.97809472","402","Broadway & E 22 St","40.7403432","-73.98955109","15470","Subscriber","1971","2"
"194","2013-12-01 13:01:11","2013-12-01 13:04:25","404","9 Ave & W 14 St","40.7405826","-74.00550867","247","Perry St & Bleecker St","40.73535398","-74.00483091","16128","Subscriber","1985","1"
"1218","2013-12-01 13:01:13","2013-12-01 13:21:31","466","W 25 St & 6 Ave","40.74395411","-73.99144871","340","Madison St & Clinton St","40.71269042","-73.98776323","20240","Subscriber","1987","1"
"780","2013-12-01 13:01:15","2013-12-01 13:14:15","375","Mercer St & Bleecker St","40.72679454","-73.99695094","546","E 30 St & Park Ave S","40.74444921","-73.98303529","15738","Subscriber","1976","1"
"1146","2013-12-01 13:01:19","2013-12-01 13:20:25","259","South St & Whitehall St","40.70122128","-74.01234218","387","Centre St & Chambers St","40.71273266","-74.0046073","19909","Customer",\N,"0"
"497","2013-12-01 13:01:24","2013-12-01 13:09:41","453","W 22 St & 8 Ave","40.74475148","-73.99915362","537","Lexington Ave & E 24 St","40.74025878","-73.98409214","17509","Subscriber","1965","1"
"506","2013-12-01 13:01:25","2013-12-01 13:09:51","291","Madison St & Montgomery St","40.713126","-73.984844","295","Pike St & E Broadway","40.71406667","-73.99293911","17150","Subscriber","1966","1"
"991","2013-12-01 13:01:26","2013-12-01 13:17:57","496","E 16 St & 5 Ave","40.73726186","-73.99238967","146","Hudson St & Reade St","40.71625008","-74.0091059","15173","Subscriber","1970","1"
"1170","2013-12-01 13:01:29","2013-12-01 13:20:59","487","E 20 St & FDR Drive","40.73314259","-73.97573881","331","Pike St & Monroe St","40.71173107","-73.99193043","17232","Customer",\N,"0"
"1353","2013-12-01 13:01:31","2013-12-01 13:24:04","308","St James Pl & Oliver St","40.71307916","-73.99851193","504","1 Ave & E 15 St","40.73221853","-73.98165557","20525","Subscriber","1983","1"
"458","2013-12-01 13:01:32","2013-12-01 13:09:10","395","Bond St & Schermerhorn St","40.68807003","-73.98410637","416","Cumberland St & Lafayette Ave","40.68753406","-73.97265183","15371","Subscriber","1983","2"
"485","2013-12-01 13:01:33","2013-12-01 13:09:38","432","E 7 St & Avenue A","40.72621788","-73.98379855","497","E 17 St & Broadway","40.73704984","-73.99009296","18129","Subscriber","1968","1"
"259","2013-12-01 13:01:34","2013-12-01 13:05:53","435","W 21 St & 6 Ave","40.74173969","-73.99415556","505","6 Ave & W 33 St","40.74901271","-73.98848395","17456","Subscriber","1974","1"
"547","2013-12-01 13:01:37","2013-12-01 13:10:44","263","Elizabeth St & Hester St","40.71729","-73.996375","293","Lafayette St & E 8 St","40.73028666","-73.9907647","15083","Subscriber","1962","2"
"1098","2013-12-01 13:01:37","2013-12-01 13:19:55","505","6 Ave & W 33 St","40.74901271","-73.98848395","294","Washington Square E","40.73049393","-73.9957214","18722","Subscriber","1992","1"
"494","2013-12-01 13:01:42","2013-12-01 13:09:56","268","Howard St & Centre St","40.71910537","-73.99973337","147","Greenwich St & Warren St","40.71542197","-74.01121978","18897","Subscriber","1987","2"
"1157","2013-12-01 13:01:44","2013-12-01 13:21:01","487","E 20 St & FDR Drive","40.73314259","-73.97573881","331","Pike St & Monroe St","40.71173107","-73.99193043","19725","Customer",\N,"0"
"1290","2013-12-01 13:01:45","2013-12-01 13:23:15","428","E 3 St & 1 Ave","40.72467721","-73.98783413","435","W 21 St & 6 Ave","40.74173969","-73.99415556","18177","Subscriber","1940","1"
"230","2013-12-01 13:01:46","2013-12-01 13:05:36","500","Broadway & W 51 St","40.76228826","-73.98336183","520","W 52 St & 5 Ave","40.75992262","-73.97648516","16063","Subscriber","1963","1"
"315","2013-12-01 13:01:50","2013-12-01 13:07:05","127","Barrow St & Hudson St","40.73172428","-74.00674436","284","Greenwich Ave & 8 Ave","40.7390169121","-74.0026376103","15223","Subscriber","1975","1"
"636","2013-12-01 13:01:57","2013-12-01 13:12:33","375","Mercer St & Bleecker St","40.72679454","-73.99695094","383","Greenwich Ave & Charles St","40.735238","-74.000271","19908","Subscriber","1967","2"
"771","2013-12-01 13:02:01","2013-12-01 13:14:52","509","9 Ave & W 22 St","40.7454973","-74.00197139","336","Sullivan St & Washington Sq","40.73047747","-73.99906065","15086","Subscriber","1952","1"
"1188","2013-12-01 13:02:01","2013-12-01 13:21:49","509","9 Ave & W 22 St","40.7454973","-74.00197139","2008","Little West St & 1 Pl","40.70569254","-74.01677685","20661","Subscriber","1978","1"
"961","2013-12-01 13:02:02","2013-12-01 13:18:03","275","Washington Ave & Greene Ave","40.68650065","-73.96563307","467","Dean St & 4 Ave","40.68312489","-73.97895137","20588","Subscriber","1982","2"
"444","2013-12-01 13:02:10","2013-12-01 13:09:34","212","W 16 St & The High Line","40.74334935","-74.00681753","358","Christopher St & Greenwich St","40.73291553","-74.00711384","17222","Subscriber","1983","1"
"894","2013-12-01 13:02:11","2013-12-01 13:17:05","127","Barrow St & Hudson St","40.73172428","-74.00674436","515","W 43 St & 10 Ave","40.76009437","-73.99461843","14917","Subscriber","1957","1"
"742","2013-12-01 13:02:12","2013-12-01 13:14:34","517","Pershing Square S","40.75149263","-73.97798848","457","Broadway & W 58 St","40.76695317","-73.98169333","14644","Subscriber","1963","1"
"444","2013-12-01 13:02:12","2013-12-01 13:09:36","348","W Broadway & Spring St","40.72490985","-74.00154702","473","Rivington St & Chrystie St","40.72110063","-73.9919254","16486","Subscriber","1987","1"
"866","2013-12-01 13:02:26","2013-12-01 13:16:52","251","Mott St & Prince St","40.72317958","-73.99480012","251","Mott St & Prince St","40.72317958","-73.99480012","18096","Subscriber","1975","1"
"621","2013-12-01 13:02:42","2013-12-01 13:13:03","488","W 39 St & 9 Ave","40.75645824","-73.99372222","519","Pershing Square N","40.75188406","-73.97770164","19529","Subscriber","1967","1"
"411","2013-12-01 13:02:56","2013-12-01 13:09:47","326","E 11 St & 1 Ave","40.72953837","-73.98426726","285","Broadway & E 14 St","40.73454567","-73.99074142","15494","Subscriber","1987","2"
"798","2013-12-01 13:02:59","2013-12-01 13:16:17","487","E 20 St & FDR Drive","40.73314259","-73.97573881","486","Broadway & W 29 St","40.7462009","-73.98855723","19747","Subscriber","1984","1"
"600","2013-12-01 13:03:04","2013-12-01 13:13:04","323","Lawrence St & Willoughby St","40.69236178","-73.98631746","504","1 Ave & E 15 St","40.73221853","-73.98165557","19016","Subscriber","1967","2"
"549","2013-12-01 13:03:14","2013-12-01 13:12:23","442","W 27 St & 7 Ave","40.746647","-73.993915","380","W 4 St & 7 Ave S","40.73401143","-74.00293877","15466","Subscriber","1980","1"
"975","2013-12-01 13:03:15","2013-12-01 13:19:30","462","W 22 St & 10 Ave","40.74691959","-74.00451887","439","E 4 St & 2 Ave","40.7262807","-73.98978041","17906","Subscriber","1985","1"
"1096","2013-12-01 13:03:16","2013-12-01 13:21:32","405","Washington St & Gansevoort St","40.739323","-74.008119","377","6 Ave & Canal St","40.72243797","-74.00566443","17866","Customer",\N,"0"
"299","2013-12-01 13:03:20","2013-12-01 13:08:19","127","Barrow St & Hudson St","40.73172428","-74.00674436","470","W 20 St & 8 Ave","40.74345335","-74.00004031","19174","Subscriber","1987","1"
"289","2013-12-01 13:03:22","2013-12-01 13:08:11","174","E 25 St & 1 Ave","40.7381765","-73.97738662","507","E 25 St & 2 Ave","40.73912601","-73.97973776","16578","Subscriber","1984","1"
"441","2013-12-01 13:03:23","2013-12-01 13:10:44","348","W Broadway & Spring St","40.72490985","-74.00154702","329","Greenwich St & N Moore St","40.72043411","-74.01020609","20552","Subscriber","1978","2"
"420","2013-12-01 13:03:25","2013-12-01 13:10:25","218","Gallatin Pl & Livingston St","40.69028437","-73.98707105","322","Clinton St & Tillary St","40.696192","-73.991218","20875","Subscriber","1952","1"
"807","2013-12-01 13:03:30","2013-12-01 13:16:57","405","Washington St & Gansevoort St","40.739323","-74.008119","439","E 4 St & 2 Ave","40.7262807","-73.98978041","16444","Subscriber","1986","2"
"790","2013-12-01 13:03:35","2013-12-01 13:16:45","251","Mott St & Prince St","40.72317958","-73.99480012","511","E 14 St & Avenue B","40.72938685","-73.97772429","20986","Subscriber","1989","1"
"747","2013-12-01 13:03:47","2013-12-01 13:16:14","497","E 17 St & Broadway","40.73704984","-73.99009296","268","Howard St & Centre St","40.71910537","-73.99973337","14611","Subscriber","1986","2"
"469","2013-12-01 13:03:53","2013-12-01 13:11:42","490","8 Ave & W 33 St","40.751551","-73.993934","485","W 37 St & 5 Ave","40.75038009","-73.98338988","20071","Subscriber","1972","2"
"2726","2013-12-01 13:03:53","2013-12-01 13:49:19","293","Lafayette St & E 8 St","40.73028666","-73.9907647","306","Cliff St & Fulton St","40.70823502","-74.00530063","20846","Subscriber","1984","1"
"516","2013-12-01 13:03:54","2013-12-01 13:12:30","293","Lafayette St & E 8 St","40.73028666","-73.9907647","160","E 37 St & Lexington Ave","40.748238","-73.978311","20814","Subscriber","1983","1"
"677","2013-12-01 13:03:59","2013-12-01 13:15:16","545","E 23 St & 1 Ave","40.736502","-73.97809472","441","E 52 St & 2 Ave","40.756014","-73.967416","18717","Subscriber","1979","1"
"1766","2013-12-01 13:04:04","2013-12-01 13:33:30","363","West Thames St","40.70834698","-74.01713445","2003","1 Ave & E 18 St","40.73416059","-73.98024289","16115","Subscriber","1970","1"
"1102","2013-12-01 13:04:08","2013-12-01 13:22:30","446","W 24 St & 7 Ave","40.74487634","-73.99529885","375","Mercer St & Bleecker St","40.72679454","-73.99695094","19638","Subscriber","1957","2"
"2737","2013-12-01 13:04:08","2013-12-01 13:49:45","293","Lafayette St & E 8 St","40.73028666","-73.9907647","306","Cliff St & Fulton St","40.70823502","-74.00530063","15164","Subscriber","1981","2"
"232","2013-12-01 13:04:09","2013-12-01 13:08:01","483","E 12 St & 3 Ave","40.73223272","-73.98889957","433","E 13 St & Avenue A","40.72955361","-73.98057249","15038","Subscriber","1991","2"
"344","2013-12-01 13:04:11","2013-12-01 13:09:55","462","W 22 St & 10 Ave","40.74691959","-74.00451887","446","W 24 St & 7 Ave","40.74487634","-73.99529885","18685","Subscriber","1961","1"
"285","2013-12-01 13:04:17","2013-12-01 13:09:02","366","Clinton Ave & Myrtle Ave","40.693261","-73.968896","384","Fulton St & Waverly Ave","40.68317813","-73.9659641","19000","Subscriber","1973","1"
"309","2013-12-01 13:04:18","2013-12-01 13:09:27","446","W 24 St & 7 Ave","40.74487634","-73.99529885","326","E 11 St & 1 Ave","40.72953837","-73.98426726","20343","Subscriber","1958","2"
"967","2013-12-01 13:04:20","2013-12-01 13:20:27","483","E 12 St & 3 Ave","40.73223272","-73.98889957","329","Greenwich St & N Moore St","40.72043411","-74.01020609","19290","Subscriber","1991","1"
"90","2013-12-01 13:04:24","2013-12-01 13:05:54","316","Fulton St & William St","40.70955958","-74.00653609","316","Fulton St & William St","40.70955958","-74.00653609","16258","Customer",\N,"0"
"679","2013-12-01 13:04:28","2013-12-01 13:15:47","449","W 52 St & 9 Ave","40.76461837","-73.98789473","441","E 52 St & 2 Ave","40.756014","-73.967416","18357","Subscriber","1968","1"
"384","2013-12-01 13:04:41","2013-12-01 13:11:05","404","9 Ave & W 14 St","40.7405826","-74.00550867","483","E 12 St & 3 Ave","40.73223272","-73.98889957","20708","Subscriber","1989","1"
"149","2013-12-01 13:04:42","2013-12-01 13:07:11","152","Warren St & Church St","40.71473993","-74.00910627","249","Harrison St & Hudson St","40.71870987","-74.0090009","19447","Subscriber","1987","1"
"342","2013-12-01 13:04:46","2013-12-01 13:10:28","295","Pike St & E Broadway","40.71406667","-73.99293911","401","Allen St & Rivington St","40.72019576","-73.98997825","15022","Subscriber","1981","1"
"273","2013-12-01 13:04:52","2013-12-01 13:09:25","402","Broadway & E 22 St","40.7403432","-73.98955109","498","Broadway & W 32 St","40.74854862","-73.98808416","17552","Subscriber","1980","1"
"1058","2013-12-01 13:04:55","2013-12-01 13:22:33","483","E 12 St & 3 Ave","40.73223272","-73.98889957","426","West St & Chambers St","40.71754834","-74.01322069","15126","Subscriber","1991","1"
"320","2013-12-01 13:04:57","2013-12-01 13:10:17","340","Madison St & Clinton St","40.71269042","-73.98776323","295","Pike St & E Broadway","40.71406667","-73.99293911","19337","Subscriber","1979","1"
"557","2013-12-01 13:04:58","2013-12-01 13:14:15","284","Greenwich Ave & 8 Ave","40.7390169121","-74.0026376103","326","E 11 St & 1 Ave","40.72953837","-73.98426726","18233","Subscriber","1976","1"
"1260","2013-12-01 13:05:01","2013-12-01 13:26:01","435","W 21 St & 6 Ave","40.74173969","-73.99415556","445","E 10 St & Avenue A","40.72740794","-73.98142006","15980","Subscriber","1994","1"
"311","2013-12-01 13:05:07","2013-12-01 13:10:18","295","Pike St & E Broadway","40.71406667","-73.99293911","401","Allen St & Rivington St","40.72019576","-73.98997825","15179","Subscriber","1965","1"
"650","2013-12-01 13:05:07","2013-12-01 13:15:57","329","Greenwich St & N Moore St","40.72043411","-74.01020609","229","Great Jones St","40.72743423","-73.99379025","17323","Subscriber","1984","1"
"927","2013-12-01 13:05:11","2013-12-01 13:20:38","532","S 5 Pl & S 4 St","40.710451","-73.960876","401","Allen St & Rivington St","40.72019576","-73.98997825","17449","Subscriber","1984","1"
"421","2013-12-01 13:05:12","2013-12-01 13:12:13","405","Washington St & Gansevoort St","40.739323","-74.008119","238","Bank St & Washington St","40.7361967","-74.00859207","19591","Subscriber","1976","1"
"684","2013-12-01 13:05:13","2013-12-01 13:16:37","127","Barrow St & Hudson St","40.73172428","-74.00674436","444","Broadway & W 24 St","40.7423543","-73.98915076","16726","Subscriber","1980","1"
"407","2013-12-01 13:05:17","2013-12-01 13:12:04","293","Lafayette St & E 8 St","40.73028666","-73.9907647","323","Lawrence St & Willoughby St","40.69236178","-73.98631746","19812","Subscriber","1969","1"
"267","2013-12-01 13:05:18","2013-12-01 13:09:45","499","Broadway & W 60 St","40.76915505","-73.98191841","423","W 54 St & 9 Ave","40.76584941","-73.98690506","20361","Subscriber","1971","1"
"410","2013-12-01 13:05:18","2013-12-01 13:12:08","518","E 39 St & 2 Ave","40.74780373","-73.9734419","385","E 55 St & 2 Ave","40.75797322","-73.96603308","15269","Subscriber","1989","1"
"367","2013-12-01 13:05:18","2013-12-01 13:11:25","380","W 4 St & 7 Ave S","40.73401143","-74.00293877","470","W 20 St & 8 Ave","40.74345335","-74.00004031","15354","Subscriber","1985","1"
"834","2013-12-01 13:05:21","2013-12-01 13:19:15","285","Broadway & E 14 St","40.73454567","-73.99074142","296","Division St & Bowery","40.71413089","-73.9970468","20945","Subscriber","1973","1"
"365","2013-12-01 13:05:21","2013-12-01 13:11:26","285","Broadway & E 14 St","40.73454567","-73.99074142","432","E 7 St & Avenue A","40.72621788","-73.98379855","18367","Subscriber","1985","1"
"664","2013-12-01 13:05:23","2013-12-01 13:16:27","325","E 19 St & 3 Ave","40.73624527","-73.98473765","252","MacDougal St & Washington Sq","40.73226398","-73.99852205","17779","Subscriber","1973","2"
"1002","2013-12-01 13:05:24","2013-12-01 13:22:06","514","12 Ave & W 40 St","40.76087502","-74.00277668","334","W 20 St & 7 Ave","40.74238787","-73.99726235","17800","Customer",\N,"0"
"323","2013-12-01 13:05:26","2013-12-01 13:10:49","380","W 4 St & 7 Ave S","40.73401143","-74.00293877","470","W 20 St & 8 Ave","40.74345335","-74.00004031","15181","Subscriber","1982","1"
"307","2013-12-01 13:05:27","2013-12-01 13:10:34","442","W 27 St & 7 Ave","40.746647","-73.993915","489","10 Ave & W 28 St","40.75066386","-74.00176802","19415","Subscriber","1983","2"
"284","2013-12-01 13:05:28","2013-12-01 13:10:12","444","Broadway & W 24 St","40.7423543","-73.98915076","362","Broadway & W 37 St","40.75172632","-73.98753523","18588","Subscriber","1981","1"
"1529","2013-12-01 13:05:29","2013-12-01 13:30:58","531","Forsyth St & Broome St","40.71893904","-73.99266288","445","E 10 St & Avenue A","40.72740794","-73.98142006","20862","Subscriber","1969","1"
"540","2013-12-01 13:05:30","2013-12-01 13:14:30","546","E 30 St & Park Ave S","40.74444921","-73.98303529","236","St Marks Pl & 2 Ave","40.7284186","-73.98713956","19522","Subscriber","1981","1"
"193","2013-12-01 13:05:32","2013-12-01 13:08:45","359","E 47 St & Park Ave","40.75510267","-73.97498696","2023","E 55 St & Lexington Ave","40.75968085","-73.97031366","17120","Subscriber","1978","1"
"100","2013-12-01 13:05:32","2013-12-01 13:07:12","404","9 Ave & W 14 St","40.7405826","-74.00550867","284","Greenwich Ave & 8 Ave","40.7390169121","-74.0026376103","16821","Subscriber","1981","1"
"663","2013-12-01 13:05:34","2013-12-01 13:16:37","285","Broadway & E 14 St","40.73454567","-73.99074142","128","MacDougal St & Prince St","40.72710258","-74.00297088","18653","Customer",\N,"0"
"345","2013-12-01 13:05:45","2013-12-01 13:11:30","232","Cadman Plaza E & Tillary St","40.69597683","-73.99014892","261","Johnson St & Gold St","40.69474881","-73.98362464","17422","Subscriber","1970","1"
"429","2013-12-01 13:05:51","2013-12-01 13:13:00","500","Broadway & W 51 St","40.76228826","-73.98336183","515","W 43 St & 10 Ave","40.76009437","-73.99461843","17068","Subscriber","1974","1"
"284","2013-12-01 13:05:52","2013-12-01 13:10:36","447","8 Ave & W 52 St","40.76370739","-73.9851615","499","Broadway & W 60 St","40.76915505","-73.98191841","17095","Subscriber","1957","2"
"1008","2013-12-01 13:05:53","2013-12-01 13:22:41","514","12 Ave & W 40 St","40.76087502","-74.00277668","334","W 20 St & 7 Ave","40.74238787","-73.99726235","19926","Subscriber","1959","2"
"1396","2013-12-01 13:05:55","2013-12-01 13:29:11","153","E 40 St & 5 Ave","40.752062307","-73.9816324043","489","10 Ave & W 28 St","40.75066386","-74.00176802","20371","Subscriber","1982","1"
"966","2013-12-01 13:05:55","2013-12-01 13:22:01","195","Liberty St & Broadway","40.70905623","-74.01043382","412","Forsyth St & Canal St","40.7158155","-73.99422366","17772","Subscriber","1977","2"
"614","2013-12-01 13:05:59","2013-12-01 13:16:13","426","West St & Chambers St","40.71754834","-74.01322069","358","Christopher St & Greenwich St","40.73291553","-74.00711384","16590","Subscriber","1944","1"
"8607","2013-12-01 13:05:59","2013-12-01 15:29:26","387","Centre St & Chambers St","40.71273266","-74.0046073","404","9 Ave & W 14 St","40.7405826","-74.00550867","20181","Customer",\N,"0"
"287","2013-12-01 13:05:59","2013-12-01 13:10:46","359","E 47 St & Park Ave","40.75510267","-73.97498696","518","E 39 St & 2 Ave","40.74780373","-73.9734419","20164","Subscriber","1978","1"
"1229","2013-12-01 13:06:06","2013-12-01 13:26:35","379","W 31 St & 7 Ave","40.749156","-73.9916","250","Lafayette St & Jersey St","40.72456089","-73.99565293","20683","Subscriber","1956","1"
"220","2013-12-01 13:06:06","2013-12-01 13:09:46","382","University Pl & E 14 St","40.73492695","-73.99200509","336","Sullivan St & Washington Sq","40.73047747","-73.99906065","19297","Customer",\N,"0"
"295","2013-12-01 13:06:14","2013-12-01 13:11:09","264","Maiden Ln & Pearl St","40.70706456","-74.00731853","308","St James Pl & Oliver St","40.71307916","-73.99851193","20550","Subscriber","1986","1"
"8638","2013-12-01 13:06:15","2013-12-01 15:30:13","387","Centre St & Chambers St","40.71273266","-74.0046073","404","9 Ave & W 14 St","40.7405826","-74.00550867","19493","Customer",\N,"0"
"776","2013-12-01 13:06:20","2013-12-01 13:19:16","251","Mott St & Prince St","40.72317958","-73.99480012","375","Mercer St & Bleecker St","40.72679454","-73.99695094","14727","Subscriber","1956","1"
"437","2013-12-01 13:06:23","2013-12-01 13:13:40","527","E 33 St & 1 Ave","40.74315566","-73.97434726","237","E 11 St & 2 Ave","40.73047309","-73.98672378","14560","Subscriber","1986","2"
"234","2013-12-01 13:06:23","2013-12-01 13:10:17","499","Broadway & W 60 St","40.76915505","-73.98191841","449","W 52 St & 9 Ave","40.76461837","-73.98789473","19467","Subscriber","1985","2"
"582","2013-12-01 13:06:31","2013-12-01 13:16:13","401","Allen St & Rivington St","40.72019576","-73.98997825","461","E 20 St & 2 Ave","40.73587678","-73.98205027","18093","Subscriber","1990","1"
"528","2013-12-01 13:06:38","2013-12-01 13:15:26","458","11 Ave & W 27 St","40.751396","-74.005226","305","E 58 St & 3 Ave","40.76095756","-73.96724467","19674","Subscriber","1983","2"
"1166","2013-12-01 13:06:39","2013-12-01 13:26:05","463","9 Ave & W 16 St","40.74206539","-74.00443172","495","W 47 St & 10 Ave","40.76269882","-73.99301222","16079","Subscriber","1983","1"
"146","2013-12-01 13:06:44","2013-12-01 13:09:10","2000","Front St & Washington St","40.70255088","-73.98940236","217","Old Fulton St","40.70277159","-73.99383605","18497","Subscriber","1974","1"
"738","2013-12-01 13:06:45","2013-12-01 13:19:03","2009","Catherine St & Monroe St","40.71117444","-73.99682619","151","Cleveland Pl & Spring St","40.7218158","-73.99720307","18994","Subscriber","1982","2"
"538","2013-12-01 13:06:45","2013-12-01 13:15:43","538","W 49 St & 5 Ave","40.75795248","-73.97787642","305","E 58 St & 3 Ave","40.76095756","-73.96724467","15831","Subscriber","1981","1"
"733","2013-12-01 13:06:58","2013-12-01 13:19:11","116","W 17 St & 8 Ave","40.74177603","-74.00149746","540","Lexington Ave & E 26 St","40.74147286","-73.98320928","15276","Subscriber","1980","1"
"314","2013-12-01 13:06:59","2013-12-01 13:12:13","147","Greenwich St & Warren St","40.71542197","-74.01121978","224","Spruce St & Nassau St","40.71146364","-74.00552427","16309","Subscriber","1973","1"
"603","2013-12-01 13:06:59","2013-12-01 13:17:02","518","E 39 St & 2 Ave","40.74780373","-73.9734419","297","E 15 St & 3 Ave","40.734232","-73.986923","16505","Subscriber","1977","2"
"522","2013-12-01 13:06:59","2013-12-01 13:15:41","505","6 Ave & W 33 St","40.74901271","-73.98848395","518","E 39 St & 2 Ave","40.74780373","-73.9734419","19367","Subscriber","1988","1"
"331","2013-12-01 13:07:03","2013-12-01 13:12:34","293","Lafayette St & E 8 St","40.73028666","-73.9907647","325","E 19 St & 3 Ave","40.73624527","-73.98473765","19435","Subscriber","1983","1"
"386","2013-12-01 13:07:07","2013-12-01 13:13:33","239","Willoughby St & Fleet St","40.69196566","-73.9813018","366","Clinton Ave & Myrtle Ave","40.693261","-73.968896","16626","Subscriber","1985","2"
"2964","2013-12-01 13:07:14","2013-12-01 13:56:38","499","Broadway & W 60 St","40.76915505","-73.98191841","499","Broadway & W 60 St","40.76915505","-73.98191841","17929","Customer",\N,"0"
"637","2013-12-01 13:07:14","2013-12-01 13:17:51","276","Duane St & Greenwich St","40.71748752","-74.0104554","151","Cleveland Pl & Spring St","40.7218158","-73.99720307","16881","Subscriber","1970","1"
"459","2013-12-01 13:07:16","2013-12-01 13:14:55","356","Bialystoker Pl & Delancey St","40.71622644","-73.98261206","296","Division St & Bowery","40.71413089","-73.9970468","20222","Subscriber","1970","2"
"379","2013-12-01 13:07:17","2013-12-01 13:13:36","239","Willoughby St & Fleet St","40.69196566","-73.9813018","366","Clinton Ave & Myrtle Ave","40.693261","-73.968896","16861","Subscriber","1963","1"
"448","2013-12-01 13:07:18","2013-12-01 13:14:46","356","Bialystoker Pl & Delancey St","40.71622644","-73.98261206","296","Division St & Bowery","40.71413089","-73.9970468","19815","Subscriber","1975","1"
"321","2013-12-01 13:07:19","2013-12-01 13:12:40","293","Lafayette St & E 8 St","40.73028666","-73.9907647","325","E 19 St & 3 Ave","40.73624527","-73.98473765","18806","Subscriber","1982","2"
"236","2013-12-01 13:07:26","2013-12-01 13:11:22","311","Norfolk St & Broome St","40.7172274","-73.98802084","295","Pike St & E Broadway","40.71406667","-73.99293911","17396","Subscriber","1958","1"
"707","2013-12-01 13:07:33","2013-12-01 13:19:20","499","Broadway & W 60 St","40.76915505","-73.98191841","519","Pershing Square N","40.75188406","-73.97770164","18325","Subscriber","1945","1"
"189","2013-12-01 13:07:36","2013-12-01 13:10:45","513","W 56 St & 10 Ave","40.768254","-73.988639","449","W 52 St & 9 Ave","40.76461837","-73.98789473","17217","Subscriber","1983","1"
"988","2013-12-01 13:07:42","2013-12-01 13:24:10","390","Duffield St & Willoughby St","40.69221589","-73.9842844","412","Forsyth St & Canal St","40.7158155","-73.99422366","17179","Customer",\N,"0"
"519","2013-12-01 13:07:42","2013-12-01 13:16:21","296","Division St & Bowery","40.71413089","-73.9970468","360","William St & Pine St","40.70717936","-74.00887308","19918","Subscriber","1982","1"
"996","2013-12-01 13:07:44","2013-12-01 13:24:20","390","Duffield St & Willoughby St","40.69221589","-73.9842844","412","Forsyth St & Canal St","40.7158155","-73.99422366","18807","Customer",\N,"0"
"1932","2013-12-01 13:07:56","2013-12-01 13:40:08","363","West Thames St","40.70834698","-74.01713445","529","W 42 St & 8 Ave","40.7575699","-73.99098507","19584","Subscriber","1986","1"
"2884","2013-12-01 13:08:01","2013-12-01 13:56:05","457","Broadway & W 58 St","40.76695317","-73.98169333","457","Broadway & W 58 St","40.76695317","-73.98169333","16592","Customer",\N,"0"
"1074","2013-12-01 13:08:02","2013-12-01 13:25:56","379","W 31 St & 7 Ave","40.749156","-73.9916","382","University Pl & E 14 St","40.73492695","-73.99200509","19443","Customer",\N,"0"
"1061","2013-12-01 13:08:05","2013-12-01 13:25:46","379","W 31 St & 7 Ave","40.749156","-73.9916","382","University Pl & E 14 St","40.73492695","-73.99200509","14970","Customer",\N,"0"
"552","2013-12-01 13:08:06","2013-12-01 13:17:18","316","Fulton St & William St","40.70955958","-74.00653609","303","Mercer St & Spring St","40.72362738","-73.99949601","15064","Subscriber","1988","1"
"204","2013-12-01 13:08:09","2013-12-01 13:11:33","503","E 20 St & Park Ave","40.73827428","-73.98751968","546","E 30 St & Park Ave S","40.74444921","-73.98303529","17515","Subscriber","1978","1"
"191","2013-12-01 13:08:10","2013-12-01 13:11:21","313","Washington Ave & Park Ave","40.69610226","-73.96751037","242","Flushing Ave & Carlton Ave","40.69788349","-73.97350332","18707","Subscriber","1988","1"
"427","2013-12-01 13:08:11","2013-12-01 13:15:18","405","Washington St & Gansevoort St","40.739323","-74.008119","380","W 4 St & 7 Ave S","40.73401143","-74.00293877","15109","Subscriber","1978","1"
"145","2013-12-01 13:08:12","2013-12-01 13:10:37","195","Liberty St & Broadway","40.70905623","-74.01043382","351","Front St & Maiden Ln","40.70530954","-74.00612572","20564","Subscriber","1980","1"
"381","2013-12-01 13:08:17","2013-12-01 13:14:38","405","Washington St & Gansevoort St","40.739323","-74.008119","380","W 4 St & 7 Ave S","40.73401143","-74.00293877","14870","Subscriber","1980","2"
"354","2013-12-01 13:08:23","2013-12-01 13:14:17","470","W 20 St & 8 Ave","40.74345335","-74.00004031","490","8 Ave & W 33 St","40.751551","-73.993934","16329","Subscriber","1970","1"
"243","2013-12-01 13:08:24","2013-12-01 13:12:27","512","W 29 St & 9 Ave","40.7500727","-73.99839279","352","W 56 St & 6 Ave","40.76340613","-73.97722479","17191","Subscriber","1981","2"
"1079","2013-12-01 13:08:32","2013-12-01 13:26:31","512","W 29 St & 9 Ave","40.7500727","-73.99839279","438","St Marks Pl & 1 Ave","40.72779126","-73.98564945","19890","Subscriber","1977","1"
"274","2013-12-01 13:08:32","2013-12-01 13:13:06","350","Clinton St & Grand St","40.71559509","-73.9870295","401","Allen St & Rivington St","40.72019576","-73.98997825","20014","Subscriber","1982","1"
"286","2013-12-01 13:08:32","2013-12-01 13:13:18","350","Clinton St & Grand St","40.71559509","-73.9870295","458","11 Ave & W 27 St","40.751396","-74.005226","15950","Subscriber","1988","2"
"341","2013-12-01 13:08:40","2013-12-01 13:14:21","362","Broadway & W 37 St","40.75172632","-73.98753523","326","E 11 St & 1 Ave","40.72953837","-73.98426726","16632","Subscriber","1972","1"
"364","2013-12-01 13:08:41","2013-12-01 13:14:45","467","Dean St & 4 Ave","40.68312489","-73.97895137","310","State St & Smith St","40.68926942","-73.98912867","15350","Subscriber","1970","1"
"739","2013-12-01 13:08:41","2013-12-01 13:21:00","473","Rivington St & Chrystie St","40.72110063","-73.9919254","308","St James Pl & Oliver St","40.71307916","-73.99851193","14854","Subscriber","1983","1"
"367","2013-12-01 13:08:41","2013-12-01 13:14:48","463","9 Ave & W 16 St","40.74206539","-74.00443172","435","W 21 St & 6 Ave","40.74173969","-73.99415556","18314","Subscriber","1974","1"
"373","2013-12-01 13:08:42","2013-12-01 13:14:55","513","W 56 St & 10 Ave","40.768254","-73.988639","450","W 49 St & 8 Ave","40.76227205","-73.98788205","16620","Subscriber","1976","1"
"3928","2013-12-01 13:08:42","2013-12-01 14:14:10","457","Broadway & W 58 St","40.76695317","-73.98169333","457","Broadway & W 58 St","40.76695317","-73.98169333","15903","Customer",\N,"0"
"1382","2013-12-01 13:08:53","2013-12-01 13:31:55","398","Atlantic Ave & Furman St","40.69165183","-73.9999786","398","Atlantic Ave & Furman St","40.69165183","-73.9999786","19320","Customer",\N,"0"
"2088","2013-12-01 13:08:54","2013-12-01 13:43:42","293","Lafayette St & E 8 St","40.73028666","-73.9907647","304","Broadway & Battery Pl","40.70463334","-74.01361706","15991","Subscriber","1969","1"
"726","2013-12-01 13:08:54","2013-12-01 13:21:00","473","Rivington St & Chrystie St","40.72110063","-73.9919254","308","St James Pl & Oliver St","40.71307916","-73.99851193","18649","Subscriber","1980","2"
"851","2013-12-01 13:08:55","2013-12-01 13:23:06","393","E 5 St & Avenue C","40.72299208","-73.97995466","497","E 17 St & Broadway","40.73704984","-73.99009296","17793","Subscriber","1986","2"
"428","2013-12-01 13:09:01","2013-12-01 13:16:09","489","10 Ave & W 28 St","40.75066386","-74.00176802","446","W 24 St & 7 Ave","40.74487634","-73.99529885","20936","Subscriber","1954","1"
"177","2013-12-01 13:09:02","2013-12-01 13:11:59","438","St Marks Pl & 1 Ave","40.72779126","-73.98564945","445","E 10 St & Avenue A","40.72740794","-73.98142006","18263","Subscriber","1975","1"
"634","2013-12-01 13:09:03","2013-12-01 13:19:37","326","E 11 St & 1 Ave","40.72953837","-73.98426726","531","Forsyth St & Broome St","40.71893904","-73.99266288","16724","Subscriber","1990","1"
"823","2013-12-01 13:09:06","2013-12-01 13:22:49","523","W 38 St & 8 Ave","40.75466591","-73.99138152","466","W 25 St & 6 Ave","40.74395411","-73.99144871","17768","Subscriber","1973","1"
"353","2013-12-01 13:09:07","2013-12-01 13:15:00","376","John St & William St","40.70862144","-74.00722156","523","W 38 St & 8 Ave","40.75466591","-73.99138152","16088","Subscriber","1991","1"
"652","2013-12-01 13:09:15","2013-12-01 13:20:07","484","W 44 St & 5 Ave","40.75500254","-73.98014437","498","Broadway & W 32 St","40.74854862","-73.98808416","16595","Subscriber","1985","1"
"2050","2013-12-01 13:09:18","2013-12-01 13:43:28","293","Lafayette St & E 8 St","40.73028666","-73.9907647","304","Broadway & Battery Pl","40.70463334","-74.01361706","16255","Subscriber","1964","2"
"232","2013-12-01 13:09:20","2013-12-01 13:13:12","496","E 16 St & 5 Ave","40.73726186","-73.99238967","482","W 15 St & 7 Ave","40.73935542","-73.99931783","18227","Subscriber","1979","1"
"970","2013-12-01 13:09:42","2013-12-01 13:25:52","379","W 31 St & 7 Ave","40.749156","-73.9916","382","University Pl & E 14 St","40.73492695","-73.99200509","15255","Customer",\N,"0"
"760","2013-12-01 13:09:48","2013-12-01 13:22:28","282","Kent Ave & S 11 St","40.70827295","-73.96834101","2002","Wythe Ave & Metropolitan Ave","40.716887","-73.963198","18229","Customer",\N,"0"
"741","2013-12-01 13:09:51","2013-12-01 13:22:12","282","Kent Ave & S 11 St","40.70827295","-73.96834101","2002","Wythe Ave & Metropolitan Ave","40.716887","-73.963198","17642","Customer",\N,"0"
"560","2013-12-01 13:09:51","2013-12-01 13:19:11","382","University Pl & E 14 St","40.73492695","-73.99200509","250","Lafayette St & Jersey St","40.72456089","-73.99565293","17616","Customer",\N,"0"
"1336","2013-12-01 13:09:54","2013-12-01 13:32:10","398","Atlantic Ave & Furman St","40.69165183","-73.9999786","398","Atlantic Ave & Furman St","40.69165183","-73.9999786","15877","Customer",\N,"0"
"923","2013-12-01 13:09:55","2013-12-01 13:25:18","379","W 31 St & 7 Ave","40.749156","-73.9916","382","University Pl & E 14 St","40.73492695","-73.99200509","16014","Customer",\N,"0"
"186","2013-12-01 13:09:55","2013-12-01 13:13:01","284","Greenwich Ave & 8 Ave","40.7390169121","-74.0026376103","470","W 20 St & 8 Ave","40.74345335","-74.00004031","14728","Subscriber","1964","1"
"564","2013-12-01 13:09:58","2013-12-01 13:19:22","285","Broadway & E 14 St","40.73454567","-73.99074142","393","E 5 St & Avenue C","40.72299208","-73.97995466","17114","Subscriber","1988","1"
"253","2013-12-01 13:09:58","2013-12-01 13:14:11","348","W Broadway & Spring St","40.72490985","-74.00154702","375","Mercer St & Bleecker St","40.72679454","-73.99695094","15700","Subscriber","1974","2"
"365","2013-12-01 13:10:06","2013-12-01 13:16:11","470","W 20 St & 8 Ave","40.74345335","-74.00004031","402","Broadway & E 22 St","40.7403432","-73.98955109","20747","Subscriber","1976","1"
"693","2013-12-01 13:10:12","2013-12-01 13:21:45","151","Cleveland Pl & Spring St","40.7218158","-73.99720307","502","Henry St & Grand St","40.714215","-73.981346","16124","Subscriber","1947","2"
"128","2013-12-01 13:10:25","2013-12-01 13:12:33","509","9 Ave & W 22 St","40.7454973","-74.00197139","463","9 Ave & W 16 St","40.74206539","-74.00443172","15543","Subscriber","1969","1"
"724","2013-12-01 13:10:28","2013-12-01 13:22:32","83","Atlantic Ave & Fort Greene Pl","40.68382604","-73.97632328","447","8 Ave & W 52 St","40.76370739","-73.9851615","18687","Subscriber","1971","2"
"389","2013-12-01 13:10:29","2013-12-01 13:16:58","498","Broadway & W 32 St","40.74854862","-73.98808416","2021","W 45 St & 8 Ave","40.75929124","-73.98859651","18929","Subscriber","1986","1"
"689","2013-12-01 13:10:32","2013-12-01 13:22:01","483","E 12 St & 3 Ave","40.73223272","-73.98889957","150","E 2 St & Avenue C","40.7208736","-73.98085795","18390","Subscriber","1953","1"
"556","2013-12-01 13:10:37","2013-12-01 13:19:53","484","W 44 St & 5 Ave","40.75500254","-73.98014437","498","Broadway & W 32 St","40.74854862","-73.98808416","16459","Subscriber","1986","2"
"671","2013-12-01 13:10:40","2013-12-01 13:21:51","437","Macon St & Nostrand Ave","40.6809833854","-73.9500479759","275","Washington Ave & Greene Ave","40.68650065","-73.96563307","18969","Subscriber","1989","2"
"209","2013-12-01 13:10:51","2013-12-01 13:14:20","500","Broadway & W 51 St","40.76228826","-73.98336183","457","Broadway & W 58 St","40.76695317","-73.98169333","20342","Subscriber","1978","1"
"467","2013-12-01 13:10:56","2013-12-01 13:18:43","435","W 21 St & 6 Ave","40.74173969","-73.99415556","252","MacDougal St & Washington Sq","40.73226398","-73.99852205","15078","Subscriber","1983","1"
"368","2013-12-01 13:10:56","2013-12-01 13:17:04","312","Allen St & E Houston St","40.722055","-73.989111","250","Lafayette St & Jersey St","40.72456089","-73.99565293","17553","Subscriber","1970","1"
"284","2013-12-01 13:11:02","2013-12-01 13:15:46","496","E 16 St & 5 Ave","40.73726186","-73.99238967","334","W 20 St & 7 Ave","40.74238787","-73.99726235","18564","Subscriber","1983","2"
"893","2013-12-01 13:11:08","2013-12-01 13:26:01","312","Allen St & E Houston St","40.722055","-73.989111","387","Centre St & Chambers St","40.71273266","-74.0046073","20727","Subscriber","1966","1"
"376","2013-12-01 13:11:08","2013-12-01 13:17:24","477","W 41 St & 8 Ave","40.75640548","-73.9900262","450","W 49 St & 8 Ave","40.76227205","-73.98788205","15011","Subscriber","1967","1"
"886","2013-12-01 13:11:10","2013-12-01 13:25:56","379","W 31 St & 7 Ave","40.749156","-73.9916","487","E 20 St & FDR Drive","40.73314259","-73.97573881","15590","Subscriber","1995","2"
"805","2013-12-01 13:11:10","2013-12-01 13:24:35","508","W 46 St & 11 Ave","40.76341379","-73.99667444","459","W 20 St & 11 Ave","40.746745","-74.007756","16057","Subscriber","1991","2"
"564","2013-12-01 13:11:15","2013-12-01 13:20:39","410","Suffolk St & Stanton St","40.72066442","-73.98517977","303","Mercer St & Spring St","40.72362738","-73.99949601","15175","Subscriber","1990","1"
"631","2013-12-01 13:11:17","2013-12-01 13:21:48","416","Cumberland St & Lafayette Ave","40.68753406","-73.97265183","391","Clark St & Henry St","40.69760127","-73.99344559","18876","Subscriber","1987","1"
"490","2013-12-01 13:11:17","2013-12-01 13:19:27","508","W 46 St & 11 Ave","40.76341379","-73.99667444","447","8 Ave & W 52 St","40.76370739","-73.9851615","16429","Subscriber","1980","1"
"485","2013-12-01 13:11:18","2013-12-01 13:19:23","508","W 46 St & 11 Ave","40.76341379","-73.99667444","447","8 Ave & W 52 St","40.76370739","-73.9851615","18964","Subscriber","1981","1"
"453","2013-12-01 13:11:22","2013-12-01 13:18:55","462","W 22 St & 10 Ave","40.74691959","-74.00451887","402","Broadway & E 22 St","40.7403432","-73.98955109","17019","Subscriber","1986","1"
"651","2013-12-01 13:11:28","2013-12-01 13:22:19","507","E 25 St & 2 Ave","40.73912601","-73.97973776","265","Stanton St & Chrystie St","40.72229346","-73.99147535","15032","Subscriber","1978","1"
"600","2013-12-01 13:11:29","2013-12-01 13:21:29","349","Rivington St & Ridge St","40.71850211","-73.98329859","251","Mott St & Prince St","40.72317958","-73.99480012","20928","Subscriber","1972","2"
"408","2013-12-01 13:11:31","2013-12-01 13:18:19","384","Fulton St & Waverly Ave","40.68317813","-73.9659641","83","Atlantic Ave & Fort Greene Pl","40.68382604","-73.97632328","19000","Subscriber","1979","1"
"818","2013-12-01 13:11:32","2013-12-01 13:25:10","479","9 Ave & W 45 St","40.76019252","-73.9912551","434","9 Ave & W 18 St","40.74317449","-74.00366443","18440","Subscriber","1967","1"
"2516","2013-12-01 13:11:34","2013-12-01 13:53:30","393","E 5 St & Avenue C","40.72299208","-73.97995466","347","W Houston St & Hudson St","40.72873888","-74.00748842","16972","Subscriber","1979","2"
"349","2013-12-01 13:11:35","2013-12-01 13:17:24","284","Greenwich Ave & 8 Ave","40.7390169121","-74.0026376103","435","W 21 St & 6 Ave","40.74173969","-73.99415556","16819","Subscriber","1979","2"
"1190","2013-12-01 13:11:39","2013-12-01 13:31:29","263","Elizabeth St & Hester St","40.71729","-73.996375","470","W 20 St & 8 Ave","40.74345335","-74.00004031","15924","Subscriber","1983","2"
"222","2013-12-01 13:11:40","2013-12-01 13:15:22","335","Washington Pl & Broadway","40.72903917","-73.99404649","362","Broadway & W 37 St","40.75172632","-73.98753523","18382","Subscriber","1986","1"
"286","2013-12-01 13:11:42","2013-12-01 13:16:28","405","Washington St & Gansevoort St","40.739323","-74.008119","345","W 13 St & 6 Ave","40.73649403","-73.99704374","15325","Subscriber","1977","1"
"844","2013-12-01 13:11:48","2013-12-01 13:25:52","312","Allen St & E Houston St","40.722055","-73.989111","387","Centre St & Chambers St","40.71273266","-74.0046073","18495","Subscriber","1966","2"
"1858","2013-12-01 13:11:50","2013-12-01 13:42:48","539","Metropolitan Ave & Bedford Ave","40.71534825","-73.96024116","430","York St & Jay St","40.7014851","-73.98656928","18411","Subscriber","1974","2"
"888","2013-12-01 13:11:50","2013-12-01 13:26:38","380","W 4 St & 7 Ave S","40.73401143","-74.00293877","195","Liberty St & Broadway","40.70905623","-74.01043382","19152","Subscriber","1962","2"
"1849","2013-12-01 13:11:50","2013-12-01 13:42:39","539","Metropolitan Ave & Bedford Ave","40.71534825","-73.96024116","430","York St & Jay St","40.7014851","-73.98656928","19696","Subscriber","1970","1"
"1318","2013-12-01 13:11:51","2013-12-01 13:33:49","515","W 43 St & 10 Ave","40.76009437","-73.99461843","280","E 10 St & 5 Ave","40.73331967","-73.99510132","15516","Subscriber","1985","2"
"1117","2013-12-01 13:11:55","2013-12-01 13:30:32","448","W 37 St & 10 Ave","40.75660359","-73.9979009","303","Mercer St & Spring St","40.72362738","-73.99949601","17630","Subscriber","1987","1"
"2629","2013-12-01 13:11:57","2013-12-01 13:55:46","457","Broadway & W 58 St","40.76695317","-73.98169333","457","Broadway & W 58 St","40.76695317","-73.98169333","17666","Customer",\N,"0"
"529","2013-12-01 13:12:01","2013-12-01 13:20:50","363","West Thames St","40.70834698","-74.01713445","328","Watts St & Greenwich St","40.72405549","-74.00965965","17018","Subscriber","1955","1"
"1122","2013-12-01 13:12:02","2013-12-01 13:30:44","2002","Wythe Ave & Metropolitan Ave","40.716887","-73.963198","274","Lafayette Ave & Fort Greene Pl","40.68691865","-73.976682","15418","Subscriber","1985","1"
"312","2013-12-01 13:12:07","2013-12-01 13:17:19","503","E 20 St & Park Ave","40.73827428","-73.98751968","435","W 21 St & 6 Ave","40.74173969","-73.99415556","18430","Subscriber","1977","1"
"489","2013-12-01 13:12:09","2013-12-01 13:20:18","383","Greenwich Ave & Charles St","40.735238","-74.000271","537","Lexington Ave & E 24 St","40.74025878","-73.98409214","18630","Subscriber","1982","1"
"543","2013-12-01 13:12:09","2013-12-01 13:21:12","147","Greenwich St & Warren St","40.71542197","-74.01121978","415","Pearl St & Hanover Square","40.7047177","-74.00926027","18683","Subscriber","1980","2"
"615","2013-12-01 13:12:09","2013-12-01 13:22:24","2010","Grand St & Greene St","40.72165481","-74.00234737","152","Warren St & Church St","40.71473993","-74.00910627","18522","Customer",\N,"0"
"495","2013-12-01 13:12:20","2013-12-01 13:20:35","302","Avenue D & E 3 St","40.72082834","-73.97793172","336","Sullivan St & Washington Sq","40.73047747","-73.99906065","15806","Subscriber","1976","1"
"454","2013-12-01 13:12:23","2013-12-01 13:19:57","469","Broadway & W 53 St","40.76344058","-73.98268129","469","Broadway & W 53 St","40.76344058","-73.98268129","14641","Customer",\N,"0"
"1334","2013-12-01 13:12:25","2013-12-01 13:34:39","293","Lafayette St & E 8 St","40.73028666","-73.9907647","462","W 22 St & 10 Ave","40.74691959","-74.00451887","18474","Subscriber","1975","2"
"685","2013-12-01 13:12:28","2013-12-01 13:23:53","435","W 21 St & 6 Ave","40.74173969","-73.99415556","323","Lawrence St & Willoughby St","40.69236178","-73.98631746","16285","Subscriber","1978","1"
"565","2013-12-01 13:12:29","2013-12-01 13:21:54","153","E 40 St & 5 Ave","40.752062307","-73.9816324043","540","Lexington Ave & E 26 St","40.74147286","-73.98320928","16150","Subscriber","1991","1"
"355","2013-12-01 13:12:30","2013-12-01 13:18:25","440","E 45 St & 3 Ave","40.75255434","-73.97282625","160","E 37 St & Lexington Ave","40.748238","-73.978311","16471","Subscriber","1986","1"
"1269","2013-12-01 13:12:33","2013-12-01 13:33:42","515","W 43 St & 10 Ave","40.76009437","-73.99461843","280","E 10 St & 5 Ave","40.73331967","-73.99510132","16935","Customer",\N,"0"
"214","2013-12-01 13:12:33","2013-12-01 13:16:07","368","Carmine St & 6 Ave","40.73038599","-74.00214988","375","Mercer St & Bleecker St","40.72679454","-73.99695094","18644","Subscriber","1957","1"
"299","2013-12-01 13:12:37","2013-12-01 13:17:36","284","Greenwich Ave & 8 Ave","40.7390169121","-74.0026376103","336","Sullivan St & Washington Sq","40.73047747","-73.99906065","16165","Subscriber","1985","1"
"1266","2013-12-01 13:12:39","2013-12-01 13:33:45","251","Mott St & Prince St","40.72317958","-73.99480012","406","Hicks St & Montague St","40.69512845","-73.99595065","14774","Subscriber","1977","1"
"455","2013-12-01 13:12:42","2013-12-01 13:20:17","147","Greenwich St & Warren St","40.71542197","-74.01121978","376","John St & William St","40.70862144","-74.00722156","17397","Subscriber","1979","2"
"649","2013-12-01 13:12:48","2013-12-01 13:23:37","462","W 22 St & 10 Ave","40.74691959","-74.00451887","505","6 Ave & W 33 St","40.74901271","-73.98848395","17962","Subscriber","1952","1"
"504","2013-12-01 13:12:51","2013-12-01 13:21:15","282","Kent Ave & S 11 St","40.70827295","-73.96834101","343","Clinton Ave & Flushing Ave","40.69794","-73.96986848","20944","Subscriber","1978","1"
"645","2013-12-01 13:12:52","2013-12-01 13:23:37","462","W 22 St & 10 Ave","40.74691959","-74.00451887","505","6 Ave & W 33 St","40.74901271","-73.98848395","19138","Subscriber","1952","2"
"231","2013-12-01 13:12:58","2013-12-01 13:16:49","435","W 21 St & 6 Ave","40.74173969","-73.99415556","453","W 22 St & 8 Ave","40.74475148","-73.99915362","15389","Subscriber","1987","2"
"292","2013-12-01 13:13:02","2013-12-01 13:17:54","394","E 9 St & Avenue C","40.72521311","-73.97768752","504","1 Ave & E 15 St","40.73221853","-73.98165557","15459","Subscriber","1992","1"
"1994","2013-12-01 13:13:02","2013-12-01 13:46:16","195","Liberty St & Broadway","40.70905623","-74.01043382","510","W 51 St & 6 Ave","40.7606597","-73.98042047","20271","Subscriber","1980","1"
"440","2013-12-01 13:13:06","2013-12-01 13:20:26","335","Washington Pl & Broadway","40.72903917","-73.99404649","317","E 6 St & Avenue B","40.72453734","-73.98185424","17278","Subscriber","1972","1"
"442","2013-12-01 13:13:07","2013-12-01 13:20:29","465","Broadway & W 41 St","40.75513557","-73.98658032","160","E 37 St & Lexington Ave","40.748238","-73.978311","16581","Subscriber","1957","1"
"275","2013-12-01 13:13:08","2013-12-01 13:17:43","402","Broadway & E 22 St","40.7403432","-73.98955109","486","Broadway & W 29 St","40.7462009","-73.98855723","17826","Subscriber","1978","1"
"599","2013-12-01 13:13:16","2013-12-01 13:23:15","358","Christopher St & Greenwich St","40.73291553","-74.00711384","459","W 20 St & 11 Ave","40.746745","-74.007756","17728","Subscriber","1987","2"
"493","2013-12-01 13:13:21","2013-12-01 13:21:34","312","Allen St & E Houston St","40.722055","-73.989111","303","Mercer St & Spring St","40.72362738","-73.99949601","14855","Subscriber","1977","2"
"638","2013-12-01 13:13:23","2013-12-01 13:24:01","330","Reade St & Broadway","40.71450451","-74.00562789","265","Stanton St & Chrystie St","40.72229346","-73.99147535","17349","Subscriber","1981","2"
"442","2013-12-01 13:13:25","2013-12-01 13:20:47","458","11 Ave & W 27 St","40.751396","-74.005226","492","W 33 St & 7 Ave","40.75019995","-73.99093085","15101","Subscriber","1984","1"
"367","2013-12-01 13:13:28","2013-12-01 13:19:35","284","Greenwich Ave & 8 Ave","40.7390169121","-74.0026376103","521","8 Ave & W 31 St","40.75044999","-73.99481051","15223","Subscriber","1984","1"
"659","2013-12-01 13:13:28","2013-12-01 13:24:27","402","Broadway & E 22 St","40.7403432","-73.98955109","459","W 20 St & 11 Ave","40.746745","-74.007756","16441","Subscriber","1975","2"
"1105","2013-12-01 13:13:30","2013-12-01 13:31:55","459","W 20 St & 11 Ave","40.746745","-74.007756","293","Lafayette St & E 8 St","40.73028666","-73.9907647","20214","Subscriber","1985","2"
"435","2013-12-01 13:13:32","2013-12-01 13:20:47","153","E 40 St & 5 Ave","40.752062307","-73.9816324043","540","Lexington Ave & E 26 St","40.74147286","-73.98320928","20869","Subscriber","1988","1"
"690","2013-12-01 13:13:33","2013-12-01 13:25:03","365","Fulton St & Grand Ave","40.68223166","-73.9614583","310","State St & Smith St","40.68926942","-73.98912867","18297","Subscriber","1978","1"
"648","2013-12-01 13:13:36","2013-12-01 13:24:24","394","E 9 St & Avenue C","40.72521311","-73.97768752","403","E 2 St & 2 Ave","40.72502876","-73.99069656","17767","Subscriber","1982","2"
"566","2013-12-01 13:13:40","2013-12-01 13:23:06","229","Great Jones St","40.72743423","-73.99379025","296","Division St & Bowery","40.71413089","-73.9970468","20602","Subscriber","1988","1"
"1499","2013-12-01 13:13:42","2013-12-01 13:38:41","363","West Thames St","40.70834698","-74.01713445","293","Lafayette St & E 8 St","40.73028666","-73.9907647","14952","Subscriber","1968","1"
"459","2013-12-01 13:13:43","2013-12-01 13:21:22","382","University Pl & E 14 St","40.73492695","-73.99200509","403","E 2 St & 2 Ave","40.72502876","-73.99069656","15922","Subscriber","1987","1"
"511","2013-12-01 13:13:51","2013-12-01 13:22:22","358","Christopher St & Greenwich St","40.73291553","-74.00711384","459","W 20 St & 11 Ave","40.746745","-74.007756","19438","Subscriber","1986","1"
"426","2013-12-01 13:13:53","2013-12-01 13:20:59","505","6 Ave & W 33 St","40.74901271","-73.98848395","466","W 25 St & 6 Ave","40.74395411","-73.99144871","20775","Subscriber","1962","1"
"777","2013-12-01 13:13:54","2013-12-01 13:26:51","377","6 Ave & Canal St","40.72243797","-74.00566443","466","W 25 St & 6 Ave","40.74395411","-73.99144871","19758","Subscriber","1973","1"
"1572","2013-12-01 13:13:54","2013-12-01 13:40:06","251","Mott St & Prince St","40.72317958","-73.99480012","485","W 37 St & 5 Ave","40.75038009","-73.98338988","17290","Customer",\N,"0"
"376","2013-12-01 13:13:56","2013-12-01 13:20:12","422","W 59 St & 10 Ave","40.770513","-73.988038","281","Grand Army Plaza & Central Park S","40.7643971","-73.97371465","14927","Subscriber","1983","1"
"1604","2013-12-01 13:14:00","2013-12-01 13:40:44","251","Mott St & Prince St","40.72317958","-73.99480012","485","W 37 St & 5 Ave","40.75038009","-73.98338988","17900","Customer",\N,"0"
"150","2013-12-01 13:14:00","2013-12-01 13:16:30","284","Greenwich Ave & 8 Ave","40.7390169121","-74.0026376103","380","W 4 St & 7 Ave S","40.73401143","-74.00293877","16821","Subscriber","1984","1"
"442","2013-12-01 13:14:02","2013-12-01 13:21:24","400","Pitt St & Stanton St","40.71926081","-73.98178024","251","Mott St & Prince St","40.72317958","-73.99480012","19583","Subscriber","1963","1"
"392","2013-12-01 13:14:07","2013-12-01 13:20:39","336","Sullivan St & Washington Sq","40.73047747","-73.99906065","326","E 11 St & 1 Ave","40.72953837","-73.98426726","18054","Subscriber","1990","1"
"676","2013-12-01 13:14:14","2013-12-01 13:25:30","355","Bayard St & Baxter St","40.71602118","-73.99974372","438","St Marks Pl & 1 Ave","40.72779126","-73.98564945","15963","Subscriber","1979","1"
"1847","2013-12-01 13:14:22","2013-12-01 13:45:09","476","E 31 St & 3 Ave","40.74394314","-73.97966069","426","West St & Chambers St","40.71754834","-74.01322069","19716","Subscriber","1961","1"
"742","2013-12-01 13:14:23","2013-12-01 13:26:45","285","Broadway & E 14 St","40.73454567","-73.99074142","521","8 Ave & W 31 St","40.75044999","-73.99481051","15642","Subscriber","1987","1"
"389","2013-12-01 13:14:29","2013-12-01 13:20:58","2004","6 Ave & Broome St","40.724399","-74.004704","238","Bank St & Washington St","40.7361967","-74.00859207","19670","Subscriber","1977","1"
"2665","2013-12-01 13:14:35","2013-12-01 13:59:00","457","Broadway & W 58 St","40.76695317","-73.98169333","457","Broadway & W 58 St","40.76695317","-73.98169333","14832","Customer",\N,"0"
"654","2013-12-01 13:14:39","2013-12-01 13:25:33","467","Dean St & 4 Ave","40.68312489","-73.97895137","322","Clinton St & Tillary St","40.696192","-73.991218","20196","Subscriber","1972","1"
"409","2013-12-01 13:14:39","2013-12-01 13:21:28","238","Bank St & Washington St","40.7361967","-74.00859207","380","W 4 St & 7 Ave S","40.73401143","-74.00293877","18583","Subscriber","1972","1"
"934","2013-12-01 13:14:39","2013-12-01 13:30:13","487","E 20 St & FDR Drive","40.73314259","-73.97573881","359","E 47 St & Park Ave","40.75510267","-73.97498696","17040","Subscriber","1986","2"
"1201","2013-12-01 13:14:59","2013-12-01 13:35:00","241","DeKalb Ave & S Portland Ave","40.68981035","-73.97493121","361","Allen St & Hester St","40.71605866","-73.99190759","18064","Subscriber","1983","1"
"861","2013-12-01 13:15:03","2013-12-01 13:29:24","532","S 5 Pl & S 4 St","40.710451","-73.960876","251","Mott St & Prince St","40.72317958","-73.99480012","18535","Subscriber","1987","2"
"205","2013-12-01 13:15:06","2013-12-01 13:18:31","150","E 2 St & Avenue C","40.7208736","-73.98085795","428","E 3 St & 1 Ave","40.72467721","-73.98783413","16985","Subscriber","1993","1"
"688","2013-12-01 13:15:09","2013-12-01 13:26:37","357","E 11 St & Broadway","40.73261787","-73.99158043","505","6 Ave & W 33 St","40.74901271","-73.98848395","16116","Subscriber","1970","1"
"504","2013-12-01 13:15:10","2013-12-01 13:23:34","250","Lafayette St & Jersey St","40.72456089","-73.99565293","335","Washington Pl & Broadway","40.72903917","-73.99404649","19480","Subscriber","1986","1"
"518","2013-12-01 13:15:10","2013-12-01 13:23:48","150","E 2 St & Avenue C","40.7208736","-73.98085795","336","Sullivan St & Washington Sq","40.73047747","-73.99906065","16834","Subscriber","1978","1"
"238","2013-12-01 13:15:12","2013-12-01 13:19:10","344","Monroe St & Bedford Ave","40.6851443","-73.95380904","396","Lefferts Pl & Franklin Ave","40.680342423","-73.9557689392","15870","Subscriber","1980","1"
"799","2013-12-01 13:15:17","2013-12-01 13:28:36","340","Madison St & Clinton St","40.71269042","-73.98776323","294","Washington Square E","40.73049393","-73.9957214","15945","Subscriber","1989","1"
"741","2013-12-01 13:15:18","2013-12-01 13:27:39","146","Hudson St & Reade St","40.71625008","-74.0091059","380","W 4 St & 7 Ave S","40.73401143","-74.00293877","19289","Subscriber","1987","1"
"1026","2013-12-01 13:15:20","2013-12-01 13:32:26","514","12 Ave & W 40 St","40.76087502","-74.00277668","402","Broadway & E 22 St","40.7403432","-73.98955109","16978","Subscriber","1970","1"
"953","2013-12-01 13:15:21","2013-12-01 13:31:14","312","Allen St & E Houston St","40.722055","-73.989111","346","Bank St & Hudson St","40.73652889","-74.00618026","15274","Subscriber","1970","1"
"797","2013-12-01 13:15:22","2013-12-01 13:28:39","459","W 20 St & 11 Ave","40.746745","-74.007756","267","Broadway & W 36 St","40.75097711","-73.98765428","15058","Subscriber","1975","2"
"2313","2013-12-01 13:15:24","2013-12-01 13:53:57","518","E 39 St & 2 Ave","40.74780373","-73.9734419","435","W 21 St & 6 Ave","40.74173969","-73.99415556","16417","Subscriber","1961","2"
"192","2013-12-01 13:15:28","2013-12-01 13:18:40","523","W 38 St & 8 Ave","40.75466591","-73.99138152","448","W 37 St & 10 Ave","40.75660359","-73.9979009","19249","Subscriber","1991","1"
"467","2013-12-01 13:15:35","2013-12-01 13:23:22","466","W 25 St & 6 Ave","40.74395411","-73.99144871","521","8 Ave & W 31 St","40.75044999","-73.99481051","17574","Subscriber","1957","2"
"995","2013-12-01 13:15:38","2013-12-01 13:32:13","367","E 53 St & Lexington Ave","40.75828065","-73.97069431","448","W 37 St & 10 Ave","40.75660359","-73.9979009","18550","Subscriber","1988","1"
"1294","2013-12-01 13:15:42","2013-12-01 13:37:16","394","E 9 St & Avenue C","40.72521311","-73.97768752","456","E 53 St & Madison Ave","40.7597108","-73.97402311","17904","Customer",\N,"0"
"610","2013-12-01 13:15:43","2013-12-01 13:25:53","337","Old Slip & Front St","40.7037992","-74.00838676","249","Harrison St & Hudson St","40.71870987","-74.0090009","20022","Subscriber","1958","1"
"559","2013-12-01 13:15:44","2013-12-01 13:25:03","280","E 10 St & 5 Ave","40.73331967","-73.99510132","433","E 13 St & Avenue A","40.72955361","-73.98057249","17821","Subscriber","1989","2"
"884","2013-12-01 13:15:44","2013-12-01 13:30:28","127","Barrow St & Hudson St","40.73172428","-74.00674436","147","Greenwich St & Warren St","40.71542197","-74.01121978","16759","Customer",\N,"0"
"182","2013-12-01 13:15:45","2013-12-01 13:18:47","328","Watts St & Greenwich St","40.72405549","-74.00965965","276","Duane St & Greenwich St","40.71748752","-74.0104554","17436","Subscriber","1972","1"
"699","2013-12-01 13:15:47","2013-12-01 13:27:26","478","11 Ave & W 41 St","40.76030096","-73.99884222","523","W 38 St & 8 Ave","40.75466591","-73.99138152","16890","Subscriber","1983","1"
"1464","2013-12-01 13:15:50","2013-12-01 13:40:14","415","Pearl St & Hanover Square","40.7047177","-74.00926027","358","Christopher St & Greenwich St","40.73291553","-74.00711384","17394","Subscriber","1975","1"
"627","2013-12-01 13:15:50","2013-12-01 13:26:17","496","E 16 St & 5 Ave","40.73726186","-73.99238967","300","Shevchenko Pl & E 6 St","40.728145","-73.990214","17660","Subscriber","1980","1"
"212","2013-12-01 13:16:00","2013-12-01 13:19:32","468","Broadway & W 55 St","40.7652654","-73.98192338","449","W 52 St & 9 Ave","40.76461837","-73.98789473","16906","Subscriber","1983","1"
"999","2013-12-01 13:16:00","2013-12-01 13:32:39","405","Washington St & Gansevoort St","40.739323","-74.008119","334","W 20 St & 7 Ave","40.74238787","-73.99726235","19761","Subscriber","1978","1"
"582","2013-12-01 13:16:03","2013-12-01 13:25:45","151","Cleveland Pl & Spring St","40.7218158","-73.99720307","285","Broadway & E 14 St","40.73454567","-73.99074142","15224","Subscriber","1981","2"
"1030","2013-12-01 13:16:03","2013-12-01 13:33:13","514","12 Ave & W 40 St","40.76087502","-74.00277668","326","E 11 St & 1 Ave","40.72953837","-73.98426726","18984","Subscriber","1980","2"
"872","2013-12-01 13:16:14","2013-12-01 13:30:46","127","Barrow St & Hudson St","40.73172428","-74.00674436","147","Greenwich St & Warren St","40.71542197","-74.01121978","16169","Customer",\N,"0"
"603","2013-12-01 13:16:16","2013-12-01 13:26:19","435","W 21 St & 6 Ave","40.74173969","-73.99415556","472","E 32 St & Park Ave","40.7457121","-73.98194829","18314","Subscriber","1974","1"
"470","2013-12-01 13:16:18","2013-12-01 13:24:08","153","E 40 St & 5 Ave","40.752062307","-73.9816324043","290","2 Ave & E 58 St","40.76020258","-73.96478473","15322","Subscriber","1948","1"
"554","2013-12-01 13:16:22","2013-12-01 13:25:36","151","Cleveland Pl & Spring St","40.7218158","-73.99720307","285","Broadway & E 14 St","40.73454567","-73.99074142","18857","Subscriber","1986","1"
"1437","2013-12-01 13:16:23","2013-12-01 13:40:20","415","Pearl St & Hanover Square","40.7047177","-74.00926027","358","Christopher St & Greenwich St","40.73291553","-74.00711384","18665","Subscriber","1979","1"
"169","2013-12-01 13:16:25","2013-12-01 13:19:14","460","S 4 St & Wythe Ave","40.71285887","-73.96590294","539","Metropolitan Ave & Bedford Ave","40.71534825","-73.96024116","18120","Subscriber","1985","1"
"588","2013-12-01 13:16:25","2013-12-01 13:26:13","500","Broadway & W 51 St","40.76228826","-73.98336183","454","E 51 St & 1 Ave","40.75455731","-73.96592976","17920","Subscriber","1964","2"
"644","2013-12-01 13:16:27","2013-12-01 13:27:11","383","Greenwich Ave & Charles St","40.735238","-74.000271","268","Howard St & Centre St","40.71910537","-73.99973337","15553","Subscriber","1980","1"
"1840","2013-12-01 13:16:29","2013-12-01 13:47:09","195","Liberty St & Broadway","40.70905623","-74.01043382","511","E 14 St & Avenue B","40.72938685","-73.97772429","15920","Subscriber","1962","1"
"414","2013-12-01 13:16:34","2013-12-01 13:23:28","383","Greenwich Ave & Charles St","40.735238","-74.000271","375","Mercer St & Bleecker St","40.72679454","-73.99695094","19313","Subscriber","1963","2"
"968","2013-12-01 13:16:41","2013-12-01 13:32:49","476","E 31 St & 3 Ave","40.74394314","-73.97966069","476","E 31 St & 3 Ave","40.74394314","-73.97966069","15575","Subscriber","1984","1"
"814","2013-12-01 13:16:45","2013-12-01 13:30:19","512","W 29 St & 9 Ave","40.7500727","-73.99839279","496","E 16 St & 5 Ave","40.73726186","-73.99238967","19384","Subscriber","1986","1"
"502","2013-12-01 13:16:47","2013-12-01 13:25:09","479","9 Ave & W 45 St","40.76019252","-73.9912551","465","Broadway & W 41 St","40.75513557","-73.98658032","17197","Subscriber","1957","1"
"378","2013-12-01 13:16:49","2013-12-01 13:23:07","380","W 4 St & 7 Ave S","40.73401143","-74.00293877","470","W 20 St & 8 Ave","40.74345335","-74.00004031","15466","Subscriber","1971","2"
"752","2013-12-01 13:16:58","2013-12-01 13:29:30","307","Canal St & Rutgers St","40.71427487","-73.98990025","532","S 5 Pl & S 4 St","40.710451","-73.960876","19880","Subscriber","1983","1"
"1016","2013-12-01 13:17:06","2013-12-01 13:34:02","253","W 13 St & 5 Ave","40.73543934","-73.99453948","377","6 Ave & Canal St","40.72243797","-74.00566443","16300","Customer",\N,"0"
"803","2013-12-01 13:17:08","2013-12-01 13:30:31","382","University Pl & E 14 St","40.73492695","-73.99200509","348","W Broadway & Spring St","40.72490985","-74.00154702","15856","Subscriber","1961","1"
"341","2013-12-01 13:17:10","2013-12-01 13:22:51","290","2 Ave & E 58 St","40.76020258","-73.96478473","164","E 47 St & 2 Ave","40.75323098","-73.97032517","15057","Subscriber","1987","2"
"108","2013-12-01 13:17:21","2013-12-01 13:19:09","274","Lafayette Ave & Fort Greene Pl","40.68691865","-73.976682","271","Ashland Pl & Hanson Pl","40.68528172","-73.97805813","18948","Subscriber","1980","2"
"368","2013-12-01 13:17:22","2013-12-01 13:23:30","494","W 26 St & 8 Ave","40.74734825","-73.99723551","435","W 21 St & 6 Ave","40.74173969","-73.99415556","18570","Subscriber","1987","1"
"352","2013-12-01 13:17:23","2013-12-01 13:23:15","545","E 23 St & 1 Ave","40.736502","-73.97809472","503","E 20 St & Park Ave","40.73827428","-73.98751968","19117","Subscriber","1985","1"
"273","2013-12-01 13:17:27","2013-12-01 13:22:00","151","Cleveland Pl & Spring St","40.7218158","-73.99720307","2010","Grand St & Greene St","40.72165481","-74.00234737","19363","Subscriber","1984","2"
"341","2013-12-01 13:17:28","2013-12-01 13:23:09","239","Willoughby St & Fleet St","40.69196566","-73.9813018","395","Bond St & Schermerhorn St","40.68807003","-73.98410637","19274","Subscriber","1982","1"
"1176","2013-12-01 13:17:28","2013-12-01 13:37:04","523","W 38 St & 8 Ave","40.75466591","-73.99138152","305","E 58 St & 3 Ave","40.76095756","-73.96724467","16261","Subscriber","1964","2"
"352","2013-12-01 13:17:29","2013-12-01 13:23:21","239","Willoughby St & Fleet St","40.69196566","-73.9813018","395","Bond St & Schermerhorn St","40.68807003","-73.98410637","14778","Subscriber","1984","2"
"207","2013-12-01 13:17:31","2013-12-01 13:20:58","394","E 9 St & Avenue C","40.72521311","-73.97768752","445","E 10 St & Avenue A","40.72740794","-73.98142006","15244","Subscriber","1989","2"
"289","2013-12-01 13:17:31","2013-12-01 13:22:20","361","Allen St & Hester St","40.71605866","-73.99190759","296","Division St & Bowery","40.71413089","-73.9970468","15717","Subscriber","1988","2"
"735","2013-12-01 13:17:32","2013-12-01 13:29:47","307","Canal St & Rutgers St","40.71427487","-73.98990025","251","Mott St & Prince St","40.72317958","-73.99480012","15545","Subscriber","1977","1"
"153","2013-12-01 13:17:35","2013-12-01 13:20:08","147","Greenwich St & Warren St","40.71542197","-74.01121978","417","Barclay St & Church St","40.71291224","-74.01020234","18897","Subscriber","1984","1"
"1706","2013-12-01 13:17:38","2013-12-01 13:46:04","528","2 Ave & E 31 St","40.74290902","-73.97706058","392","Jay St & Tech Pl","40.695065","-73.987167","18624","Customer",\N,"0"
"1679","2013-12-01 13:17:41","2013-12-01 13:45:40","528","2 Ave & E 31 St","40.74290902","-73.97706058","392","Jay St & Tech Pl","40.695065","-73.987167","17561","Subscriber","1985","1"
"632","2013-12-01 13:17:42","2013-12-01 13:28:14","480","W 53 St & 10 Ave","40.76669671","-73.99061728","484","W 44 St & 5 Ave","40.75500254","-73.98014437","14996","Subscriber","1982","1"
"304","2013-12-01 13:17:49","2013-12-01 13:22:53","294","Washington Square E","40.73049393","-73.9957214","127","Barrow St & Hudson St","40.73172428","-74.00674436","20311","Subscriber","1988","1"
"96","2013-12-01 13:17:57","2013-12-01 13:19:33","474","5 Ave & E 29 St","40.7451677","-73.98683077","444","Broadway & W 24 St","40.7423543","-73.98915076","18131","Subscriber","1967","1"
"934","2013-12-01 13:17:58","2013-12-01 13:33:32","360","William St & Pine St","40.70717936","-74.00887308","368","Carmine St & 6 Ave","40.73038599","-74.00214988","16593","Subscriber","1978","1"
"1563","2013-12-01 13:18:21","2013-12-01 13:44:24","509","9 Ave & W 22 St","40.7454973","-74.00197139","329","Greenwich St & N Moore St","40.72043411","-74.01020609","15549","Subscriber","1974","1"
"806","2013-12-01 13:18:27","2013-12-01 13:31:53","479","9 Ave & W 45 St","40.76019252","-73.9912551","334","W 20 St & 7 Ave","40.74238787","-73.99726235","14961","Subscriber","1983","2"
"155","2013-12-01 13:18:33","2013-12-01 13:21:08","522","E 51 St & Lexington Ave","40.75714758","-73.97207836","456","E 53 St & Madison Ave","40.7597108","-73.97402311","14899","Subscriber","1964","1"
"1430","2013-12-01 13:18:35","2013-12-01 13:42:25","319","Park Pl & Church St","40.71336124","-74.00937622","2009","Catherine St & Monroe St","40.71117444","-73.99682619","16401","Customer",\N,"0"
"329","2013-12-01 13:18:38","2013-12-01 13:24:07","499","Broadway & W 60 St","40.76915505","-73.98191841","449","W 52 St & 9 Ave","40.76461837","-73.98789473","17095","Subscriber","1967","1"
"400","2013-12-01 13:18:39","2013-12-01 13:25:19","245","Myrtle Ave & St Edwards St","40.69327018","-73.97703874","323","Lawrence St & Willoughby St","40.69236178","-73.98631746","18063","Subscriber","1972","2"
"143","2013-12-01 13:18:46","2013-12-01 13:21:09","347","W Houston St & Hudson St","40.72873888","-74.00748842","358","Christopher St & Greenwich St","40.73291553","-74.00711384","18149","Subscriber","1987","1"
"411","2013-12-01 13:18:49","2013-12-01 13:25:40","251","Mott St & Prince St","40.72317958","-73.99480012","326","E 11 St & 1 Ave","40.72953837","-73.98426726","18614","Subscriber","1980","1"
"308","2013-12-01 13:18:51","2013-12-01 13:23:59","475","E 16 St & Irving Pl","40.73524276","-73.98758561","253","W 13 St & 5 Ave","40.73543934","-73.99453948","17270","Subscriber","1971","1"
"1666","2013-12-01 13:18:55","2013-12-01 13:46:41","128","MacDougal St & Prince St","40.72710258","-74.00297088","539","Metropolitan Ave & Bedford Ave","40.71534825","-73.96024116","18882","Subscriber","1942","1"
"3080","2013-12-01 13:18:58","2013-12-01 14:10:18","539","Metropolitan Ave & Bedford Ave","40.71534825","-73.96024116","477","W 41 St & 8 Ave","40.75640548","-73.9900262","19589","Customer",\N,"0"
"1144","2013-12-01 13:19:12","2013-12-01 13:38:16","127","Barrow St & Hudson St","40.73172428","-74.00674436","458","11 Ave & W 27 St","40.751396","-74.005226","17879","Subscriber","1957","1"
"793","2013-12-01 13:19:13","2013-12-01 13:32:26","72","W 52 St & 11 Ave","40.76727216","-73.99392888","459","W 20 St & 11 Ave","40.746745","-74.007756","18397","Subscriber","1991","2"
"507","2013-12-01 13:19:15","2013-12-01 13:27:42","147","Greenwich St & Warren St","40.71542197","-74.01121978","355","Bayard St & Baxter St","40.71602118","-73.99974372","18891","Subscriber","1958","1"
"309","2013-12-01 13:19:18","2013-12-01 13:24:27","523","W 38 St & 8 Ave","40.75466591","-73.99138152","498","Broadway & W 32 St","40.74854862","-73.98808416","17293","Subscriber","1978","1"
"319","2013-12-01 13:19:18","2013-12-01 13:24:37","402","Broadway & E 22 St","40.7403432","-73.98955109","168","W 18 St & 6 Ave","40.73971301","-73.99456405","20747","Subscriber","1976","1"
"637","2013-12-01 13:19:18","2013-12-01 13:29:55","328","Watts St & Greenwich St","40.72405549","-74.00965965","323","Lawrence St & Willoughby St","40.69236178","-73.98631746","20011","Subscriber","1982","1"
"569","2013-12-01 13:19:20","2013-12-01 13:28:49","355","Bayard St & Baxter St","40.71602118","-73.99974372","195","Liberty St & Broadway","40.70905623","-74.01043382","18065","Subscriber","1973","1"
"1724","2013-12-01 13:19:23","2013-12-01 13:48:07","479","9 Ave & W 45 St","40.76019252","-73.9912551","504","1 Ave & E 15 St","40.73221853","-73.98165557","19573","Subscriber","1963","1"
"693","2013-12-01 13:19:39","2013-12-01 13:31:12","296","Division St & Bowery","40.71413089","-73.9970468","293","Lafayette St & E 8 St","40.73028666","-73.9907647","17467","Subscriber","1981","1"
"215","2013-12-01 13:19:41","2013-12-01 13:23:16","264","Maiden Ln & Pearl St","40.70706456","-74.00731853","319","Park Pl & Church St","40.71336124","-74.00937622","15472","Subscriber","1987","1"
"123","2013-12-01 13:19:47","2013-12-01 13:21:50","457","Broadway & W 58 St","40.76695317","-73.98169333","468","Broadway & W 55 St","40.7652654","-73.98192338","14644","Subscriber","1955","1"
"936","2013-12-01 13:19:49","2013-12-01 13:35:25","358","Christopher St & Greenwich St","40.73291553","-74.00711384","236","St Marks Pl & 2 Ave","40.7284186","-73.98713956","19096","Subscriber","1965","2"
"412","2013-12-01 13:19:53","2013-12-01 13:26:45","482","W 15 St & 7 Ave","40.73935542","-73.99931783","475","E 16 St & Irving Pl","40.73524276","-73.98758561","19662","Subscriber","1984","2"
"93","2013-12-01 13:19:54","2013-12-01 13:21:27","489","10 Ave & W 28 St","40.75066386","-74.00176802","489","10 Ave & W 28 St","40.75066386","-74.00176802","17128","Subscriber","1979","1"
"1234","2013-12-01 13:19:59","2013-12-01 13:40:33","445","E 10 St & Avenue A","40.72740794","-73.98142006","496","E 16 St & 5 Ave","40.73726186","-73.99238967","18263","Subscriber","1984","1"
"1127","2013-12-01 13:19:59","2013-12-01 13:38:46","412","Forsyth St & Canal St","40.7158155","-73.99422366","391","Clark St & Henry St","40.69760127","-73.99344559","18852","Subscriber","1991","2"
"383","2013-12-01 13:20:00","2013-12-01 13:26:23","335","Washington Pl & Broadway","40.72903917","-73.99404649","223","W 13 St & 7 Ave","40.73781509","-73.99994661","15068","Subscriber","1980","2"
"1114","2013-12-01 13:20:03","2013-12-01 13:38:37","489","10 Ave & W 28 St","40.75066386","-74.00176802","465","Broadway & W 41 St","40.75513557","-73.98658032","14991","Subscriber","1969","1"
"2189","2013-12-01 13:20:04","2013-12-01 13:56:33","489","10 Ave & W 28 St","40.75066386","-74.00176802","423","W 54 St & 9 Ave","40.76584941","-73.98690506","19415","Subscriber","1984","1"
"539","2013-12-01 13:20:05","2013-12-01 13:29:04","476","E 31 St & 3 Ave","40.74394314","-73.97966069","519","Pershing Square N","40.75188406","-73.97770164","16344","Subscriber","1964","1"
"205","2013-12-01 13:20:08","2013-12-01 13:23:33","345","W 13 St & 6 Ave","40.73649403","-73.99704374","482","W 15 St & 7 Ave","40.73935542","-73.99931783","19489","Subscriber","1980","1"
"806","2013-12-01 13:20:09","2013-12-01 13:33:35","147","Greenwich St & Warren St","40.71542197","-74.01121978","405","Washington St & Gansevoort St","40.739323","-74.008119","16960","Subscriber","1959","1"
"227","2013-12-01 13:20:10","2013-12-01 13:23:57","418","Front St & Gold St","40.70224","-73.982578","2000","Front St & Washington St","40.70255088","-73.98940236","19567","Subscriber","1951","1"
"500","2013-12-01 13:20:21","2013-12-01 13:28:41","405","Washington St & Gansevoort St","40.739323","-74.008119","345","W 13 St & 6 Ave","40.73649403","-73.99704374","16437","Subscriber","1989","1"
"1255","2013-12-01 13:20:24","2013-12-01 13:41:19","236","St Marks Pl & 2 Ave","40.7284186","-73.98713956","505","6 Ave & W 33 St","40.74901271","-73.98848395","19522","Subscriber","1954","2"
"405","2013-12-01 13:20:28","2013-12-01 13:27:13","168","W 18 St & 6 Ave","40.73971301","-73.99456405","458","11 Ave & W 27 St","40.751396","-74.005226","18007","Subscriber","1991","2"
"210","2013-12-01 13:20:32","2013-12-01 13:24:02","420","Clermont Ave & Lafayette Ave","40.68764484","-73.96968902","353","S Portland Ave & Hanson Pl","40.68539567","-73.97431458","14628","Subscriber","1983","1"
"2326","2013-12-01 13:20:35","2013-12-01 13:59:21","281","Grand Army Plaza & Central Park S","40.7643971","-73.97371465","281","Grand Army Plaza & Central Park S","40.7643971","-73.97371465","14927","Customer",\N,"0"
"3049","2013-12-01 13:20:35","2013-12-01 14:11:24","428","E 3 St & 1 Ave","40.72467721","-73.98783413","428","E 3 St & 1 Ave","40.72467721","-73.98783413","16478","Subscriber","1948","1"
"1800","2013-12-01 13:20:37","2013-12-01 13:50:37","2021","W 45 St & 8 Ave","40.75929124","-73.98859651","284","Greenwich Ave & 8 Ave","40.7390169121","-74.0026376103","16427","Customer",\N,"0"
"512","2013-12-01 13:20:38","2013-12-01 13:29:10","405","Washington St & Gansevoort St","40.739323","-74.008119","345","W 13 St & 6 Ave","40.73649403","-73.99704374","19039","Customer",\N,"0"
"883","2013-12-01 13:20:40","2013-12-01 13:35:23","160","E 37 St & Lexington Ave","40.748238","-73.978311","463","9 Ave & W 16 St","40.74206539","-74.00443172","16071","Subscriber","1988","1"
"323","2013-12-01 13:20:42","2013-12-01 13:26:05","407","Henry St & Poplar St","40.700469","-73.991454","233","Joralemon St & Adams St","40.69246277","-73.98963911","14537","Subscriber","1967","1"
"406","2013-12-01 13:20:44","2013-12-01 13:27:30","379","W 31 St & 7 Ave","40.749156","-73.9916","482","W 15 St & 7 Ave","40.73935542","-73.99931783","20907","Subscriber","1961","1"
"692","2013-12-01 13:20:46","2013-12-01 13:32:18","439","E 4 St & 2 Ave","40.7262807","-73.98978041","127","Barrow St & Hudson St","40.73172428","-74.00674436","19549","Subscriber","1993","1"
"2306","2013-12-01 13:20:49","2013-12-01 13:59:15","281","Grand Army Plaza & Central Park S","40.7643971","-73.97371465","281","Grand Army Plaza & Central Park S","40.7643971","-73.97371465","16192","Customer",\N,"0"
"604","2013-12-01 13:20:50","2013-12-01 13:30:54","355","Bayard St & Baxter St","40.71602118","-73.99974372","161","LaGuardia Pl & W 3 St","40.72917025","-73.99810231","14558","Subscriber","1990","1"
"498","2013-12-01 13:20:52","2013-12-01 13:29:10","531","Forsyth St & Broome St","40.71893904","-73.99266288","161","LaGuardia Pl & W 3 St","40.72917025","-73.99810231","19613","Subscriber","1986","1"
"1359","2013-12-01 13:20:53","2013-12-01 13:43:32","251","Mott St & Prince St","40.72317958","-73.99480012","426","West St & Chambers St","40.71754834","-74.01322069","18417","Subscriber","1982","1"
"312","2013-12-01 13:20:55","2013-12-01 13:26:07","447","8 Ave & W 52 St","40.76370739","-73.9851615","479","9 Ave & W 45 St","40.76019252","-73.9912551","20959","Subscriber","1967","1"
"294","2013-12-01 13:20:58","2013-12-01 13:25:52","382","University Pl & E 14 St","40.73492695","-73.99200509","284","Greenwich Ave & 8 Ave","40.7390169121","-74.0026376103","16393","Subscriber","1979","1"
"277","2013-12-01 13:21:04","2013-12-01 13:25:41","445","E 10 St & Avenue A","40.72740794","-73.98142006","504","1 Ave & E 15 St","40.73221853","-73.98165557","17362","Subscriber","1989","2"
"2693","2013-12-01 13:21:09","2013-12-01 14:06:02","539","Metropolitan Ave & Bedford Ave","40.71534825","-73.96024116","349","Rivington St & Ridge St","40.71850211","-73.98329859","17334","Customer",\N,"0"
"203","2013-12-01 13:21:21","2013-12-01 13:24:44","477","W 41 St & 8 Ave","40.75640548","-73.9900262","488","W 39 St & 9 Ave","40.75645824","-73.99372222","20108","Subscriber","1955","1"
"658","2013-12-01 13:21:22","2013-12-01 13:32:20","540","Lexington Ave & E 26 St","40.74147286","-73.98320928","482","W 15 St & 7 Ave","40.73935542","-73.99931783","20788","Subscriber","1954","2"
"1013","2013-12-01 13:21:27","2013-12-01 13:38:20","2001","7 Ave & Farragut St","40.69892054","-73.97332996","365","Fulton St & Grand Ave","40.68223166","-73.9614583","18901","Subscriber","1958","1"
"1338","2013-12-01 13:21:31","2013-12-01 13:43:49","399","Lafayette Ave & St James Pl","40.68851534","-73.9647628","412","Forsyth St & Canal St","40.7158155","-73.99422366","19944","Subscriber","1980","2"
"1012","2013-12-01 13:21:31","2013-12-01 13:38:23","250","Lafayette St & Jersey St","40.72456089","-73.99565293","362","Broadway & W 37 St","40.75172632","-73.98753523","20922","Subscriber","1983","1"
"166","2013-12-01 13:21:43","2013-12-01 13:24:29","2000","Front St & Washington St","40.70255088","-73.98940236","217","Old Fulton St","40.70277159","-73.99383605","15393","Subscriber","1970","1"
"799","2013-12-01 13:21:43","2013-12-01 13:35:02","326","E 11 St & 1 Ave","40.72953837","-73.98426726","379","W 31 St & 7 Ave","40.749156","-73.9916","18312","Subscriber","1959","1"
"483","2013-12-01 13:21:45","2013-12-01 13:29:48","430","York St & Jay St","40.7014851","-73.98656928","430","York St & Jay St","40.7014851","-73.98656928","20241","Subscriber","1984","1"
"1725","2013-12-01 13:21:47","2013-12-01 13:50:32","2021","W 45 St & 8 Ave","40.75929124","-73.98859651","284","Greenwich Ave & 8 Ave","40.7390169121","-74.0026376103","20664","Customer",\N,"0"
"869","2013-12-01 13:21:49","2013-12-01 13:36:18","388","W 26 St & 10 Ave","40.749717753","-74.002950346","128","MacDougal St & Prince St","40.72710258","-74.00297088","18383","Subscriber","1972","1"
"1137","2013-12-01 13:21:50","2013-12-01 13:40:47","2006","Central Park S & 6 Ave","40.76590936","-73.97634151","540","Lexington Ave & E 26 St","40.74147286","-73.98320928","18660","Subscriber","1977","1"
"1270","2013-12-01 13:21:50","2013-12-01 13:43:00","265","Stanton St & Chrystie St","40.72229346","-73.99147535","532","S 5 Pl & S 4 St","40.710451","-73.960876","17496","Customer",\N,"0"
"344","2013-12-01 13:21:56","2013-12-01 13:27:40","274","Lafayette Ave & Fort Greene Pl","40.68691865","-73.976682","270","Adelphi St & Myrtle Ave","40.69308257","-73.97178913","17722","Subscriber","1975","1"
"1664","2013-12-01 13:22:03","2013-12-01 13:49:47","395","Bond St & Schermerhorn St","40.68807003","-73.98410637","293","Lafayette St & E 8 St","40.73028666","-73.9907647","19116","Subscriber","1963","1"
"1722","2013-12-01 13:22:03","2013-12-01 13:50:45","536","1 Ave & E 30 St","40.74144387","-73.97536082","315","South St & Gouverneur Ln","40.70355377","-74.00670227","19825","Subscriber","1981","1"
"953","2013-12-01 13:22:05","2013-12-01 13:37:58","489","10 Ave & W 28 St","40.75066386","-74.00176802","465","Broadway & W 41 St","40.75513557","-73.98658032","18809","Subscriber","1979","1"
"431","2013-12-01 13:22:05","2013-12-01 13:29:16","435","W 21 St & 6 Ave","40.74173969","-73.99415556","505","6 Ave & W 33 St","40.74901271","-73.98848395","18430","Subscriber","1983","1"
"342","2013-12-01 13:22:17","2013-12-01 13:27:59","285","Broadway & E 14 St","40.73454567","-73.99074142","236","St Marks Pl & 2 Ave","40.7284186","-73.98713956","19018","Subscriber","1980","1"
"869","2013-12-01 13:22:17","2013-12-01 13:36:46","468","Broadway & W 55 St","40.7652654","-73.98192338","164","E 47 St & 2 Ave","40.75323098","-73.97032517","18043","Subscriber","1955","1"
"161","2013-12-01 13:22:23","2013-12-01 13:25:04","442","W 27 St & 7 Ave","40.746647","-73.993915","521","8 Ave & W 31 St","40.75044999","-73.99481051","20080","Subscriber","1968","1"
"505","2013-12-01 13:22:29","2013-12-01 13:30:54","434","9 Ave & W 18 St","40.74317449","-74.00366443","525","W 34 St & 11 Ave","40.75594159","-74.0021163","15626","Subscriber","1966","1"
"335","2013-12-01 13:22:31","2013-12-01 13:28:06","405","Washington St & Gansevoort St","40.739323","-74.008119","345","W 13 St & 6 Ave","40.73649403","-73.99704374","17321","Subscriber","1978","1"
"1339","2013-12-01 13:22:31","2013-12-01 13:44:50","116","W 17 St & 8 Ave","40.74177603","-74.00149746","376","John St & William St","40.70862144","-74.00722156","15541","Subscriber","1986","2"
"222","2013-12-01 13:22:31","2013-12-01 13:26:13","293","Lafayette St & E 8 St","40.73028666","-73.9907647","323","Lawrence St & Willoughby St","40.69236178","-73.98631746","15731","Subscriber","1988","1"
"209","2013-12-01 13:22:31","2013-12-01 13:26:00","546","E 30 St & Park Ave S","40.74444921","-73.98303529","536","1 Ave & E 30 St","40.74144387","-73.97536082","17739","Subscriber","1959","1"
"973","2013-12-01 13:22:33","2013-12-01 13:38:46","236","St Marks Pl & 2 Ave","40.7284186","-73.98713956","466","W 25 St & 6 Ave","40.74395411","-73.99144871","15887","Subscriber","1958","1"
"506","2013-12-01 13:22:35","2013-12-01 13:31:01","470","W 20 St & 8 Ave","40.74345335","-74.00004031","127","Barrow St & Hudson St","40.73172428","-74.00674436","19174","Subscriber","1987","1"
"273","2013-12-01 13:22:37","2013-12-01 13:27:10","386","Centre St & Worth St","40.71494807","-74.00234482","276","Duane St & Greenwich St","40.71748752","-74.0104554","15885","Subscriber","1982","1"
"936","2013-12-01 13:22:39","2013-12-01 13:38:15","326","E 11 St & 1 Ave","40.72953837","-73.98426726","461","E 20 St & 2 Ave","40.73587678","-73.98205027","19099","Subscriber","1976","1"
"652","2013-12-01 13:22:44","2013-12-01 13:33:36","433","E 13 St & Avenue A","40.72955361","-73.98057249","151","Cleveland Pl & Spring St","40.7218158","-73.99720307","16374","Subscriber","1987","2"
"1100","2013-12-01 13:22:45","2013-12-01 13:41:05","363","West Thames St","40.70834698","-74.01713445","151","Cleveland Pl & Spring St","40.7218158","-73.99720307","20758","Customer",\N,"0"
"389","2013-12-01 13:22:50","2013-12-01 13:29:19","502","Henry St & Grand St","40.714215","-73.981346","394","E 9 St & Avenue C","40.72521311","-73.97768752","16124","Subscriber","1975","1"
"651","2013-12-01 13:22:50","2013-12-01 13:33:41","430","York St & Jay St","40.7014851","-73.98656928","406","Hicks St & Montague St","40.69512845","-73.99595065","16986","Subscriber","1973","1"
"309","2013-12-01 13:22:50","2013-12-01 13:27:59","308","St James Pl & Oliver St","40.71307916","-73.99851193","307","Canal St & Rutgers St","40.71427487","-73.98990025","20595","Subscriber","1983","1"
"354","2013-12-01 13:22:53","2013-12-01 13:28:47","521","8 Ave & W 31 St","40.75044999","-73.99481051","509","9 Ave & W 22 St","40.7454973","-74.00197139","15272","Subscriber","1943","1"
"1231","2013-12-01 13:22:54","2013-12-01 13:43:25","265","Stanton St & Chrystie St","40.72229346","-73.99147535","532","S 5 Pl & S 4 St","40.710451","-73.960876","20270","Subscriber","1953","1"
"1317","2013-12-01 13:22:55","2013-12-01 13:44:52","2000","Front St & Washington St","40.70255088","-73.98940236","79","Franklin St & W Broadway","40.71911552","-74.00666661","14761","Subscriber","1979","1"
"318","2013-12-01 13:22:56","2013-12-01 13:28:14","403","E 2 St & 2 Ave","40.72502876","-73.99069656","151","Cleveland Pl & Spring St","40.7218158","-73.99720307","16582","Subscriber","1971","1"
"628","2013-12-01 13:22:56","2013-12-01 13:33:24","486","Broadway & W 29 St","40.7462009","-73.98855723","509","9 Ave & W 22 St","40.7454973","-74.00197139","17844","Subscriber","1981","1"
"309","2013-12-01 13:22:57","2013-12-01 13:28:06","308","St James Pl & Oliver St","40.71307916","-73.99851193","307","Canal St & Rutgers St","40.71427487","-73.98990025","20264","Subscriber","1982","2"
"1215","2013-12-01 13:22:59","2013-12-01 13:43:14","434","9 Ave & W 18 St","40.74317449","-74.00366443","137","E 56 St & Madison Ave","40.761628","-73.972924","16114","Subscriber","1984","2"
"350","2013-12-01 13:23:05","2013-12-01 13:28:55","223","W 13 St & 7 Ave","40.73781509","-73.99994661","238","Bank St & Washington St","40.7361967","-74.00859207","18302","Subscriber","1983","1"
"295","2013-12-01 13:23:07","2013-12-01 13:28:02","285","Broadway & E 14 St","40.73454567","-73.99074142","250","Lafayette St & Jersey St","40.72456089","-73.99565293","18127","Subscriber","1983","1"
"638","2013-12-01 13:23:08","2013-12-01 13:33:46","430","York St & Jay St","40.7014851","-73.98656928","406","Hicks St & Montague St","40.69512845","-73.99595065","19330","Subscriber","1973","2"
"697","2013-12-01 13:23:09","2013-12-01 13:34:46","303","Mercer St & Spring St","40.72362738","-73.99949601","284","Greenwich Ave & 8 Ave","40.7390169121","-74.0026376103","20137","Subscriber","1968","1"
"624","2013-12-01 13:23:10","2013-12-01 13:33:34","317","E 6 St & Avenue B","40.72453734","-73.98185424","403","E 2 St & 2 Ave","40.72502876","-73.99069656","17278","Subscriber","1982","1"
"359","2013-12-01 13:23:11","2013-12-01 13:29:10","325","E 19 St & 3 Ave","40.73624527","-73.98473765","450","W 49 St & 8 Ave","40.76227205","-73.98788205","15344","Subscriber","1982","1"
"450","2013-12-01 13:23:12","2013-12-01 13:30:42","167","E 39 St & 3 Ave","40.7489006","-73.97604882","507","E 25 St & 2 Ave","40.73912601","-73.97973776","18774","Subscriber","1982","1"
"403","2013-12-01 13:23:13","2013-12-01 13:29:56","402","Broadway & E 22 St","40.7403432","-73.98955109","358","Christopher St & Greenwich St","40.73291553","-74.00711384","18103","Subscriber","1979","1"
"251","2013-12-01 13:23:14","2013-12-01 13:27:25","335","Washington Pl & Broadway","40.72903917","-73.99404649","348","W Broadway & Spring St","40.72490985","-74.00154702","20699","Subscriber","1991","1"
"447","2013-12-01 13:23:14","2013-12-01 13:30:41","546","E 30 St & Park Ave S","40.74444921","-73.98303529","521","8 Ave & W 31 St","40.75044999","-73.99481051","20150","Subscriber","1958","2"
"1365","2013-12-01 13:23:15","2013-12-01 13:46:00","457","Broadway & W 58 St","40.76695317","-73.98169333","507","E 25 St & 2 Ave","40.73912601","-73.97973776","15506","Subscriber","1978","1"
"1236","2013-12-01 13:23:26","2013-12-01 13:44:02","481","S 3 St & Bedford Ave","40.71260486","-73.96264403","343","Clinton Ave & Flushing Ave","40.69794","-73.96986848","16133","Customer",\N,"0"
"325","2013-12-01 13:23:29","2013-12-01 13:28:54","280","E 10 St & 5 Ave","40.73331967","-73.99510132","237","E 11 St & 2 Ave","40.73047309","-73.98672378","17016","Subscriber","1968","2"
"283","2013-12-01 13:23:29","2013-12-01 13:28:12","404","9 Ave & W 14 St","40.7405826","-74.00550867","383","Greenwich Ave & Charles St","40.735238","-74.000271","15363","Subscriber","1977","1"
"514","2013-12-01 13:23:30","2013-12-01 13:32:04","504","1 Ave & E 15 St","40.73221853","-73.98165557","253","W 13 St & 5 Ave","40.73543934","-73.99453948","19016","Subscriber","1980","2"
"636","2013-12-01 13:23:33","2013-12-01 13:34:09","457","Broadway & W 58 St","40.76695317","-73.98169333","486","Broadway & W 29 St","40.7462009","-73.98855723","16793","Subscriber","1955","1"
"1216","2013-12-01 13:23:41","2013-12-01 13:43:57","481","S 3 St & Bedford Ave","40.71260486","-73.96264403","343","Clinton Ave & Flushing Ave","40.69794","-73.96986848","16936","Customer",\N,"0"
"719","2013-12-01 13:23:48","2013-12-01 13:35:47","352","W 56 St & 6 Ave","40.76340613","-73.97722479","476","E 31 St & 3 Ave","40.74394314","-73.97966069","18701","Subscriber","1990","1"
"253","2013-12-01 13:23:50","2013-12-01 13:28:03","326","E 11 St & 1 Ave","40.72953837","-73.98426726","293","Lafayette St & E 8 St","40.73028666","-73.9907647","18054","Subscriber","1975","1"
"472","2013-12-01 13:23:56","2013-12-01 13:31:48","303","Mercer St & Spring St","40.72362738","-73.99949601","285","Broadway & E 14 St","40.73454567","-73.99074142","15847","Subscriber","1991","1"
"1002","2013-12-01 13:24:01","2013-12-01 13:40:43","316","Fulton St & William St","40.70955958","-74.00653609","212","W 16 St & The High Line","40.74334935","-74.00681753","18140","Subscriber","1942","1"
"685","2013-12-01 13:24:04","2013-12-01 13:35:29","346","Bank St & Hudson St","40.73652889","-74.00618026","426","West St & Chambers St","40.71754834","-74.01322069","20104","Subscriber","1970","2"
"696","2013-12-01 13:24:11","2013-12-01 13:35:47","346","Bank St & Hudson St","40.73652889","-74.00618026","2004","6 Ave & Broome St","40.724399","-74.004704","19861","Subscriber","1960","2"
"540","2013-12-01 13:24:18","2013-12-01 13:33:18","448","W 37 St & 10 Ave","40.75660359","-73.9979009","484","W 44 St & 5 Ave","40.75500254","-73.98014437","20736","Subscriber","1986","1"
"1189","2013-12-01 13:24:18","2013-12-01 13:44:07","481","S 3 St & Bedford Ave","40.71260486","-73.96264403","343","Clinton Ave & Flushing Ave","40.69794","-73.96986848","16811","Subscriber","1985","1"
"731","2013-12-01 13:24:19","2013-12-01 13:36:30","396","Lefferts Pl & Franklin Ave","40.680342423","-73.9557689392","274","Lafayette Ave & Fort Greene Pl","40.68691865","-73.976682","16824","Customer",\N,"0"
"374","2013-12-01 13:24:26","2013-12-01 13:30:40","495","W 47 St & 10 Ave","40.76269882","-73.99301222","173","Broadway & W 49 St","40.76064679","-73.98442659","17143","Subscriber","1967","1"
"691","2013-12-01 13:24:26","2013-12-01 13:35:57","505","6 Ave & W 33 St","40.74901271","-73.98848395","450","W 49 St & 8 Ave","40.76227205","-73.98788205","16994","Subscriber","1968","1"
"598","2013-12-01 13:24:27","2013-12-01 13:34:25","447","8 Ave & W 52 St","40.76370739","-73.9851615","305","E 58 St & 3 Ave","40.76095756","-73.96724467","18726","Subscriber","1978","2"
"1523","2013-12-01 13:24:31","2013-12-01 13:49:54","504","1 Ave & E 15 St","40.73221853","-73.98165557","465","Broadway & W 41 St","40.75513557","-73.98658032","18780","Subscriber","1991","2"
"743","2013-12-01 13:24:35","2013-12-01 13:36:58","432","E 7 St & Avenue A","40.72621788","-73.98379855","362","Broadway & W 37 St","40.75172632","-73.98753523","15651","Subscriber","1986","2"
"498","2013-12-01 13:24:38","2013-12-01 13:32:56","251","Mott St & Prince St","40.72317958","-73.99480012","497","E 17 St & Broadway","40.73704984","-73.99009296","20928","Subscriber","1988","1"
"485","2013-12-01 13:24:46","2013-12-01 13:32:51","290","2 Ave & E 58 St","40.76020258","-73.96478473","228","E 48 St & 3 Ave","40.7546011026","-73.971878855","16866","Subscriber","1984","2"
"138","2013-12-01 13:24:49","2013-12-01 13:27:07","462","W 22 St & 10 Ave","40.74691959","-74.00451887","453","W 22 St & 8 Ave","40.74475148","-73.99915362","15796","Subscriber","1964","1"
"667","2013-12-01 13:24:53","2013-12-01 13:36:00","435","W 21 St & 6 Ave","40.74173969","-73.99415556","358","Christopher St & Greenwich St","40.73291553","-74.00711384","18177","Subscriber","1987","2"
"188","2013-12-01 13:24:53","2013-12-01 13:28:01","307","Canal St & Rutgers St","40.71427487","-73.98990025","296","Division St & Bowery","40.71413089","-73.9970468","18247","Subscriber","1968","1"
"352","2013-12-01 13:24:54","2013-12-01 13:30:46","468","Broadway & W 55 St","40.7652654","-73.98192338","480","W 53 St & 10 Ave","40.76669671","-73.99061728","17796","Subscriber","1971","2"
"684","2013-12-01 13:24:56","2013-12-01 13:36:20","450","W 49 St & 8 Ave","40.76227205","-73.98788205","465","Broadway & W 41 St","40.75513557","-73.98658032","17977","Subscriber","1967","1"
"244","2013-12-01 13:25:01","2013-12-01 13:29:05","486","Broadway & W 29 St","40.7462009","-73.98855723","402","Broadway & E 22 St","40.7403432","-73.98955109","20685","Subscriber","1940","1"
"1025","2013-12-01 13:25:04","2013-12-01 13:42:09","498","Broadway & W 32 St","40.74854862","-73.98808416","236","St Marks Pl & 2 Ave","40.7284186","-73.98713956","17293","Subscriber","1982","1"
"552","2013-12-01 13:25:08","2013-12-01 13:34:20","294","Washington Square E","40.73049393","-73.9957214","435","W 21 St & 6 Ave","40.74173969","-73.99415556","18722","Subscriber","1962","1"
"1162","2013-12-01 13:25:14","2013-12-01 13:44:36","455","1 Ave & E 44 St","40.75001986","-73.96905301","2017","E 43 St & 2 Ave","40.75022392","-73.97121414","15358","Subscriber","1956","1"
"1160","2013-12-01 13:25:14","2013-12-01 13:44:34","339","Avenue D & E 12 St","40.72580614","-73.97422494","312","Allen St & E Houston St","40.722055","-73.989111","20691","Subscriber","1981","1"
"590","2013-12-01 13:25:20","2013-12-01 13:35:10","326","E 11 St & 1 Ave","40.72953837","-73.98426726","435","W 21 St & 6 Ave","40.74173969","-73.99415556","16632","Subscriber","1972","1"
"761","2013-12-01 13:25:23","2013-12-01 13:38:04","482","W 15 St & 7 Ave","40.73935542","-73.99931783","536","1 Ave & E 30 St","40.74144387","-73.97536082","18227","Subscriber","1988","1"
"767","2013-12-01 13:25:28","2013-12-01 13:38:15","350","Clinton St & Grand St","40.71559509","-73.9870295","336","Sullivan St & Washington Sq","40.73047747","-73.99906065","15444","Subscriber","1971","1"
"1024","2013-12-01 13:25:41","2013-12-01 13:42:45","525","W 34 St & 11 Ave","40.75594159","-74.0021163","168","W 18 St & 6 Ave","40.73971301","-73.99456405","16646","Subscriber","1978","2"
"394","2013-12-01 13:25:43","2013-12-01 13:32:17","147","Greenwich St & Warren St","40.71542197","-74.01121978","328","Watts St & Greenwich St","40.72405549","-74.00965965","16723","Subscriber","1989","1"
"389","2013-12-01 13:25:46","2013-12-01 13:32:15","348","W Broadway & Spring St","40.72490985","-74.00154702","380","W 4 St & 7 Ave S","40.73401143","-74.00293877","15756","Subscriber","1965","1"
"414","2013-12-01 13:25:48","2013-12-01 13:32:42","250","Lafayette St & Jersey St","40.72456089","-73.99565293","150","E 2 St & Avenue C","40.7208736","-73.98085795","17616","Subscriber","1979","1"
"799","2013-12-01 13:25:48","2013-12-01 13:39:07","116","W 17 St & 8 Ave","40.74177603","-74.00149746","486","Broadway & W 29 St","40.7462009","-73.98855723","16283","Subscriber","1988","1"
"184","2013-12-01 13:25:49","2013-12-01 13:28:53","3002","South End Ave & Liberty St","40.711512","-74.015756","426","West St & Chambers St","40.71754834","-74.01322069","16024","Subscriber","1962","2"
"137","2013-12-01 13:26:01","2013-12-01 13:28:18","329","Greenwich St & N Moore St","40.72043411","-74.01020609","249","Harrison St & Hudson St","40.71870987","-74.0090009","16605","Subscriber","1966","1"
"936","2013-12-01 13:26:04","2013-12-01 13:41:40","494","W 26 St & 8 Ave","40.74734825","-73.99723551","478","11 Ave & W 41 St","40.76030096","-73.99884222","17243","Subscriber","1933","1"
"440","2013-12-01 13:26:04","2013-12-01 13:33:24","410","Suffolk St & Stanton St","40.72066442","-73.98517977","251","Mott St & Prince St","40.72317958","-73.99480012","17415","Subscriber","1986","1"
"738","2013-12-01 13:26:08","2013-12-01 13:38:26","450","W 49 St & 8 Ave","40.76227205","-73.98788205","448","W 37 St & 10 Ave","40.75660359","-73.9979009","19202","Subscriber","1990","2"
"574","2013-12-01 13:26:10","2013-12-01 13:35:44","488","W 39 St & 9 Ave","40.75645824","-73.99372222","449","W 52 St & 9 Ave","40.76461837","-73.98789473","20108","Subscriber","1979","1"
"833","2013-12-01 13:26:15","2013-12-01 13:40:08","241","DeKalb Ave & S Portland Ave","40.68981035","-73.97493121","2000","Front St & Washington St","40.70255088","-73.98940236","17027","Subscriber","1962","2"
"934","2013-12-01 13:26:17","2013-12-01 13:41:51","494","W 26 St & 8 Ave","40.74734825","-73.99723551","478","11 Ave & W 41 St","40.76030096","-73.99884222","18151","Subscriber","1947","2"
"318","2013-12-01 13:26:17","2013-12-01 13:31:35","394","E 9 St & Avenue C","40.72521311","-73.97768752","236","St Marks Pl & 2 Ave","40.7284186","-73.98713956","15497","Subscriber","1992","1"
"776","2013-12-01 13:26:19","2013-12-01 13:39:15","454","E 51 St & 1 Ave","40.75455731","-73.96592976","500","Broadway & W 51 St","40.76228826","-73.98336183","14930","Subscriber","1974","1"
"383","2013-12-01 13:26:24","2013-12-01 13:32:47","217","Old Fulton St","40.70277159","-73.99383605","314","Montague St & Clinton St","40.69424674","-73.99215922","15393","Subscriber","1970","1"
"1106","2013-12-01 13:26:28","2013-12-01 13:44:54","514","12 Ave & W 40 St","40.76087502","-74.00277668","434","9 Ave & W 18 St","40.74317449","-74.00366443","20377","Subscriber","1953","1"
"748","2013-12-01 13:26:30","2013-12-01 13:38:58","300","Shevchenko Pl & E 6 St","40.728145","-73.990214","435","W 21 St & 6 Ave","40.74173969","-73.99415556","17919","Subscriber","1971","1"
"392","2013-12-01 13:26:30","2013-12-01 13:33:02","509","9 Ave & W 22 St","40.7454973","-74.00197139","383","Greenwich Ave & Charles St","40.735238","-74.000271","18648","Subscriber","1959","1"
"516","2013-12-01 13:26:32","2013-12-01 13:35:08","216","Columbia Heights & Cranberry St","40.70037867","-73.99548059","314","Montague St & Clinton St","40.69424674","-73.99215922","19620","Subscriber","1990","1"
"848","2013-12-01 13:26:32","2013-12-01 13:40:40","290","2 Ave & E 58 St","40.76020258","-73.96478473","475","E 16 St & Irving Pl","40.73524276","-73.98758561","15450","Subscriber","1971","2"
"832","2013-12-01 13:26:33","2013-12-01 13:40:25","161","LaGuardia Pl & W 3 St","40.72917025","-73.99810231","307","Canal St & Rutgers St","40.71427487","-73.98990025","17622","Subscriber","1981","1"
"1091","2013-12-01 13:26:36","2013-12-01 13:44:47","514","12 Ave & W 40 St","40.76087502","-74.00277668","434","9 Ave & W 18 St","40.74317449","-74.00366443","15728","Subscriber","1957","2"
"304","2013-12-01 13:26:39","2013-12-01 13:31:43","341","Stanton St & Mangin St","40.71782143","-73.97628939","301","E 2 St & Avenue B","40.72217444","-73.98368779","17047","Subscriber","1976","2"
"826","2013-12-01 13:26:39","2013-12-01 13:40:25","497","E 17 St & Broadway","40.73704984","-73.99009296","236","St Marks Pl & 2 Ave","40.7284186","-73.98713956","17756","Subscriber","1960","1"
"553","2013-12-01 13:26:39","2013-12-01 13:35:52","462","W 22 St & 10 Ave","40.74691959","-74.00451887","357","E 11 St & Broadway","40.73261787","-73.99158043","15036","Subscriber","1972","1"
"359","2013-12-01 13:26:40","2013-12-01 13:32:39","545","E 23 St & 1 Ave","40.736502","-73.97809472","461","E 20 St & 2 Ave","40.73587678","-73.98205027","20861","Subscriber","1973","1"
"446","2013-12-01 13:26:40","2013-12-01 13:34:06","482","W 15 St & 7 Ave","40.73935542","-73.99931783","466","W 25 St & 6 Ave","40.74395411","-73.99144871","19489","Subscriber","1985","2"
"429","2013-12-01 13:26:41","2013-12-01 13:33:50","350","Clinton St & Grand St","40.71559509","-73.9870295","502","Henry St & Grand St","40.714215","-73.981346","20126","Subscriber","1979","1"
"277","2013-12-01 13:26:47","2013-12-01 13:31:24","151","Cleveland Pl & Spring St","40.7218158","-73.99720307","161","LaGuardia Pl & W 3 St","40.72917025","-73.99810231","18994","Subscriber","1983","1"
"517","2013-12-01 13:26:48","2013-12-01 13:35:25","268","Howard St & Centre St","40.71910537","-73.99973337","376","John St & William St","40.70862144","-74.00722156","18529","Subscriber","1975","1"
"282","2013-12-01 13:26:52","2013-12-01 13:31:34","341","Stanton St & Mangin St","40.71782143","-73.97628939","301","E 2 St & Avenue B","40.72217444","-73.98368779","18930","Subscriber","1970","1"
"1378","2013-12-01 13:26:53","2013-12-01 13:49:51","225","W 14 St & The High Line","40.74195138","-74.00803013","514","12 Ave & W 40 St","40.76087502","-74.00277668","16567","Customer",\N,"0"
"1624","2013-12-01 13:26:54","2013-12-01 13:53:58","249","Harrison St & Hudson St","40.71870987","-74.0090009","426","West St & Chambers St","40.71754834","-74.01322069","20980","Subscriber","1962","2"
"601","2013-12-01 13:26:59","2013-12-01 13:37:00","247","Perry St & Bleecker St","40.73535398","-74.00483091","466","W 25 St & 6 Ave","40.74395411","-73.99144871","14883","Subscriber","1987","1"
"236","2013-12-01 13:27:11","2013-12-01 13:31:07","276","Duane St & Greenwich St","40.71748752","-74.0104554","377","6 Ave & Canal St","40.72243797","-74.00566443","17612","Subscriber","1978","1"
"974","2013-12-01 13:27:16","2013-12-01 13:43:30","250","Lafayette St & Jersey St","40.72456089","-73.99565293","2000","Front St & Washington St","40.70255088","-73.98940236","19737","Subscriber","1976","2"
"481","2013-12-01 13:27:16","2013-12-01 13:35:17","475","E 16 St & Irving Pl","40.73524276","-73.98758561","472","E 32 St & Park Ave","40.7457121","-73.98194829","20773","Subscriber","1972","1"
"262","2013-12-01 13:27:17","2013-12-01 13:31:39","454","E 51 St & 1 Ave","40.75455731","-73.96592976","454","E 51 St & 1 Ave","40.75455731","-73.96592976","15249","Subscriber","1984","1"
"443","2013-12-01 13:27:22","2013-12-01 13:34:45","173","Broadway & W 49 St","40.76064679","-73.98442659","2006","Central Park S & 6 Ave","40.76590936","-73.97634151","18258","Subscriber","1963","1"
"514","2013-12-01 13:27:24","2013-12-01 13:35:58","475","E 16 St & Irving Pl","40.73524276","-73.98758561","336","Sullivan St & Washington Sq","40.73047747","-73.99906065","15985","Customer",\N,"0"
"1874","2013-12-01 13:27:29","2013-12-01 13:58:43","388","W 26 St & 10 Ave","40.749717753","-74.002950346","303","Mercer St & Spring St","40.72362738","-73.99949601","19153","Customer",\N,"0"
"673","2013-12-01 13:27:31","2013-12-01 13:38:44","342","Columbia St & Rivington St","40.71739973","-73.98016555","161","LaGuardia Pl & W 3 St","40.72917025","-73.99810231","17606","Subscriber","1990","1"
"309","2013-12-01 13:27:35","2013-12-01 13:32:44","326","E 11 St & 1 Ave","40.72953837","-73.98426726","236","St Marks Pl & 2 Ave","40.7284186","-73.98713956","19958","Subscriber","1973","1"
"598","2013-12-01 13:27:37","2013-12-01 13:37:35","382","University Pl & E 14 St","40.73492695","-73.99200509","444","Broadway & W 24 St","40.7423543","-73.98915076","14947","Subscriber","1966","1"
"410","2013-12-01 13:27:38","2013-12-01 13:34:28","444","Broadway & W 24 St","40.7423543","-73.98915076","280","E 10 St & 5 Ave","40.73331967","-73.99510132","16422","Subscriber","1983","1"
"448","2013-12-01 13:27:39","2013-12-01 13:35:07","212","W 16 St & The High Line","40.74334935","-74.00681753","346","Bank St & Hudson St","40.73652889","-74.00618026","15208","Subscriber","1964","1"
"449","2013-12-01 13:27:43","2013-12-01 13:35:12","330","Reade St & Broadway","40.71450451","-74.00562789","3002","South End Ave & Liberty St","40.711512","-74.015756","19578","Subscriber","1969","1"
"1010","2013-12-01 13:27:46","2013-12-01 13:44:36","358","Christopher St & Greenwich St","40.73291553","-74.00711384","2021","W 45 St & 8 Ave","40.75929124","-73.98859651","14762","Subscriber","1978","1"
"620","2013-12-01 13:27:49","2013-12-01 13:38:09","396","Lefferts Pl & Franklin Ave","40.680342423","-73.9557689392","353","S Portland Ave & Hanson Pl","40.68539567","-73.97431458","20953","Subscriber","1989","1"
"1175","2013-12-01 13:27:52","2013-12-01 13:47:27","518","E 39 St & 2 Ave","40.74780373","-73.9734419","173","Broadway & W 49 St","40.76064679","-73.98442659","20078","Subscriber","1982","2"
"1167","2013-12-01 13:27:53","2013-12-01 13:47:20","518","E 39 St & 2 Ave","40.74780373","-73.9734419","173","Broadway & W 49 St","40.76064679","-73.98442659","15129","Subscriber","1980","1"
"755","2013-12-01 13:27:59","2013-12-01 13:40:34","127","Barrow St & Hudson St","40.73172428","-74.00674436","428","E 3 St & 1 Ave","40.72467721","-73.98783413","20311","Subscriber","1981","1"
"375","2013-12-01 13:28:07","2013-12-01 13:34:22","310","State St & Smith St","40.68926942","-73.98912867","314","Montague St & Clinton St","40.69424674","-73.99215922","18704","Subscriber","1968","2"
"1833","2013-12-01 13:28:09","2013-12-01 13:58:42","327","Vesey Pl & River Terrace","40.7153379","-74.01658354","225","W 14 St & The High Line","40.74195138","-74.00803013","17378","Customer",\N,"0"
"932","2013-12-01 13:28:14","2013-12-01 13:43:46","493","W 45 St & 6 Ave","40.7568001","-73.98291153","528","2 Ave & E 31 St","40.74290902","-73.97706058","18835","Subscriber","1953","1"
"547","2013-12-01 13:28:18","2013-12-01 13:37:25","289","Monroe St & Classon Ave","40.6845683","-73.95881081","313","Washington Ave & Park Ave","40.69610226","-73.96751037","17672","Subscriber","1950","1"
"201","2013-12-01 13:28:21","2013-12-01 13:31:42","294","Washington Square E","40.73049393","-73.9957214","357","E 11 St & Broadway","40.73261787","-73.99158043","17498","Subscriber","1974","2"
"764","2013-12-01 13:28:24","2013-12-01 13:41:08","410","Suffolk St & Stanton St","40.72066442","-73.98517977","357","E 11 St & Broadway","40.73261787","-73.99158043","20542","Subscriber","1971","1"
"1031","2013-12-01 13:28:32","2013-12-01 13:45:43","324","DeKalb Ave & Hudson Ave","40.689888","-73.981013","258","DeKalb Ave & Vanderbilt Ave","40.68940747","-73.96885458","16321","Subscriber","1968","1"
"536","2013-12-01 13:28:41","2013-12-01 13:37:37","355","Bayard St & Baxter St","40.71602118","-73.99974372","229","Great Jones St","40.72743423","-73.99379025","15820","Subscriber","1988","1"
"398","2013-12-01 13:28:42","2013-12-01 13:35:20","157","Henry St & Atlantic Ave","40.69089272","-73.99612349","391","Clark St & Henry St","40.69760127","-73.99344559","16899","Subscriber","1972","2"
"161","2013-12-01 13:28:44","2013-12-01 13:31:25","518","E 39 St & 2 Ave","40.74780373","-73.9734419","528","2 Ave & E 31 St","40.74290902","-73.97706058","19125","Subscriber","1987","2"
"912","2013-12-01 13:28:44","2013-12-01 13:43:56","488","W 39 St & 9 Ave","40.75645824","-73.99372222","435","W 21 St & 6 Ave","40.74173969","-73.99415556","20268","Subscriber","1980","1"
"416","2013-12-01 13:28:45","2013-12-01 13:35:41","161","LaGuardia Pl & W 3 St","40.72917025","-73.99810231","438","St Marks Pl & 1 Ave","40.72779126","-73.98564945","18220","Subscriber","1987","1"
"479","2013-12-01 13:28:46","2013-12-01 13:36:45","489","10 Ave & W 28 St","40.75066386","-74.00176802","334","W 20 St & 7 Ave","40.74238787","-73.99726235","19781","Subscriber","1983","2"
"1273","2013-12-01 13:28:48","2013-12-01 13:50:01","225","W 14 St & The High Line","40.74195138","-74.00803013","514","12 Ave & W 40 St","40.76087502","-74.00277668","19769","Customer",\N,"0"
"197","2013-12-01 13:28:50","2013-12-01 13:32:07","518","E 39 St & 2 Ave","40.74780373","-73.9734419","2003","1 Ave & E 18 St","40.73416059","-73.98024289","16950","Subscriber","1984","2"
"447","2013-12-01 13:28:52","2013-12-01 13:36:19","408","Market St & Cherry St","40.71076228","-73.99400398","330","Reade St & Broadway","40.71450451","-74.00562789","17811","Subscriber","1976","1"
"383","2013-12-01 13:28:55","2013-12-01 13:35:18","456","E 53 St & Madison Ave","40.7597108","-73.97402311","449","W 52 St & 9 Ave","40.76461837","-73.98789473","14899","Subscriber","1964","1"
"152","2013-12-01 13:28:58","2013-12-01 13:31:30","536","1 Ave & E 30 St","40.74144387","-73.97536082","507","E 25 St & 2 Ave","40.73912601","-73.97973776","18133","Subscriber","1967","1"
"507","2013-12-01 13:28:58","2013-12-01 13:37:25","309","Murray St & West St","40.7149787","-74.013012","2008","Little West St & 1 Pl","40.70569254","-74.01677685","16138","Subscriber","1979","1"
"547","2013-12-01 13:28:59","2013-12-01 13:38:06","405","Washington St & Gansevoort St","40.739323","-74.008119","2004","6 Ave & Broome St","40.724399","-74.004704","14563","Subscriber","1980","1"
"619","2013-12-01 13:29:00","2013-12-01 13:39:19","368","Carmine St & 6 Ave","40.73038599","-74.00214988","328","Watts St & Greenwich St","40.72405549","-74.00965965","17995","Subscriber","1982","2"
"1825","2013-12-01 13:29:01","2013-12-01 13:59:26","2021","W 45 St & 8 Ave","40.75929124","-73.98859651","225","W 14 St & The High Line","40.74195138","-74.00803013","19418","Customer",\N,"0"
"236","2013-12-01 13:29:02","2013-12-01 13:32:58","284","Greenwich Ave & 8 Ave","40.7390169121","-74.0026376103","509","9 Ave & W 22 St","40.7454973","-74.00197139","19780","Subscriber","1979","1"
"349","2013-12-01 13:29:05","2013-12-01 13:34:54","472","E 32 St & Park Ave","40.7457121","-73.98194829","475","E 16 St & Irving Pl","40.73524276","-73.98758561","18314","Subscriber","1981","1"
"1230","2013-12-01 13:29:05","2013-12-01 13:49:35","420","Clermont Ave & Lafayette Ave","40.68764484","-73.96968902","310","State St & Smith St","40.68926942","-73.98912867","16155","Subscriber","1972","1"
"149","2013-12-01 13:29:16","2013-12-01 13:31:45","319","Park Pl & Church St","40.71336124","-74.00937622","320","Church St & Leonard St","40.71743998","-74.00583475","15537","Subscriber","1973","1"
"623","2013-12-01 13:29:17","2013-12-01 13:39:40","521","8 Ave & W 31 St","40.75044999","-73.99481051","520","W 52 St & 5 Ave","40.75992262","-73.97648516","19981","Subscriber","1958","1"
"1433","2013-12-01 13:29:23","2013-12-01 13:53:16","285","Broadway & E 14 St","40.73454567","-73.99074142","447","8 Ave & W 52 St","40.76370739","-73.9851615","18857","Subscriber","1979","1"
"709","2013-12-01 13:29:24","2013-12-01 13:41:13","450","W 49 St & 8 Ave","40.76227205","-73.98788205","318","E 43 St & Vanderbilt Ave","40.75320159","-73.9779874","18363","Subscriber","1987","2"
"410","2013-12-01 13:29:29","2013-12-01 13:36:19","478","11 Ave & W 41 St","40.76030096","-73.99884222","529","W 42 St & 8 Ave","40.7575699","-73.99098507","20255","Subscriber","1974","1"
"355","2013-12-01 13:29:31","2013-12-01 13:35:26","161","LaGuardia Pl & W 3 St","40.72917025","-73.99810231","127","Barrow St & Hudson St","40.73172428","-74.00674436","18046","Subscriber","1993","1"
"1175","2013-12-01 13:29:34","2013-12-01 13:49:09","457","Broadway & W 58 St","40.76695317","-73.98169333","444","Broadway & W 24 St","40.7423543","-73.98915076","20342","Subscriber","1994","1"
"350","2013-12-01 13:29:35","2013-12-01 13:35:25","529","W 42 St & 8 Ave","40.7575699","-73.99098507","485","W 37 St & 5 Ave","40.75038009","-73.98338988","18944","Subscriber","1987","1"
"396","2013-12-01 13:29:44","2013-12-01 13:36:20","545","E 23 St & 1 Ave","40.736502","-73.97809472","459","W 20 St & 11 Ave","40.746745","-74.007756","16433","Subscriber","1980","1"
"443","2013-12-01 13:29:45","2013-12-01 13:37:08","167","E 39 St & 3 Ave","40.7489006","-73.97604882","137","E 56 St & Madison Ave","40.761628","-73.972924","15199","Customer",\N,"0"
"151","2013-12-01 13:29:48","2013-12-01 13:32:19","511","E 14 St & Avenue B","40.72938685","-73.97772429","445","E 10 St & Avenue A","40.72740794","-73.98142006","20018","Subscriber","1984","2"
"1100","2013-12-01 13:29:53","2013-12-01 13:48:13","434","9 Ave & W 18 St","40.74317449","-74.00366443","422","W 59 St & 10 Ave","40.770513","-73.988038","14725","Subscriber","1954","1"
"370","2013-12-01 13:29:59","2013-12-01 13:36:09","323","Lawrence St & Willoughby St","40.69236178","-73.98631746","280","E 10 St & 5 Ave","40.73331967","-73.99510132","16748","Subscriber","1961","1"
"196","2013-12-01 13:30:04","2013-12-01 13:33:20","2002","Wythe Ave & Metropolitan Ave","40.716887","-73.963198","481","S 3 St & Bedford Ave","40.71260486","-73.96264403","17609","Subscriber","1977","2"
"362","2013-12-01 13:30:05","2013-12-01 13:36:07","345","W 13 St & 6 Ave","40.73649403","-73.99704374","463","9 Ave & W 16 St","40.74206539","-74.00443172","20771","Subscriber","1961","2"
"350","2013-12-01 13:30:08","2013-12-01 13:35:58","345","W 13 St & 6 Ave","40.73649403","-73.99704374","463","9 Ave & W 16 St","40.74206539","-74.00443172","17438","Subscriber","1951","1"
"493","2013-12-01 13:30:09","2013-12-01 13:38:22","160","E 37 St & Lexington Ave","40.748238","-73.978311","475","E 16 St & Irving Pl","40.73524276","-73.98758561","16471","Subscriber","1984","1"
"509","2013-12-01 13:30:09","2013-12-01 13:38:38","496","E 16 St & 5 Ave","40.73726186","-73.99238967","128","MacDougal St & Prince St","40.72710258","-74.00297088","17539","Subscriber","1958","2"
"217","2013-12-01 13:30:14","2013-12-01 13:33:51","448","W 37 St & 10 Ave","40.75660359","-73.9979009","478","11 Ave & W 41 St","40.76030096","-73.99884222","18526","Subscriber","1977","1"
"668","2013-12-01 13:30:15","2013-12-01 13:41:23","450","W 49 St & 8 Ave","40.76227205","-73.98788205","459","W 20 St & 11 Ave","40.746745","-74.007756","16223","Subscriber","1988","2"
"730","2013-12-01 13:30:17","2013-12-01 13:42:27","2006","Central Park S & 6 Ave","40.76590936","-73.97634151","385","E 55 St & 2 Ave","40.75797322","-73.96603308","16194","Subscriber","1955","2"
"912","2013-12-01 13:30:18","2013-12-01 13:45:30","426","West St & Chambers St","40.71754834","-74.01322069","357","E 11 St & Broadway","40.73261787","-73.99158043","20160","Subscriber","1953","2"
"363","2013-12-01 13:30:21","2013-12-01 13:36:24","342","Columbia St & Rivington St","40.71739973","-73.98016555","307","Canal St & Rutgers St","40.71427487","-73.98990025","16159","Subscriber","1962","2"
"436","2013-12-01 13:30:21","2013-12-01 13:37:37","528","2 Ave & E 31 St","40.74290902","-73.97706058","237","E 11 St & 2 Ave","40.73047309","-73.98672378","15218","Subscriber","1990","1"
"308","2013-12-01 13:30:23","2013-12-01 13:35:31","520","W 52 St & 5 Ave","40.75992262","-73.97648516","153","E 40 St & 5 Ave","40.752062307","-73.9816324043","16077","Subscriber","1982","1"
"383","2013-12-01 13:30:23","2013-12-01 13:36:46","489","10 Ave & W 28 St","40.75066386","-74.00176802","284","Greenwich Ave & 8 Ave","40.7390169121","-74.0026376103","20371","Subscriber","1980","1"
"1705","2013-12-01 13:30:24","2013-12-01 13:58:49","212","W 16 St & The High Line","40.74334935","-74.00681753","352","W 56 St & 6 Ave","40.76340613","-73.97722479","20215","Subscriber","1985","1"
"1057","2013-12-01 13:30:26","2013-12-01 13:48:03","2009","Catherine St & Monroe St","40.71117444","-73.99682619","301","E 2 St & Avenue B","40.72217444","-73.98368779","14618","Subscriber","1973","1"
"528","2013-12-01 13:30:27","2013-12-01 13:39:15","238","Bank St & Washington St","40.7361967","-74.00859207","442","W 27 St & 7 Ave","40.746647","-73.993915","19591","Subscriber","1961","1"
"224","2013-12-01 13:30:31","2013-12-01 13:34:15","384","Fulton St & Waverly Ave","40.68317813","-73.9659641","83","Atlantic Ave & Fort Greene Pl","40.68382604","-73.97632328","17878","Subscriber","1976","1"
"1085","2013-12-01 13:30:32","2013-12-01 13:48:37","463","9 Ave & W 16 St","40.74206539","-74.00443172","445","E 10 St & Avenue A","40.72740794","-73.98142006","16411","Subscriber","1965","2"
"707","2013-12-01 13:30:33","2013-12-01 13:42:20","448","W 37 St & 10 Ave","40.75660359","-73.9979009","458","11 Ave & W 27 St","40.751396","-74.005226","16117","Subscriber","1984","1"
"1695","2013-12-01 13:30:36","2013-12-01 13:58:51","320","Church St & Leonard St","40.71743998","-74.00583475","523","W 38 St & 8 Ave","40.75466591","-73.99138152","17094","Subscriber","1956","1"
"1072","2013-12-01 13:30:41","2013-12-01 13:48:33","463","9 Ave & W 16 St","40.74206539","-74.00443172","445","E 10 St & Avenue A","40.72740794","-73.98142006","18194","Subscriber","1964","1"
"707","2013-12-01 13:30:41","2013-12-01 13:42:28","514","12 Ave & W 40 St","40.76087502","-74.00277668","225","W 14 St & The High Line","40.74195138","-74.00803013","17572","Subscriber","1960","2"
"240","2013-12-01 13:30:43","2013-12-01 13:34:43","300","Shevchenko Pl & E 6 St","40.728145","-73.990214","312","Allen St & E Houston St","40.722055","-73.989111","18029","Subscriber","1982","1"
"1173","2013-12-01 13:30:44","2013-12-01 13:50:17","532","S 5 Pl & S 4 St","40.710451","-73.960876","445","E 10 St & Avenue A","40.72740794","-73.98142006","20778","Customer",\N,"0"
"1567","2013-12-01 13:30:44","2013-12-01 13:56:51","461","E 20 St & 2 Ave","40.73587678","-73.98205027","224","Spruce St & Nassau St","40.71146364","-74.00552427","18796","Subscriber","1977","1"
"608","2013-12-01 13:30:44","2013-12-01 13:40:52","345","W 13 St & 6 Ave","40.73649403","-73.99704374","336","Sullivan St & Washington Sq","40.73047747","-73.99906065","15153","Subscriber","1977","2"
"1240","2013-12-01 13:30:45","2013-12-01 13:51:25","253","W 13 St & 5 Ave","40.73543934","-73.99453948","285","Broadway & E 14 St","40.73454567","-73.99074142","17270","Subscriber","1949","1"
"1290","2013-12-01 13:30:46","2013-12-01 13:52:16","487","E 20 St & FDR Drive","40.73314259","-73.97573881","195","Liberty St & Broadway","40.70905623","-74.01043382","16075","Subscriber","1966","2"
"548","2013-12-01 13:30:46","2013-12-01 13:39:54","345","W 13 St & 6 Ave","40.73649403","-73.99704374","336","Sullivan St & Washington Sq","40.73047747","-73.99906065","19111","Subscriber","1979","1"
"1014","2013-12-01 13:30:48","2013-12-01 13:47:42","546","E 30 St & Park Ave S","40.74444921","-73.98303529","482","W 15 St & 7 Ave","40.73935542","-73.99931783","18589","Subscriber","1968","1"
"1573","2013-12-01 13:30:51","2013-12-01 13:57:04","461","E 20 St & 2 Ave","40.73587678","-73.98205027","224","Spruce St & Nassau St","40.71146364","-74.00552427","18952","Subscriber","1982","2"
"388","2013-12-01 13:30:54","2013-12-01 13:37:22","320","Church St & Leonard St","40.71743998","-74.00583475","151","Cleveland Pl & Spring St","40.7218158","-73.99720307","18061","Subscriber","1986","1"
"1952","2013-12-01 13:30:56","2013-12-01 14:03:28","509","9 Ave & W 22 St","40.7454973","-74.00197139","212","W 16 St & The High Line","40.74334935","-74.00681753","15260","Subscriber","1960","2"
"1022","2013-12-01 13:30:57","2013-12-01 13:47:59","504","1 Ave & E 15 St","40.73221853","-73.98165557","444","Broadway & W 24 St","40.7423543","-73.98915076","16412","Customer",\N,"0"
"1004","2013-12-01 13:30:57","2013-12-01 13:47:41","153","E 40 St & 5 Ave","40.752062307","-73.9816324043","281","Grand Army Plaza & Central Park S","40.7643971","-73.97371465","19258","Customer",\N,"0"
"991","2013-12-01 13:31:00","2013-12-01 13:47:31","546","E 30 St & Park Ave S","40.74444921","-73.98303529","482","W 15 St & 7 Ave","40.73935542","-73.99931783","17063","Subscriber","1974","2"
"353","2013-12-01 13:31:00","2013-12-01 13:36:53","380","W 4 St & 7 Ave S","40.73401143","-74.00293877","2004","6 Ave & Broome St","40.724399","-74.004704","16821","Subscriber","1979","2"
"547","2013-12-01 13:31:01","2013-12-01 13:40:08","482","W 15 St & 7 Ave","40.73935542","-73.99931783","2021","W 45 St & 8 Ave","40.75929124","-73.98859651","19107","Subscriber","1983","1"
"479","2013-12-01 13:31:06","2013-12-01 13:39:05","528","2 Ave & E 31 St","40.74290902","-73.97706058","454","E 51 St & 1 Ave","40.75455731","-73.96592976","20796","Subscriber","1969","1"
"401","2013-12-01 13:31:12","2013-12-01 13:37:53","483","E 12 St & 3 Ave","40.73223272","-73.98889957","317","E 6 St & Avenue B","40.72453734","-73.98185424","15426","Subscriber","1985","2"
"564","2013-12-01 13:31:14","2013-12-01 13:40:38","323","Lawrence St & Willoughby St","40.69236178","-73.98631746","459","W 20 St & 11 Ave","40.746745","-74.007756","17354","Subscriber","1984","1"
"1140","2013-12-01 13:31:14","2013-12-01 13:50:14","532","S 5 Pl & S 4 St","40.710451","-73.960876","445","E 10 St & Avenue A","40.72740794","-73.98142006","17755","Customer",\N,"0"
"273","2013-12-01 13:31:15","2013-12-01 13:35:48","229","Great Jones St","40.72743423","-73.99379025","128","MacDougal St & Prince St","40.72710258","-74.00297088","20540","Subscriber","1976","1"
"1121","2013-12-01 13:31:17","2013-12-01 13:49:58","387","Centre St & Chambers St","40.71273266","-74.0046073","430","York St & Jay St","40.7014851","-73.98656928","20727","Subscriber","1966","2"
"790","2013-12-01 13:31:21","2013-12-01 13:44:31","147","Greenwich St & Warren St","40.71542197","-74.01121978","127","Barrow St & Hudson St","40.73172428","-74.00674436","16213","Subscriber","1973","2"
"546","2013-12-01 13:31:22","2013-12-01 13:40:28","515","W 43 St & 10 Ave","40.76009437","-73.99461843","510","W 51 St & 6 Ave","40.7606597","-73.98042047","15288","Subscriber","1975","1"
"822","2013-12-01 13:31:30","2013-12-01 13:45:12","363","West Thames St","40.70834698","-74.01713445","329","Greenwich St & N Moore St","40.72043411","-74.01020609","19291","Customer",\N,"0"
"791","2013-12-01 13:31:30","2013-12-01 13:44:41","410","Suffolk St & Stanton St","40.72066442","-73.98517977","347","W Houston St & Hudson St","40.72873888","-74.00748842","15364","Subscriber","1982","1"
"889","2013-12-01 13:31:31","2013-12-01 13:46:20","499","Broadway & W 60 St","40.76915505","-73.98191841","517","Pershing Square S","40.75149263","-73.97798848","19070","Subscriber","1968","1"
"232","2013-12-01 13:31:32","2013-12-01 13:35:24","435","W 21 St & 6 Ave","40.74173969","-73.99415556","509","9 Ave & W 22 St","40.7454973","-74.00197139","19092","Subscriber","1977","1"
"364","2013-12-01 13:31:34","2013-12-01 13:37:38","285","Broadway & E 14 St","40.73454567","-73.99074142","504","1 Ave & E 15 St","40.73221853","-73.98165557","16380","Subscriber","1967","1"
"1271","2013-12-01 13:31:36","2013-12-01 13:52:47","2002","Wythe Ave & Metropolitan Ave","40.716887","-73.963198","262","Washington Park","40.69178232","-73.97372989","17119","Subscriber","1985","1"
"482","2013-12-01 13:31:37","2013-12-01 13:39:39","518","E 39 St & 2 Ave","40.74780373","-73.9734419","526","E 33 St & 5 Ave","40.74765947","-73.98490707","14904","Subscriber","1986","1"
"318","2013-12-01 13:31:37","2013-12-01 13:36:55","323","Lawrence St & Willoughby St","40.69236178","-73.98631746","326","E 11 St & 1 Ave","40.72953837","-73.98426726","17776","Subscriber","1981","1"
"554","2013-12-01 13:31:41","2013-12-01 13:40:55","247","Perry St & Bleecker St","40.73535398","-74.00483091","229","Great Jones St","40.72743423","-73.99379025","16548","Subscriber","1964","2"
"269","2013-12-01 13:31:42","2013-12-01 13:36:11","463","9 Ave & W 16 St","40.74206539","-74.00443172","470","W 20 St & 8 Ave","40.74345335","-74.00004031","18292","Subscriber","1940","1"
"614","2013-12-01 13:31:47","2013-12-01 13:42:01","348","W Broadway & Spring St","40.72490985","-74.00154702","475","E 16 St & Irving Pl","40.73524276","-73.98758561","19772","Subscriber","1990","1"
"2359","2013-12-01 13:31:47","2013-12-01 14:11:06","387","Centre St & Chambers St","40.71273266","-74.0046073","387","Centre St & Chambers St","40.71273266","-74.0046073","18580","Customer",\N,"0"
"667","2013-12-01 13:31:48","2013-12-01 13:42:55","527","E 33 St & 1 Ave","40.74315566","-73.97434726","444","Broadway & W 24 St","40.7423543","-73.98915076","16791","Subscriber","1946","1"
"1267","2013-12-01 13:31:50","2013-12-01 13:52:57","2002","Wythe Ave & Metropolitan Ave","40.716887","-73.963198","262","Washington Park","40.69178232","-73.97372989","20859","Subscriber","1981","2"
"1866","2013-12-01 13:31:51","2013-12-01 14:02:57","467","Dean St & 4 Ave","40.68312489","-73.97895137","387","Centre St & Chambers St","40.71273266","-74.0046073","20588","Subscriber","1970","1"
"1038","2013-12-01 13:31:51","2013-12-01 13:49:09","280","E 10 St & 5 Ave","40.73331967","-73.99510132","349","Rivington St & Ridge St","40.71850211","-73.98329859","17146","Subscriber","1945","1"
"253","2013-12-01 13:31:54","2013-12-01 13:36:07","294","Washington Square E","40.73049393","-73.9957214","362","Broadway & W 37 St","40.75172632","-73.98753523","15609","Subscriber","1990","1"
"554","2013-12-01 13:32:04","2013-12-01 13:41:18","285","Broadway & E 14 St","40.73454567","-73.99074142","475","E 16 St & Irving Pl","40.73524276","-73.98758561","14824","Customer",\N,"0"
"946","2013-12-01 13:32:05","2013-12-01 13:47:51","153","E 40 St & 5 Ave","40.752062307","-73.9816324043","281","Grand Army Plaza & Central Park S","40.7643971","-73.97371465","20370","Customer",\N,"0"
"777","2013-12-01 13:32:07","2013-12-01 13:45:04","387","Centre St & Chambers St","40.71273266","-74.0046073","237","E 11 St & 2 Ave","40.73047309","-73.98672378","15706","Subscriber","1978","2"
"2581","2013-12-01 13:32:10","2013-12-01 14:15:11","398","Atlantic Ave & Furman St","40.69165183","-73.9999786","398","Atlantic Ave & Furman St","40.69165183","-73.9999786","15235","Customer",\N,"0"
"263","2013-12-01 13:32:11","2013-12-01 13:36:34","402","Broadway & E 22 St","40.7403432","-73.98955109","435","W 21 St & 6 Ave","40.74173969","-73.99415556","18074","Subscriber","1940","1"
"255","2013-12-01 13:32:16","2013-12-01 13:36:31","293","Lafayette St & E 8 St","40.73028666","-73.9907647","403","E 2 St & 2 Ave","40.72502876","-73.99069656","18054","Subscriber","1982","1"
"760","2013-12-01 13:32:17","2013-12-01 13:44:57","387","Centre St & Chambers St","40.71273266","-74.0046073","237","E 11 St & 2 Ave","40.73047309","-73.98672378","17247","Subscriber","1962","1"
"545","2013-12-01 13:32:18","2013-12-01 13:41:23","285","Broadway & E 14 St","40.73454567","-73.99074142","475","E 16 St & Irving Pl","40.73524276","-73.98758561","20938","Customer",\N,"0"
"1071","2013-12-01 13:32:20","2013-12-01 13:50:11","470","W 20 St & 8 Ave","40.74345335","-74.00004031","257","Lispenard St & Broadway","40.71939226","-74.00247214","15466","Subscriber","1989","2"
"430","2013-12-01 13:32:21","2013-12-01 13:39:31","507","E 25 St & 2 Ave","40.73912601","-73.97973776","504","1 Ave & E 15 St","40.73221853","-73.98165557","15265","Subscriber","1964","2"
"2696","2013-12-01 13:32:22","2013-12-01 14:17:18","539","Metropolitan Ave & Bedford Ave","40.71534825","-73.96024116","457","Broadway & W 58 St","40.76695317","-73.98169333","16655","Subscriber","1978","1"
"179","2013-12-01 13:32:24","2013-12-01 13:35:23","329","Greenwich St & N Moore St","40.72043411","-74.01020609","147","Greenwich St & Warren St","40.71542197","-74.01121978","20300","Subscriber","1986","2"
"982","2013-12-01 13:32:34","2013-12-01 13:48:56","448","W 37 St & 10 Ave","40.75660359","-73.9979009","276","Duane St & Greenwich St","40.71748752","-74.0104554","18550","Subscriber","1982","1"
"374","2013-12-01 13:32:34","2013-12-01 13:38:48","2003","1 Ave & E 18 St","40.73416059","-73.98024289","236","St Marks Pl & 2 Ave","40.7284186","-73.98713956","19545","Subscriber","1969","1"
"657","2013-12-01 13:32:36","2013-12-01 13:43:33","459","W 20 St & 11 Ave","40.746745","-74.007756","336","Sullivan St & Washington Sq","40.73047747","-73.99906065","20226","Subscriber","1986","1"
"409","2013-12-01 13:32:39","2013-12-01 13:39:28","223","W 13 St & 7 Ave","40.73781509","-73.99994661","328","Watts St & Greenwich St","40.72405549","-74.00965965","15108","Subscriber","1980","1"
"1315","2013-12-01 13:32:39","2013-12-01 13:54:34","358","Christopher St & Greenwich St","40.73291553","-74.00711384","309","Murray St & West St","40.7149787","-74.013012","18735","Customer",\N,"0"
"1922","2013-12-01 13:32:44","2013-12-01 14:04:46","341","Stanton St & Mangin St","40.71782143","-73.97628939","315","South St & Gouverneur Ln","40.70355377","-74.00670227","18235","Customer",\N,"0"
"383","2013-12-01 13:32:44","2013-12-01 13:39:07","348","W Broadway & Spring St","40.72490985","-74.00154702","355","Bayard St & Baxter St","40.71602118","-73.99974372","20699","Subscriber","1991","1"
"219","2013-12-01 13:32:45","2013-12-01 13:36:24","358","Christopher St & Greenwich St","40.73291553","-74.00711384","405","Washington St & Gansevoort St","40.739323","-74.008119","19267","Subscriber","1984","1"
"746","2013-12-01 13:33:00","2013-12-01 13:45:26","358","Christopher St & Greenwich St","40.73291553","-74.00711384","496","E 16 St & 5 Ave","40.73726186","-73.99238967","15416","Subscriber","1946","1"
"789","2013-12-01 13:33:00","2013-12-01 13:46:09","482","W 15 St & 7 Ave","40.73935542","-73.99931783","174","E 25 St & 1 Ave","40.7381765","-73.97738662","16335","Subscriber","1951","1"
"366","2013-12-01 13:33:01","2013-12-01 13:39:07","524","W 43 St & 6 Ave","40.75527307","-73.98316936","164","E 47 St & 2 Ave","40.75323098","-73.97032517","15468","Subscriber","1987","1"
"620","2013-12-01 13:33:07","2013-12-01 13:43:27","331","Pike St & Monroe St","40.71173107","-73.99193043","330","Reade St & Broadway","40.71450451","-74.00562789","19725","Subscriber","1962","2"
"1265","2013-12-01 13:33:11","2013-12-01 13:54:16","532","S 5 Pl & S 4 St","40.710451","-73.960876","151","Cleveland Pl & Spring St","40.7218158","-73.99720307","19269","Subscriber","1977","1"
"334","2013-12-01 13:33:15","2013-12-01 13:38:49","470","W 20 St & 8 Ave","40.74345335","-74.00004031","497","E 17 St & Broadway","40.73704984","-73.99009296","15757","Subscriber","1985","2"
"2278","2013-12-01 13:33:18","2013-12-01 14:11:16","387","Centre St & Chambers St","40.71273266","-74.0046073","387","Centre St & Chambers St","40.71273266","-74.0046073","19909","Customer",\N,"0"
"60","2013-12-01 13:33:20","2013-12-01 13:34:20","228","E 48 St & 3 Ave","40.7546011026","-73.971878855","228","E 48 St & 3 Ave","40.7546011026","-73.971878855","15322","Subscriber","1979","1"
"3460","2013-12-01 13:33:21","2013-12-01 14:31:01","457","Broadway & W 58 St","40.76695317","-73.98169333","281","Grand Army Plaza & Central Park S","40.7643971","-73.97371465","17478","Customer",\N,"0"
"122","2013-12-01 13:33:25","2013-12-01 13:35:27","174","E 25 St & 1 Ave","40.7381765","-73.97738662","507","E 25 St & 2 Ave","40.73912601","-73.97973776","15718","Subscriber","1984","2"
"818","2013-12-01 13:33:27","2013-12-01 13:47:05","267","Broadway & W 36 St","40.75097711","-73.98765428","281","Grand Army Plaza & Central Park S","40.7643971","-73.97371465","19657","Subscriber","1987","2"
"1948","2013-12-01 13:33:32","2013-12-01 14:06:00","422","W 59 St & 10 Ave","40.770513","-73.988038","3002","South End Ave & Liberty St","40.711512","-74.015756","16228","Subscriber","1961","1"
"355","2013-12-01 13:33:38","2013-12-01 13:39:33","352","W 56 St & 6 Ave","40.76340613","-73.97722479","2023","E 55 St & Lexington Ave","40.75968085","-73.97031366","20381","Subscriber","1953","1"
"1472","2013-12-01 13:33:38","2013-12-01 13:58:10","406","Hicks St & Montague St","40.69512845","-73.99595065","387","Centre St & Chambers St","40.71273266","-74.0046073","18303","Customer",\N,"0"
"521","2013-12-01 13:33:46","2013-12-01 13:42:27","493","W 45 St & 6 Ave","40.7568001","-73.98291153","457","Broadway & W 58 St","40.76695317","-73.98169333","19006","Subscriber","1982","1"
"802","2013-12-01 13:33:55","2013-12-01 13:47:17","461","E 20 St & 2 Ave","40.73587678","-73.98205027","356","Bialystoker Pl & Delancey St","40.71622644","-73.98261206","18045","Subscriber","1973","1"
"201","2013-12-01 13:33:56","2013-12-01 13:37:17","449","W 52 St & 9 Ave","40.76461837","-73.98789473","480","W 53 St & 10 Ave","40.76669671","-73.99061728","17217","Subscriber","1983","1"
"790","2013-12-01 13:34:00","2013-12-01 13:47:10","267","Broadway & W 36 St","40.75097711","-73.98765428","281","Grand Army Plaza & Central Park S","40.7643971","-73.97371465","17564","Subscriber","1984","1"
"1162","2013-12-01 13:34:05","2013-12-01 13:53:27","301","E 2 St & Avenue B","40.72217444","-73.98368779","534","Water - Whitehall Plaza","40.70255065","-74.0127234","18921","Subscriber","1988","1"
"1847","2013-12-01 13:34:05","2013-12-01 14:04:52","341","Stanton St & Mangin St","40.71782143","-73.97628939","315","South St & Gouverneur Ln","40.70355377","-74.00670227","15635","Subscriber","1967","1"
"685","2013-12-01 13:34:09","2013-12-01 13:45:34","282","Kent Ave & S 11 St","40.70827295","-73.96834101","313","Washington Ave & Park Ave","40.69610226","-73.96751037","20102","Subscriber","1984","1"
"330","2013-12-01 13:34:11","2013-12-01 13:39:41","528","2 Ave & E 31 St","40.74290902","-73.97706058","160","E 37 St & Lexington Ave","40.748238","-73.978311","17757","Subscriber","1990","1"
"994","2013-12-01 13:34:13","2013-12-01 13:50:47","469","Broadway & W 53 St","40.76344058","-73.98268129","281","Grand Army Plaza & Central Park S","40.7643971","-73.97371465","17458","Subscriber","1984","1"
"947","2013-12-01 13:34:13","2013-12-01 13:50:00","361","Allen St & Hester St","40.71605866","-73.99190759","528","2 Ave & E 31 St","40.74290902","-73.97706058","15650","Subscriber","1987","1"
"392","2013-12-01 13:34:14","2013-12-01 13:40:46","380","W 4 St & 7 Ave S","40.73401143","-74.00293877","463","9 Ave & W 16 St","40.74206539","-74.00443172","20159","Subscriber","1987","2"
"405","2013-12-01 13:34:15","2013-12-01 13:41:00","357","E 11 St & Broadway","40.73261787","-73.99158043","368","Carmine St & 6 Ave","40.73038599","-74.00214988","16820","Subscriber","1970","1"
"436","2013-12-01 13:34:15","2013-12-01 13:41:31","116","W 17 St & 8 Ave","40.74177603","-74.00149746","523","W 38 St & 8 Ave","40.75466591","-73.99138152","19966","Subscriber","1971","1"
"1733","2013-12-01 13:34:24","2013-12-01 14:03:17","489","10 Ave & W 28 St","40.75066386","-74.00176802","229","Great Jones St","40.72743423","-73.99379025","20282","Subscriber","1960","1"
"411","2013-12-01 13:34:24","2013-12-01 13:41:15","470","W 20 St & 8 Ave","40.74345335","-74.00004031","238","Bank St & Washington St","40.7361967","-74.00859207","15354","Subscriber","1978","2"
"3097","2013-12-01 13:34:26","2013-12-01 14:26:03","454","E 51 St & 1 Ave","40.75455731","-73.96592976","454","E 51 St & 1 Ave","40.75455731","-73.96592976","15249","Subscriber","1941","1"
"312","2013-12-01 13:34:34","2013-12-01 13:39:46","457","Broadway & W 58 St","40.76695317","-73.98169333","2021","W 45 St & 8 Ave","40.75929124","-73.98859651","20524","Subscriber","1979","2"
"767","2013-12-01 13:34:43","2013-12-01 13:47:30","312","Allen St & E Houston St","40.722055","-73.989111","380","W 4 St & 7 Ave S","40.73401143","-74.00293877","19505","Subscriber","1980","1"
"681","2013-12-01 13:34:46","2013-12-01 13:46:07","509","9 Ave & W 22 St","40.7454973","-74.00197139","285","Broadway & E 14 St","40.73454567","-73.99074142","19238","Subscriber","1961","1"
"348","2013-12-01 13:34:48","2013-12-01 13:40:36","511","E 14 St & Avenue B","40.72938685","-73.97772429","475","E 16 St & Irving Pl","40.73524276","-73.98758561","20986","Subscriber","1985","1"
"267","2013-12-01 13:34:54","2013-12-01 13:39:21","336","Sullivan St & Washington Sq","40.73047747","-73.99906065","380","W 4 St & 7 Ave S","40.73401143","-74.00293877","16165","Subscriber","1981","1"
"398","2013-12-01 13:35:10","2013-12-01 13:41:48","157","Henry St & Atlantic Ave","40.69089272","-73.99612349","323","Lawrence St & Willoughby St","40.69236178","-73.98631746","20297","Subscriber","1980","1"
"849","2013-12-01 13:35:14","2013-12-01 13:49:23","490","8 Ave & W 33 St","40.751551","-73.993934","455","1 Ave & E 44 St","40.75001986","-73.96905301","19268","Subscriber","1977","1"
"1372","2013-12-01 13:35:14","2013-12-01 13:58:06","423","W 54 St & 9 Ave","40.76584941","-73.98690506","323","Lawrence St & Willoughby St","40.69236178","-73.98631746","20361","Subscriber","1965","1"
"1936","2013-12-01 13:35:18","2013-12-01 14:07:34","323","Lawrence St & Willoughby St","40.69236178","-73.98631746","467","Dean St & 4 Ave","40.68312489","-73.97895137","20860","Subscriber","1965","1"
"1565","2013-12-01 13:35:20","2013-12-01 14:01:25","382","University Pl & E 14 St","40.73492695","-73.99200509","426","West St & Chambers St","40.71754834","-74.01322069","15255","Subscriber","1988","2"
"411","2013-12-01 13:35:25","2013-12-01 13:42:16","477","W 41 St & 8 Ave","40.75640548","-73.9900262","388","W 26 St & 10 Ave","40.749717753","-74.002950346","16384","Subscriber","1982","1"
"235","2013-12-01 13:35:29","2013-12-01 13:39:24","528","2 Ave & E 31 St","40.74290902","-73.97706058","540","Lexington Ave & E 26 St","40.74147286","-73.98320928","20355","Subscriber","1986","1"
"309","2013-12-01 13:35:32","2013-12-01 13:40:41","454","E 51 St & 1 Ave","40.75455731","-73.96592976","518","E 39 St & 2 Ave","40.74780373","-73.9734419","16139","Subscriber","1982","1"
"690","2013-12-01 13:35:38","2013-12-01 13:47:08","433","E 13 St & Avenue A","40.72955361","-73.98057249","334","W 20 St & 7 Ave","40.74238787","-73.99726235","17821","Subscriber","1997","1"
"411","2013-12-01 13:35:39","2013-12-01 13:42:30","2012","E 27 St & 1 Ave","40.739445","-73.976806","472","E 32 St & Park Ave","40.7457121","-73.98194829","19017","Subscriber","1980","1"
"708","2013-12-01 13:35:40","2013-12-01 13:47:28","507","E 25 St & 2 Ave","40.73912601","-73.97973776","458","11 Ave & W 27 St","40.751396","-74.005226","18133","Subscriber","1984","2"
"544","2013-12-01 13:35:42","2013-12-01 13:44:46","335","Washington Pl & Broadway","40.72903917","-73.99404649","504","1 Ave & E 15 St","40.73221853","-73.98165557","19387","Subscriber","1996","2"
"472","2013-12-01 13:35:43","2013-12-01 13:43:35","309","Murray St & West St","40.7149787","-74.013012","363","West Thames St","40.70834698","-74.01713445","15359","Subscriber","1985","2"
"475","2013-12-01 13:35:44","2013-12-01 13:43:39","358","Christopher St & Greenwich St","40.73291553","-74.00711384","285","Broadway & E 14 St","40.73454567","-73.99074142","18103","Subscriber","1978","2"
"1061","2013-12-01 13:35:48","2013-12-01 13:53:29","499","Broadway & W 60 St","40.76915505","-73.98191841","499","Broadway & W 60 St","40.76915505","-73.98191841","17910","Subscriber","1993","1"
"1089","2013-12-01 13:35:53","2013-12-01 13:54:02","499","Broadway & W 60 St","40.76915505","-73.98191841","499","Broadway & W 60 St","40.76915505","-73.98191841","18973","Subscriber","1995","2"
"728","2013-12-01 13:35:55","2013-12-01 13:48:03","525","W 34 St & 11 Ave","40.75594159","-74.0021163","168","W 18 St & 6 Ave","40.73971301","-73.99456405","18218","Subscriber","1952","1"
"588","2013-12-01 13:35:55","2013-12-01 13:45:43","546","E 30 St & Park Ave S","40.74444921","-73.98303529","521","8 Ave & W 31 St","40.75044999","-73.99481051","15907","Subscriber","1971","2"
"2922","2013-12-01 13:35:57","2013-12-01 14:24:39","454","E 51 St & 1 Ave","40.75455731","-73.96592976","454","E 51 St & 1 Ave","40.75455731","-73.96592976","19311","Subscriber","1941","2"
"454","2013-12-01 13:35:58","2013-12-01 13:43:32","309","Murray St & West St","40.7149787","-74.013012","363","West Thames St","40.70834698","-74.01713445","18354","Subscriber","1982","1"
"568","2013-12-01 13:36:04","2013-12-01 13:45:32","435","W 21 St & 6 Ave","40.74173969","-73.99415556","247","Perry St & Bleecker St","40.73535398","-74.00483091","18722","Subscriber","1977","1"
"778","2013-12-01 13:36:06","2013-12-01 13:49:04","453","W 22 St & 8 Ave","40.74475148","-73.99915362","515","W 43 St & 10 Ave","40.76009437","-73.99461843","15389","Subscriber","1987","2"
"167","2013-12-01 13:36:09","2013-12-01 13:38:56","346","Bank St & Hudson St","40.73652889","-74.00618026","404","9 Ave & W 14 St","40.7405826","-74.00550867","16021","Subscriber","1982","1"
"394","2013-12-01 13:36:16","2013-12-01 13:42:50","301","E 2 St & Avenue B","40.72217444","-73.98368779","531","Forsyth St & Broome St","40.71893904","-73.99266288","19552","Subscriber","1967","1"
"817","2013-12-01 13:36:21","2013-12-01 13:49:58","509","9 Ave & W 22 St","40.7454973","-74.00197139","403","E 2 St & 2 Ave","40.72502876","-73.99069656","17091","Subscriber","1974","1"
"548","2013-12-01 13:36:24","2013-12-01 13:45:32","536","1 Ave & E 30 St","40.74144387","-73.97536082","519","Pershing Square N","40.75188406","-73.97770164","19473","Subscriber","1983","1"
"469","2013-12-01 13:36:30","2013-12-01 13:44:19","342","Columbia St & Rivington St","40.71739973","-73.98016555","473","Rivington St & Chrystie St","40.72110063","-73.9919254","18524","Subscriber","1968","2"
"169","2013-12-01 13:36:30","2013-12-01 13:39:19","435","W 21 St & 6 Ave","40.74173969","-73.99415556","453","W 22 St & 8 Ave","40.74475148","-73.99915362","20803","Subscriber","1983","1"
"405","2013-12-01 13:36:30","2013-12-01 13:43:15","406","Hicks St & Montague St","40.69512845","-73.99595065","2000","Front St & Washington St","40.70255088","-73.98940236","16986","Subscriber","1981","1"
"1301","2013-12-01 13:36:34","2013-12-01 13:58:15","398","Atlantic Ave & Furman St","40.69165183","-73.9999786","398","Atlantic Ave & Furman St","40.69165183","-73.9999786","19320","Customer",\N,"0"
"363","2013-12-01 13:36:35","2013-12-01 13:42:38","328","Watts St & Greenwich St","40.72405549","-74.00965965","426","West St & Chambers St","40.71754834","-74.01322069","19869","Subscriber","1958","1"
"4061","2013-12-01 13:36:35","2013-12-01 14:44:16","473","Rivington St & Chrystie St","40.72110063","-73.9919254","464","E 56 St & 3 Ave","40.75934501","-73.96759673","16216","Customer",\N,"0"
"2044","2013-12-01 13:36:41","2013-12-01 14:10:45","387","Centre St & Chambers St","40.71273266","-74.0046073","387","Centre St & Chambers St","40.71273266","-74.0046073","18846","Customer",\N,"0"
"389","2013-12-01 13:36:41","2013-12-01 13:43:10","304","Broadway & Battery Pl","40.70463334","-74.01361706","195","Liberty St & Broadway","40.70905623","-74.01043382","17627","Subscriber","1977","2"
"379","2013-12-01 13:36:43","2013-12-01 13:43:02","304","Broadway & Battery Pl","40.70463334","-74.01361706","195","Liberty St & Broadway","40.70905623","-74.01043382","17742","Subscriber","1982","1"
"616","2013-12-01 13:36:45","2013-12-01 13:47:01","525","W 34 St & 11 Ave","40.75594159","-74.0021163","168","W 18 St & 6 Ave","40.73971301","-73.99456405","18867","Subscriber","1972","2"
"4044","2013-12-01 13:36:47","2013-12-01 14:44:11","473","Rivington St & Chrystie St","40.72110063","-73.9919254","464","E 56 St & 3 Ave","40.75934501","-73.96759673","16486","Customer",\N,"0"
"1281","2013-12-01 13:36:50","2013-12-01 13:58:11","478","11 Ave & W 41 St","40.76030096","-73.99884222","497","E 17 St & Broadway","40.73704984","-73.99009296","17846","Subscriber","1982","1"
"499","2013-12-01 13:36:51","2013-12-01 13:45:10","356","Bialystoker Pl & Delancey St","40.71622644","-73.98261206","412","Forsyth St & Canal St","40.7158155","-73.99422366","15000","Subscriber","1982","2"
"1308","2013-12-01 13:36:53","2013-12-01 13:58:41","398","Atlantic Ave & Furman St","40.69165183","-73.9999786","398","Atlantic Ave & Furman St","40.69165183","-73.9999786","19919","Customer",\N,"0"
"492","2013-12-01 13:36:59","2013-12-01 13:45:11","521","8 Ave & W 31 St","40.75044999","-73.99481051","116","W 17 St & 8 Ave","40.74177603","-74.00149746","18162","Subscriber","1976","2"
"552","2013-12-01 13:37:00","2013-12-01 13:46:12","485","W 37 St & 5 Ave","40.75038009","-73.98338988","490","8 Ave & W 33 St","40.751551","-73.993934","20988","Subscriber","1953","1"
"826","2013-12-01 13:37:01","2013-12-01 13:50:47","362","Broadway & W 37 St","40.75172632","-73.98753523","334","W 20 St & 7 Ave","40.74238787","-73.99726235","15913","Subscriber","1975","2"
"929","2013-12-01 13:37:04","2013-12-01 13:52:33","336","Sullivan St & Washington Sq","40.73047747","-73.99906065","505","6 Ave & W 33 St","40.74901271","-73.98848395","15086","Subscriber","1988","1"
"1084","2013-12-01 13:37:05","2013-12-01 13:55:09","248","Laight St & Hudson St","40.72185379","-74.00771779","301","E 2 St & Avenue B","40.72217444","-73.98368779","15347","Subscriber","1989","2"
"1078","2013-12-01 13:37:07","2013-12-01 13:55:05","518","E 39 St & 2 Ave","40.74780373","-73.9734419","486","Broadway & W 29 St","40.7462009","-73.98855723","19911","Subscriber","1960","1"
"265","2013-12-01 13:37:13","2013-12-01 13:41:38","368","Carmine St & 6 Ave","40.73038599","-74.00214988","280","E 10 St & 5 Ave","40.73331967","-73.99510132","16323","Subscriber","1984","2"
"105","2013-12-01 13:37:19","2013-12-01 13:39:04","2009","Catherine St & Monroe St","40.71117444","-73.99682619","308","St James Pl & Oliver St","40.71307916","-73.99851193","20591","Subscriber","1989","1"
"503","2013-12-01 13:37:20","2013-12-01 13:45:43","150","E 2 St & Avenue C","40.7208736","-73.98085795","375","Mercer St & Bleecker St","40.72679454","-73.99695094","19307","Subscriber","1992","1"
"1062","2013-12-01 13:37:27","2013-12-01 13:55:09","518","E 39 St & 2 Ave","40.74780373","-73.9734419","486","Broadway & W 29 St","40.7462009","-73.98855723","15720","Subscriber","1959","2"
"924","2013-12-01 13:37:27","2013-12-01 13:52:51","440","E 45 St & 3 Ave","40.75255434","-73.97282625","468","Broadway & W 55 St","40.7652654","-73.98192338","19076","Subscriber","1964","2"
"1057","2013-12-01 13:37:28","2013-12-01 13:55:05","410","Suffolk St & Stanton St","40.72066442","-73.98517977","505","6 Ave & W 33 St","40.74901271","-73.98848395","20038","Subscriber","1976","1"
"720","2013-12-01 13:37:30","2013-12-01 13:49:30","336","Sullivan St & Washington Sq","40.73047747","-73.99906065","401","Allen St & Rivington St","40.72019576","-73.98997825","18939","Subscriber","1961","2"
"991","2013-12-01 13:37:47","2013-12-01 13:54:18","391","Clark St & Henry St","40.69760127","-73.99344559","428","E 3 St & 1 Ave","40.72467721","-73.98783413","16899","Subscriber","1987","1"
"309","2013-12-01 13:37:52","2013-12-01 13:43:01","72","W 52 St & 11 Ave","40.76727216","-73.99392888","498","Broadway & W 32 St","40.74854862","-73.98808416","20041","Subscriber","1977","1"
"233","2013-12-01 13:37:57","2013-12-01 13:41:50","368","Carmine St & 6 Ave","40.73038599","-74.00214988","348","W Broadway & Spring St","40.72490985","-74.00154702","16593","Subscriber","1983","2"
"274","2013-12-01 13:38:01","2013-12-01 13:42:35","305","E 58 St & 3 Ave","40.76095756","-73.96724467","228","E 48 St & 3 Ave","40.7546011026","-73.971878855","15831","Subscriber","1993","1"
"328","2013-12-01 13:38:03","2013-12-01 13:43:31","314","Montague St & Clinton St","40.69424674","-73.99215922","217","Old Fulton St","40.70277159","-73.99383605","15393","Subscriber","1970","1"
"1522","2013-12-01 13:38:07","2013-12-01 14:03:29","515","W 43 St & 10 Ave","40.76009437","-73.99461843","495","W 47 St & 10 Ave","40.76269882","-73.99301222","17068","Subscriber","1967","1"
"514","2013-12-01 13:38:08","2013-12-01 13:46:42","376","John St & William St","40.70862144","-74.00722156","355","Bayard St & Baxter St","40.71602118","-73.99974372","19074","Subscriber","1975","1"
"67","2013-12-01 13:38:17","2013-12-01 13:39:24","376","John St & William St","40.70862144","-74.00722156","376","John St & William St","40.70862144","-74.00722156","15372","Subscriber","1945","2"
"876","2013-12-01 13:38:18","2013-12-01 13:52:54","505","6 Ave & W 33 St","40.74901271","-73.98848395","357","E 11 St & Broadway","40.73261787","-73.99158043","16116","Subscriber","1970","1"
"464","2013-12-01 13:38:23","2013-12-01 13:46:07","161","LaGuardia Pl & W 3 St","40.72917025","-73.99810231","503","E 20 St & Park Ave","40.73827428","-73.98751968","17284","Subscriber","1989","1"
"1435","2013-12-01 13:38:25","2013-12-01 14:02:20","461","E 20 St & 2 Ave","40.73587678","-73.98205027","473","Rivington St & Chrystie St","40.72110063","-73.9919254","19099","Subscriber","1976","1"
"613","2013-12-01 13:38:26","2013-12-01 13:48:39","334","W 20 St & 7 Ave","40.74238787","-73.99726235","284","Greenwich Ave & 8 Ave","40.7390169121","-74.0026376103","17057","Subscriber","1960","2"
"906","2013-12-01 13:38:31","2013-12-01 13:53:37","469","Broadway & W 53 St","40.76344058","-73.98268129","281","Grand Army Plaza & Central Park S","40.7643971","-73.97371465","16381","Subscriber","1969","1"
"458","2013-12-01 13:38:34","2013-12-01 13:46:12","446","W 24 St & 7 Ave","40.74487634","-73.99529885","380","W 4 St & 7 Ave S","40.73401143","-74.00293877","20936","Subscriber","1984","1"
"663","2013-12-01 13:38:35","2013-12-01 13:49:38","289","Monroe St & Classon Ave","40.6845683","-73.95881081","289","Monroe St & Classon Ave","40.6845683","-73.95881081","19186","Subscriber","1989","1"
"189","2013-12-01 13:38:36","2013-12-01 13:41:45","482","W 15 St & 7 Ave","40.73935542","-73.99931783","404","9 Ave & W 14 St","40.7405826","-74.00550867","20907","Subscriber","1972","1"
"357","2013-12-01 13:38:39","2013-12-01 13:44:36","446","W 24 St & 7 Ave","40.74487634","-73.99529885","463","9 Ave & W 16 St","40.74206539","-74.00443172","20349","Subscriber","1967","2"
"939","2013-12-01 13:38:41","2013-12-01 13:54:20","228","E 48 St & 3 Ave","40.7546011026","-73.971878855","514","12 Ave & W 40 St","40.76087502","-74.00277668","17129","Subscriber","1987","1"
"984","2013-12-01 13:38:42","2013-12-01 13:55:06","426","West St & Chambers St","40.71754834","-74.01322069","345","W 13 St & 6 Ave","40.73649403","-73.99704374","16024","Subscriber","1984","1"
"775","2013-12-01 13:38:42","2013-12-01 13:51:37","350","Clinton St & Grand St","40.71559509","-73.9870295","471","Grand St & Havemeyer St","40.71286844","-73.95698119","14932","Subscriber","1983","1"
"611","2013-12-01 13:38:44","2013-12-01 13:48:55","490","8 Ave & W 33 St","40.751551","-73.993934","334","W 20 St & 7 Ave","40.74238787","-73.99726235","17310","Subscriber","1983","1"
"661","2013-12-01 13:38:47","2013-12-01 13:49:48","250","Lafayette St & Jersey St","40.72456089","-73.99565293","377","6 Ave & Canal St","40.72243797","-74.00566443","18127","Subscriber","1970","1"
"714","2013-12-01 13:38:47","2013-12-01 13:50:41","385","E 55 St & 2 Ave","40.75797322","-73.96603308","468","Broadway & W 55 St","40.7652654","-73.98192338","17084","Subscriber","1972","1"
"3111","2013-12-01 13:38:55","2013-12-01 14:30:46","457","Broadway & W 58 St","40.76695317","-73.98169333","281","Grand Army Plaza & Central Park S","40.7643971","-73.97371465","19887","Customer",\N,"0"
"1357","2013-12-01 13:38:55","2013-12-01 14:01:32","314","Montague St & Clinton St","40.69424674","-73.99215922","83","Atlantic Ave & Fort Greene Pl","40.68382604","-73.97632328","19620","Subscriber","1990","1"
"509","2013-12-01 13:39:00","2013-12-01 13:47:29","346","Bank St & Hudson St","40.73652889","-74.00618026","442","W 27 St & 7 Ave","40.746647","-73.993915","20132","Subscriber","1987","1"
"1402","2013-12-01 13:39:10","2013-12-01 14:02:32","501","FDR Drive & E 35 St","40.744219","-73.97121214","337","Old Slip & Front St","40.7037992","-74.00838676","17440","Subscriber","1980","1"
"1370","2013-12-01 13:39:11","2013-12-01 14:02:01","355","Bayard St & Baxter St","40.71602118","-73.99974372","306","Cliff St & Fulton St","40.70823502","-74.00530063","18157","Subscriber","1989","2"
"1225","2013-12-01 13:39:12","2013-12-01 13:59:37","500","Broadway & W 51 St","40.76228826","-73.98336183","383","Greenwich Ave & Charles St","40.735238","-74.000271","14856","Subscriber","1973","1"
"895","2013-12-01 13:39:12","2013-12-01 13:54:07","307","Canal St & Rutgers St","40.71427487","-73.98990025","461","E 20 St & 2 Ave","40.73587678","-73.98205027","19188","Subscriber","1990","1"
"624","2013-12-01 13:39:15","2013-12-01 13:49:39","289","Monroe St & Classon Ave","40.6845683","-73.95881081","274","Lafayette Ave & Fort Greene Pl","40.68691865","-73.976682","16512","Subscriber","1983","2"
"889","2013-12-01 13:39:25","2013-12-01 13:54:14","251","Mott St & Prince St","40.72317958","-73.99480012","404","9 Ave & W 14 St","40.7405826","-74.00550867","18535","Subscriber","1974","2"
"294","2013-12-01 13:39:28","2013-12-01 13:44:22","504","1 Ave & E 15 St","40.73221853","-73.98165557","285","Broadway & E 14 St","40.73454567","-73.99074142","20633","Subscriber","1989","2"
"1099","2013-12-01 13:39:31","2013-12-01 13:57:50","128","MacDougal St & Prince St","40.72710258","-74.00297088","307","Canal St & Rutgers St","40.71427487","-73.98990025","20652","Subscriber","1972","1"
"274","2013-12-01 13:39:37","2013-12-01 13:44:11","82","St James Pl & Pearl St","40.71117416","-74.00016545","306","Cliff St & Fulton St","40.70823502","-74.00530063","14963","Subscriber","1954","1"
